{"type":"FeatureCollection","features":[{"type":"Feature","properties":{"kind":"okrsok","area":"yes","src":"flourish-2023","okrsok":"1","mcnorm":"cunovo","obec":"Čunovo","name":"Čunovo okrsok 1","volici":"778","ucast_rel":"80.97","vitaz":"PS"},"geometry":{"type":"MultiPolygon","coordinates":[[[[17.193625,48.025769],[17.191701,48.026351],[17.192247,48.027052],[17.189404,48.027897],[17.190156,48.028905],[17.194864,48.027494],[17.198168,48.032571],[17.198763,48.032429],[17.199938,48.031994],[17.199829,48.032415],[17.199974,48.032869],[17.2015,48.033051],[17.202816,48.0328],[17.203762,48.032156],[17.201165,48.028747],[17.20127,48.028342],[17.200476,48.026525],[17.199554,48.025116],[17.197634,48.025952],[17.197467,48.025743],[17.195879,48.02605],[17.193476,48.022584],[17.191733,48.023139],[17.193625,48.025769]]]]}},{"type":"Feature","properties":{"kind":"okrsok","area":"yes","src":"flourish-2023","okrsok":"2","mcnorm":"cunovo","obec":"Čunovo","name":"Čunovo okrsok 2","volici":"577","ucast_rel":"88.04","vitaz":"PS"},"geometry":{"type":"MultiPolygon","coordinates":[[[[17.190156,48.028905],[17.188754,48.029325],[17.191379,48.033311],[17.192358,48.033041],[17.193735,48.0354],[17.197048,48.03423],[17.198595,48.033345],[17.199121,48.033163],[17.199974,48.032869],[17.199829,48.032415],[17.199938,48.031994],[17.198763,48.032429],[17.198168,48.032571],[17.194864,48.027494],[17.190156,48.028905]]]]}},{"type":"Feature","properties":{"kind":"okrsok","area":"yes","src":"flourish-2023","okrsok":"1","mcnorm":"devin","obec":"Devín","name":"Devín okrsok 1","volici":"726","ucast_rel":"71.9","vitaz":"PS"},"geometry":{"type":"MultiPolygon","coordinates":[[[[16.979766,48.174816],[16.979982,48.174923],[16.980047,48.175305],[16.979867,48.175801],[16.979982,48.176085],[16.980309,48.177738],[16.980412,48.178111],[16.981053,48.178289],[16.980031,48.179691],[16.979654,48.17962],[16.979507,48.180275],[16.979671,48.180357],[16.979605,48.180488],[16.978844,48.182702],[16.978717,48.183182],[16.979466,48.183208],[16.980516,48.179962],[16.980137,48.17984],[16.980343,48.179494],[16.981294,48.179811],[16.987254,48.17363],[16.986702,48.173392],[16.986984,48.17306],[16.987481,48.172944],[16.98892,48.170492],[16.986995,48.170939],[16.986097,48.1713],[16.982646,48.171401],[16.982565,48.171464],[16.982565,48.171464],[16.981618,48.173046],[16.980914,48.173603],[16.980113,48.174476],[16.979766,48.174816]]]]}},{"type":"Feature","properties":{"kind":"okrsok","area":"yes","src":"flourish-2023","okrsok":"2","mcnorm":"devin","obec":"Devín","name":"Devín okrsok 2","volici":"764","ucast_rel":"82.32","vitaz":"PS"},"geometry":{"type":"MultiPolygon","coordinates":[[[[16.981018,48.17104],[16.979125,48.171654],[16.979286,48.171911],[16.980055,48.171644],[16.980554,48.171508],[16.981569,48.171426],[16.982272,48.171333],[16.982565,48.171464],[16.982646,48.171401],[16.986097,48.1713],[16.986995,48.170939],[16.98892,48.170492],[16.987481,48.172944],[16.986984,48.17306],[16.986702,48.173392],[16.987254,48.17363],[16.981294,48.179811],[16.980343,48.179494],[16.980137,48.17984],[16.980516,48.179962],[16.979608,48.182771],[16.979691,48.182738],[16.979826,48.182648],[16.980076,48.182787],[16.980423,48.182683],[16.980522,48.182765],[16.980765,48.182762],[16.980939,48.182705],[16.981393,48.182588],[16.981941,48.182411],[16.982358,48.181821],[16.982641,48.181494],[16.982964,48.181084],[16.983033,48.180883],[16.983389,48.180438],[16.984162,48.180384],[16.984173,48.180439],[16.984804,48.180603],[16.985068,48.180576],[16.985676,48.180436],[16.986658,48.180267],[16.986696,48.180271],[16.986997,48.180029],[16.984555,48.179075],[16.985332,48.178758],[16.98489,48.178513],[16.985839,48.178022],[16.987828,48.177116],[16.988179,48.176265],[16.988907,48.176647],[16.990012,48.177864],[16.990683,48.178453],[16.991034,48.178825],[16.993528,48.177561],[16.996027,48.178318],[16.996271,48.177858],[16.997416,48.178425],[16.998152,48.177869],[16.997989,48.177313],[16.998332,48.175927],[16.996794,48.1756],[16.995338,48.174366],[16.994585,48.173712],[16.993604,48.173515],[16.993325,48.172708],[16.994405,48.171988],[16.994651,48.171617],[16.994193,48.170951],[16.994782,48.170907],[16.994733,48.1707],[16.996222,48.170558],[16.997171,48.170231],[16.996056,48.169501],[16.994927,48.169392],[16.993454,48.168912],[16.99334,48.168875],[16.992505,48.169337],[16.990951,48.170036],[16.989184,48.170407],[16.987187,48.170734],[16.985764,48.170789],[16.982753,48.171007],[16.981018,48.17104],[16.981018,48.17104]]],[[[17.001457,48.164013],[17.00128,48.164421],[17.000772,48.164939],[17.000012,48.165158],[16.999439,48.165567],[16.998645,48.16596],[16.99831,48.165938],[16.99768,48.165791],[16.997377,48.165965],[16.997474,48.166303],[16.997884,48.166445],[16.997704,48.166642],[16.998621,48.166958],[16.997524,48.168814],[16.997647,48.16901],[16.998269,48.169103],[16.999224,48.169046],[16.999971,48.16853],[17.000552,48.168202],[17.00119,48.167619],[17.001803,48.16728],[17.00236,48.166986],[17.002867,48.166576],[17.003096,48.16668],[17.00335,48.167302],[17.003587,48.16802],[17.00389,48.16793],[17.003699,48.167407],[17.003388,48.166406],[17.0032,48.165555],[17.002963,48.165096],[17.002865,48.164662],[17.002601,48.164448],[17.002188,48.164268],[17.001689,48.164159],[17.001457,48.164013]]],[[[17.00902,48.157942],[17.008222,48.158216],[17.008442,48.158489],[17.009408,48.158549],[17.010648,48.158414],[17.010648,48.158414],[17.01138,48.158303],[17.012827,48.158145],[17.012938,48.158109],[17.013319,48.157736],[17.015851,48.156817],[17.015796,48.156446],[17.015061,48.156666],[17.013826,48.156933],[17.011797,48.157294],[17.009885,48.15766],[17.00902,48.157942]]],[[[17.022735,48.15349],[17.024666,48.153217],[17.025844,48.152976],[17.028102,48.152376],[17.028151,48.15242],[17.028838,48.15218],[17.028969,48.1523],[17.02964,48.152201],[17.029738,48.152944],[17.029771,48.153883],[17.029526,48.153981],[17.029542,48.154537],[17.030082,48.154363],[17.030557,48.154166],[17.030949,48.154177],[17.031178,48.153762],[17.031833,48.153806],[17.032536,48.153249],[17.032798,48.15338],[17.033404,48.152922],[17.03342,48.151743],[17.033305,48.151339],[17.032127,48.15111],[17.031064,48.15111],[17.030966,48.150488],[17.030622,48.150258],[17.029444,48.150095],[17.027971,48.150324],[17.026891,48.150739],[17.025468,48.151252],[17.024895,48.151623],[17.02303,48.152442],[17.021884,48.153086],[17.022097,48.153402],[17.022588,48.153249],[17.022735,48.15349]]]]}},{"type":"Feature","properties":{"kind":"okrsok","area":"yes","src":"flourish-2023","okrsok":"1","mcnorm":"devinskanovaves","obec":"Devínska Nová Ves","name":"Devínska Nová Ves okrsok 1","volici":"891","ucast_rel":"71.04","vitaz":"PS"},"geometry":{"type":"MultiPolygon","coordinates":[[[[16.979758,48.221432],[16.979823,48.220292],[16.980325,48.219166],[16.981947,48.219539],[16.981035,48.220603],[16.986811,48.223688],[16.98576,48.224421],[16.983539,48.223365],[16.983736,48.223162],[16.983555,48.223046],[16.979758,48.221432]]],[[[16.984707,48.224842],[16.983666,48.224323],[16.984155,48.2239],[16.983287,48.22347],[16.983101,48.223639],[16.982882,48.223552],[16.982395,48.223992],[16.982554,48.224115],[16.981462,48.225174],[16.982252,48.22557],[16.98249,48.225383],[16.983517,48.225866],[16.984707,48.224842]]],[[[16.995688,48.228321],[16.997505,48.228984],[16.998544,48.227571],[16.996683,48.226851],[16.995688,48.228321]]]]}},{"type":"Feature","properties":{"kind":"okrsok","area":"yes","src":"flourish-2023","okrsok":"2","mcnorm":"devinskanovaves","obec":"Devínska Nová Ves","name":"Devínska Nová Ves okrsok 2","volici":"1066","ucast_rel":"74.85","vitaz":"PS"},"geometry":{"type":"MultiPolygon","coordinates":[[[[16.982092,48.224563],[16.981853,48.224432],[16.981689,48.224581],[16.978889,48.223209],[16.979199,48.222922],[16.978831,48.22282],[16.978533,48.222841],[16.978482,48.22258],[16.978415,48.222585],[16.978344,48.22234],[16.978831,48.222282],[16.978768,48.221916],[16.979681,48.222345],[16.979776,48.222256],[16.980034,48.222376],[16.979936,48.222457],[16.982606,48.223801],[16.982882,48.223552],[16.983101,48.223639],[16.983287,48.22347],[16.984155,48.2239],[16.983666,48.224323],[16.984707,48.224842],[16.98576,48.224421],[16.983539,48.223365],[16.983736,48.223162],[16.983555,48.223046],[16.979758,48.221432],[16.978579,48.221317],[16.978298,48.219364],[16.978386,48.218314],[16.978019,48.218234],[16.977837,48.220337],[16.977852,48.220802],[16.977527,48.220826],[16.977123,48.221709],[16.977727,48.223046],[16.978017,48.223198],[16.97786,48.223344],[16.978162,48.22348],[16.978166,48.223589],[16.977935,48.223629],[16.978683,48.226069],[16.979248,48.226267],[16.980307,48.228779],[16.983517,48.225866],[16.98249,48.225383],[16.982252,48.22557],[16.981462,48.225174],[16.982092,48.224563]]]]}},{"type":"Feature","properties":{"kind":"okrsok","area":"yes","src":"flourish-2023","okrsok":"3","mcnorm":"devinskanovaves","obec":"Devínska Nová Ves","name":"Devínska Nová Ves okrsok 3","volici":"1037","ucast_rel":"60.17","vitaz":"PS"},"geometry":{"type":"MultiPolygon","coordinates":[[[[16.972003,48.213607],[16.971841,48.212486],[16.973431,48.212292],[16.973279,48.211138],[16.974956,48.21098],[16.975129,48.213164],[16.97435,48.213272],[16.974632,48.214209],[16.975269,48.214169],[16.9749,48.214723],[16.974645,48.214689],[16.974469,48.214841],[16.9745,48.21494],[16.974814,48.214896],[16.974998,48.215638],[16.974321,48.215744],[16.972358,48.216053],[16.972232,48.215188],[16.973399,48.214867],[16.973195,48.21353],[16.972003,48.213607]]],[[[16.976769,48.214076],[16.978569,48.213964],[16.979153,48.212724],[16.980407,48.212566],[16.984215,48.208601],[16.983371,48.208097],[16.980732,48.20863],[16.975951,48.208572],[16.976769,48.214076]]],[[[16.976431,48.207887],[16.977768,48.207919],[16.977811,48.207087],[16.976409,48.207051],[16.976431,48.207887]]]]}},{"type":"Feature","properties":{"kind":"okrsok","area":"yes","src":"flourish-2023","okrsok":"5","mcnorm":"devinskanovaves","obec":"Devínska Nová Ves","name":"Devínska Nová Ves okrsok 5","volici":"977","ucast_rel":"72.77","vitaz":"PS"},"geometry":{"type":"MultiPolygon","coordinates":[[[[16.976448,48.208578],[16.976384,48.206042],[16.972814,48.20747],[16.972501,48.207498],[16.972868,48.2096],[16.973279,48.211138],[16.974956,48.21098],[16.975129,48.213164],[16.97435,48.213272],[16.974632,48.214209],[16.976769,48.214076],[16.975951,48.208572],[16.976448,48.208578]]]]}},{"type":"Feature","properties":{"kind":"okrsok","area":"yes","src":"flourish-2023","okrsok":"6","mcnorm":"devinskanovaves","obec":"Devínska Nová Ves","name":"Devínska Nová Ves okrsok 6","volici":"906","ucast_rel":"75.38","vitaz":"PS"},"geometry":{"type":"MultiPolygon","coordinates":[[[[16.970253,48.206037],[16.970242,48.206428],[16.970828,48.206757],[16.971491,48.20723],[16.971406,48.209171],[16.970697,48.209197],[16.970612,48.210774],[16.971722,48.210825],[16.971841,48.212486],[16.973431,48.212292],[16.973279,48.211138],[16.972868,48.2096],[16.972501,48.207498],[16.972814,48.20747],[16.976384,48.206042],[16.977465,48.205783],[16.977589,48.201802],[16.976937,48.201772],[16.976973,48.201568],[16.975942,48.201841],[16.975838,48.20162],[16.974135,48.20162],[16.973665,48.201687],[16.973395,48.202077],[16.97284,48.202088],[16.972485,48.202319],[16.971225,48.202707],[16.970497,48.206028],[16.970253,48.206037]]],[[[16.983371,48.208097],[16.983436,48.207902],[16.980543,48.207841],[16.980483,48.208627],[16.980732,48.20863],[16.983371,48.208097]]]]}},{"type":"Feature","properties":{"kind":"okrsok","area":"yes","src":"flourish-2023","okrsok":"7","mcnorm":"devinskanovaves","obec":"Devínska Nová Ves","name":"Devínska Nová Ves okrsok 7","volici":"865","ucast_rel":"74.91","vitaz":"PS"},"geometry":{"type":"MultiPolygon","coordinates":[[[[16.979372,48.207026],[16.979366,48.207082],[16.979345,48.207457],[16.979326,48.207816],[16.978655,48.207772],[16.978244,48.207931],[16.976431,48.207887],[16.976448,48.208578],[16.980483,48.208627],[16.980543,48.207841],[16.981178,48.207854],[16.981246,48.20708],[16.979372,48.207026]]],[[[16.978677,48.205833],[16.978666,48.206504],[16.979423,48.206511],[16.979477,48.205848],[16.978677,48.205833]]]]}},{"type":"Feature","properties":{"kind":"okrsok","area":"yes","src":"flourish-2023","okrsok":"8","mcnorm":"devinskanovaves","obec":"Devínska Nová Ves","name":"Devínska Nová Ves okrsok 8","volici":"796","ucast_rel":"73.24","vitaz":"PS"},"geometry":{"type":"MultiPolygon","coordinates":[[[[16.977768,48.207919],[16.978244,48.207931],[16.978655,48.207772],[16.978666,48.206504],[16.978677,48.205833],[16.977465,48.205783],[16.976384,48.206042],[16.976409,48.207051],[16.977811,48.207087],[16.977768,48.207919]]],[[[16.981178,48.207854],[16.982798,48.207889],[16.982849,48.207671],[16.982506,48.207664],[16.982549,48.207109],[16.981246,48.20708],[16.981178,48.207854]]]]}},{"type":"Feature","properties":{"kind":"okrsok","area":"yes","src":"flourish-2023","okrsok":"9","mcnorm":"devinskanovaves","obec":"Devínska Nová Ves","name":"Devínska Nová Ves okrsok 9","volici":"857","ucast_rel":"75.49","vitaz":"PS"},"geometry":{"type":"MultiPolygon","coordinates":[[[[17.017012,48.209208],[17.015832,48.210735],[17.017494,48.211239],[17.021659,48.208706],[17.019827,48.207311],[17.017012,48.209208]]],[[[16.979433,48.206384],[16.979423,48.206511],[16.979372,48.207026],[16.981246,48.20708],[16.982549,48.207109],[16.982506,48.207664],[16.982849,48.207671],[16.982917,48.207152],[16.983566,48.207145],[16.98362,48.206475],[16.979433,48.206384]]],[[[16.978661,48.207057],[16.978658,48.207446],[16.979345,48.207457],[16.979345,48.207457],[16.979345,48.207457],[16.979366,48.207082],[16.979366,48.207082],[16.979366,48.207082],[16.978661,48.207057]]]]}},{"type":"Feature","properties":{"kind":"okrsok","area":"yes","src":"flourish-2023","okrsok":"10","mcnorm":"devinskanovaves","obec":"Devínska Nová Ves","name":"Devínska Nová Ves okrsok 10","volici":"892","ucast_rel":"74.43","vitaz":"PS"},"geometry":{"type":"MultiPolygon","coordinates":[[[[16.978658,48.207446],[16.978655,48.207772],[16.979326,48.207816],[16.979345,48.207457],[16.978658,48.207446]]],[[[16.978666,48.206504],[16.978661,48.207057],[16.979366,48.207082],[16.979372,48.207026],[16.979423,48.206511],[16.978666,48.206504]]],[[[16.979477,48.205848],[16.979433,48.206384],[16.98362,48.206475],[16.983666,48.205974],[16.979477,48.205848]]]]}},{"type":"Feature","properties":{"kind":"okrsok","area":"yes","src":"flourish-2023","okrsok":"11","mcnorm":"devinskanovaves","obec":"Devínska Nová Ves","name":"Devínska Nová Ves okrsok 11","volici":"878","ucast_rel":"77.22","vitaz":"PS"},"geometry":{"type":"MultiPolygon","coordinates":[[[[16.985875,48.202789],[16.984923,48.202818],[16.984756,48.205125],[16.984756,48.205125],[16.984696,48.205961],[16.985507,48.205983],[16.985875,48.202789]]],[[[16.980521,48.203979],[16.980099,48.204296],[16.980062,48.204649],[16.980062,48.204649],[16.97998,48.205435],[16.97998,48.205435],[16.980726,48.205449],[16.98077,48.20501],[16.982381,48.205024],[16.982435,48.204642],[16.98303,48.204678],[16.983084,48.204058],[16.980521,48.203979]]]]}},{"type":"Feature","properties":{"kind":"okrsok","area":"yes","src":"flourish-2023","okrsok":"12","mcnorm":"devinskanovaves","obec":"Devínska Nová Ves","name":"Devínska Nová Ves okrsok 12","volici":"869","ucast_rel":"73.99","vitaz":"PS"},"geometry":{"type":"MultiPolygon","coordinates":[[[[16.985507,48.205983],[16.986892,48.205954],[16.987,48.20369],[16.985774,48.203666],[16.985507,48.205983]]],[[[16.98969,48.205255],[16.991573,48.204793],[16.990729,48.203957],[16.989128,48.204606],[16.98969,48.205255]]],[[[16.977549,48.203078],[16.97961,48.203049],[16.979566,48.202703],[16.977561,48.202703],[16.977549,48.203078]]],[[[16.980521,48.203979],[16.983084,48.204058],[16.98303,48.204678],[16.983644,48.204808],[16.983806,48.20338],[16.980572,48.203308],[16.980521,48.203979]]]]}},{"type":"Feature","properties":{"kind":"okrsok","area":"yes","src":"flourish-2023","okrsok":"13","mcnorm":"devinskanovaves","obec":"Devínska Nová Ves","name":"Devínska Nová Ves okrsok 13","volici":"931","ucast_rel":"74.86","vitaz":"PS"},"geometry":{"type":"MultiPolygon","coordinates":[[[[16.978677,48.205833],[16.978744,48.204656],[16.980062,48.204649],[16.980099,48.204296],[16.980521,48.203979],[16.980572,48.203308],[16.97961,48.203049],[16.977549,48.203078],[16.977465,48.205783],[16.978677,48.205833]]],[[[16.977561,48.202703],[16.979566,48.202703],[16.979583,48.20249],[16.977568,48.202461],[16.977561,48.202703]]],[[[16.980356,48.202523],[16.980334,48.202847],[16.981211,48.202847],[16.981265,48.202306],[16.981302,48.20187],[16.981064,48.201798],[16.980356,48.202523]]]]}},{"type":"Feature","properties":{"kind":"okrsok","area":"yes","src":"flourish-2023","okrsok":"14","mcnorm":"devinskanovaves","obec":"Devínska Nová Ves","name":"Devínska Nová Ves okrsok 14","volici":"819","ucast_rel":"74.11","vitaz":"PS"},"geometry":{"type":"MultiPolygon","coordinates":[[[[16.984696,48.205961],[16.984756,48.205125],[16.983682,48.205103],[16.983644,48.204808],[16.98303,48.204678],[16.982435,48.204642],[16.982381,48.205024],[16.98077,48.20501],[16.980726,48.205449],[16.980686,48.205884],[16.983666,48.205974],[16.984696,48.205961]]]]}},{"type":"Feature","properties":{"kind":"okrsok","area":"yes","src":"flourish-2023","okrsok":"15","mcnorm":"devinskanovaves","obec":"Devínska Nová Ves","name":"Devínska Nová Ves okrsok 15","volici":"878","ucast_rel":"74.6","vitaz":"PS"},"geometry":{"type":"MultiPolygon","coordinates":[[[[16.980062,48.204649],[16.978744,48.204656],[16.978677,48.205833],[16.979477,48.205848],[16.980686,48.205884],[16.980726,48.205449],[16.97998,48.205435],[16.97998,48.205435],[16.980062,48.204649]]],[[[16.979583,48.20249],[16.979566,48.202703],[16.97961,48.203049],[16.980572,48.203308],[16.983806,48.20338],[16.983644,48.204808],[16.983682,48.205103],[16.984756,48.205125],[16.984923,48.202818],[16.981211,48.202847],[16.980334,48.202847],[16.980356,48.202523],[16.979583,48.20249]]]]}},{"type":"Feature","properties":{"kind":"okrsok","area":"yes","src":"flourish-2023","okrsok":"1","mcnorm":"dubravka","obec":"Dúbravka","name":"Dúbravka okrsok 1","volici":"882","ucast_rel":"66.89","vitaz":"PS"},"geometry":{"type":"MultiPolygon","coordinates":[[[[17.036911,48.179833],[17.03743,48.180179],[17.038653,48.179277],[17.039107,48.179559],[17.041054,48.178556],[17.042125,48.179263],[17.040871,48.180188],[17.0406,48.180388],[17.041562,48.180987],[17.043769,48.179314],[17.045478,48.178062],[17.042514,48.176497],[17.041485,48.177222],[17.040946,48.176903],[17.039597,48.177618],[17.040148,48.178048],[17.036911,48.179833]]]]}},{"type":"Feature","properties":{"kind":"okrsok","area":"yes","src":"flourish-2023","okrsok":"2","mcnorm":"dubravka","obec":"Dúbravka","name":"Dúbravka okrsok 2","volici":"935","ucast_rel":"68.77","vitaz":"PS"},"geometry":{"type":"MultiPolygon","coordinates":[[[[17.038231,48.184138],[17.036522,48.183778],[17.036717,48.183114],[17.037604,48.182609],[17.03782,48.181975],[17.039302,48.182105],[17.040016,48.181326],[17.038274,48.180237],[17.039107,48.179559],[17.038653,48.179277],[17.03743,48.180179],[17.036911,48.179833],[17.036197,48.180269],[17.035716,48.179847],[17.035467,48.179984],[17.035175,48.179699],[17.0363,48.179108],[17.036073,48.178877],[17.036452,48.178603],[17.036906,48.178906],[17.038853,48.177038],[17.037663,48.176461],[17.035413,48.178235],[17.033899,48.17698],[17.032471,48.177182],[17.031368,48.178019],[17.030957,48.178697],[17.032709,48.179923],[17.035435,48.180673],[17.036073,48.182014],[17.035835,48.182101],[17.034916,48.183212],[17.036635,48.18513],[17.037717,48.185317],[17.038231,48.184138]]]]}},{"type":"Feature","properties":{"kind":"okrsok","area":"yes","src":"flourish-2023","okrsok":"3","mcnorm":"dubravka","obec":"Dúbravka","name":"Dúbravka okrsok 3","volici":"936","ucast_rel":"74.67","vitaz":"PS"},"geometry":{"type":"MultiPolygon","coordinates":[[[[17.030408,48.185222],[17.029164,48.185373],[17.029781,48.187602],[17.031176,48.18745],[17.031533,48.186282],[17.030765,48.186174],[17.030408,48.185222]]],[[[17.041772,48.180828],[17.041562,48.180987],[17.040851,48.181591],[17.040016,48.181326],[17.039302,48.182105],[17.038889,48.182068],[17.037649,48.183235],[17.038558,48.183394],[17.038231,48.184138],[17.037717,48.185317],[17.038926,48.185507],[17.039185,48.184988],[17.039726,48.185074],[17.039867,48.184613],[17.039304,48.184108],[17.042668,48.18131],[17.041772,48.180828]]],[[[17.038853,48.177038],[17.036906,48.178906],[17.036452,48.178603],[17.036073,48.178877],[17.0363,48.179108],[17.035175,48.179699],[17.035467,48.179984],[17.035716,48.179847],[17.036197,48.180269],[17.036911,48.179833],[17.040148,48.178048],[17.038853,48.177038]]],[[[17.041339,48.178745],[17.039786,48.179672],[17.040871,48.180188],[17.042125,48.179263],[17.041339,48.178745]]]]}},{"type":"Feature","properties":{"kind":"okrsok","area":"yes","src":"flourish-2023","okrsok":"4","mcnorm":"dubravka","obec":"Dúbravka","name":"Dúbravka okrsok 4","volici":"874","ucast_rel":"68.64","vitaz":"PS"},"geometry":{"type":"MultiPolygon","coordinates":[[[[17.038231,48.184138],[17.038558,48.183394],[17.037649,48.183235],[17.038889,48.182068],[17.03782,48.181975],[17.037604,48.182609],[17.036717,48.183114],[17.036522,48.183778],[17.038231,48.184138]]],[[[17.040016,48.181326],[17.040851,48.181591],[17.041562,48.180987],[17.0406,48.180388],[17.040871,48.180188],[17.039786,48.179672],[17.041339,48.178745],[17.041054,48.178556],[17.039107,48.179559],[17.038274,48.180237],[17.040016,48.181326]]],[[[17.03403,48.180995],[17.03271,48.181687],[17.033998,48.182625],[17.03244,48.183959],[17.033262,48.184384],[17.03377,48.183671],[17.034733,48.182791],[17.034787,48.182279],[17.034182,48.181868],[17.03403,48.180995]]]]}},{"type":"Feature","properties":{"kind":"okrsok","area":"yes","src":"flourish-2023","okrsok":"5","mcnorm":"dubravka","obec":"Dúbravka","name":"Dúbravka okrsok 5","volici":"933","ucast_rel":"79.52","vitaz":"PS"},"geometry":{"type":"MultiPolygon","coordinates":[[[[17.023286,48.184314],[17.024518,48.184537],[17.024544,48.184993],[17.025896,48.185091],[17.02594,48.185322],[17.027237,48.185372],[17.027573,48.185726],[17.029222,48.185582],[17.029164,48.185373],[17.030408,48.185222],[17.030765,48.186174],[17.031533,48.186282],[17.032191,48.186353],[17.032527,48.18605],[17.033349,48.186173],[17.033716,48.186058],[17.033435,48.185719],[17.033673,48.185607],[17.036119,48.184554],[17.034916,48.183212],[17.035835,48.182101],[17.036073,48.182014],[17.035435,48.180673],[17.032709,48.179923],[17.031326,48.181168],[17.030353,48.182322],[17.029076,48.182322],[17.028211,48.183793],[17.023841,48.183433],[17.023286,48.184314]],[[17.033262,48.184384],[17.03244,48.183959],[17.033998,48.182625],[17.03271,48.181687],[17.03403,48.180995],[17.034182,48.181868],[17.034787,48.182279],[17.034733,48.182791],[17.03377,48.183671],[17.033262,48.184384]]]]}},{"type":"Feature","properties":{"kind":"okrsok","area":"yes","src":"flourish-2023","okrsok":"6","mcnorm":"dubravka","obec":"Dúbravka","name":"Dúbravka okrsok 6","volici":"1234","ucast_rel":"73.74","vitaz":"PS"},"geometry":{"type":"MultiPolygon","coordinates":[[[[17.034663,48.190561],[17.035085,48.189385],[17.034371,48.18927],[17.035474,48.186314],[17.034565,48.186184],[17.032099,48.187424],[17.030693,48.189407],[17.031829,48.189595],[17.031678,48.190063],[17.034663,48.190561]]]]}},{"type":"Feature","properties":{"kind":"okrsok","area":"yes","src":"flourish-2023","okrsok":"7","mcnorm":"dubravka","obec":"Dúbravka","name":"Dúbravka okrsok 7","volici":"1271","ucast_rel":"50.74","vitaz":"PS"},"geometry":{"type":"MultiPolygon","coordinates":[[[[17.023714,48.185587],[17.024544,48.184993],[17.025896,48.185091],[17.02594,48.185322],[17.027237,48.185372],[17.027573,48.185726],[17.029222,48.185582],[17.029781,48.187602],[17.031176,48.18745],[17.031533,48.186282],[17.032191,48.186353],[17.032527,48.18605],[17.033349,48.186173],[17.033716,48.186058],[17.033435,48.185719],[17.036119,48.184554],[17.036635,48.18513],[17.037717,48.185317],[17.036431,48.188376],[17.035674,48.188246],[17.035085,48.189385],[17.034371,48.18927],[17.035474,48.186314],[17.034565,48.186184],[17.032099,48.187424],[17.030693,48.189407],[17.031267,48.189502],[17.030082,48.191022],[17.027962,48.190965],[17.02793,48.190489],[17.02595,48.190489],[17.025961,48.190727],[17.025507,48.190727],[17.025485,48.190972],[17.025053,48.190965],[17.025063,48.190662],[17.024663,48.190676],[17.02409,48.191751],[17.024057,48.192803],[17.02303,48.192767],[17.02277,48.191743],[17.022597,48.190792],[17.022953,48.190243],[17.023789,48.190243],[17.023894,48.189776],[17.023317,48.18968],[17.023265,48.189356],[17.02376,48.189271],[17.024273,48.188494],[17.02397,48.187273],[17.023853,48.186698],[17.023702,48.186372],[17.023993,48.185804],[17.023714,48.185587]]]]}},{"type":"Feature","properties":{"kind":"okrsok","area":"yes","src":"flourish-2023","okrsok":"8","mcnorm":"dubravka","obec":"Dúbravka","name":"Dúbravka okrsok 8","volici":"706","ucast_rel":"79.17","vitaz":"PS"},"geometry":{"type":"MultiPolygon","coordinates":[[[[17.024347,48.195985],[17.024057,48.195276],[17.024159,48.194507],[17.024081,48.19447],[17.024026,48.193754],[17.024214,48.193524],[17.024214,48.193305],[17.024057,48.192803],[17.02409,48.191751],[17.024663,48.190676],[17.025063,48.190662],[17.025053,48.190965],[17.025485,48.190972],[17.025507,48.190727],[17.025961,48.190727],[17.02595,48.190489],[17.02793,48.190489],[17.027962,48.190965],[17.029401,48.191004],[17.029422,48.191621],[17.026307,48.19121],[17.02594,48.191203],[17.02528,48.192601],[17.025583,48.193986],[17.024815,48.194649],[17.025042,48.195226],[17.025853,48.195204],[17.026084,48.195741],[17.024347,48.195985]]]]}},{"type":"Feature","properties":{"kind":"okrsok","area":"yes","src":"flourish-2023","okrsok":"10","mcnorm":"dubravka","obec":"Dúbravka","name":"Dúbravka okrsok 10","volici":"874","ucast_rel":"73.68","vitaz":"PS"},"geometry":{"type":"MultiPolygon","coordinates":[[[[17.033329,48.190338],[17.031678,48.190063],[17.031829,48.189595],[17.031267,48.189502],[17.030082,48.191022],[17.032632,48.191677],[17.033329,48.190338]]]]}},{"type":"Feature","properties":{"kind":"okrsok","area":"yes","src":"flourish-2023","okrsok":"11","mcnorm":"dubravka","obec":"Dúbravka","name":"Dúbravka okrsok 11","volici":"981","ucast_rel":"75.73","vitaz":"PS"},"geometry":{"type":"MultiPolygon","coordinates":[[[[17.025853,48.195204],[17.02678,48.195044],[17.026802,48.194193],[17.026283,48.19415],[17.026337,48.193768],[17.026748,48.193775],[17.026802,48.19291],[17.02757,48.192888],[17.027429,48.192484],[17.027515,48.191369],[17.026307,48.19121],[17.02594,48.191203],[17.02528,48.192601],[17.025583,48.193986],[17.024815,48.194649],[17.025042,48.195226],[17.025853,48.195204]]]]}},{"type":"Feature","properties":{"kind":"okrsok","area":"yes","src":"flourish-2023","okrsok":"12","mcnorm":"dubravka","obec":"Dúbravka","name":"Dúbravka okrsok 12","volici":"819","ucast_rel":"70.94","vitaz":"PS"},"geometry":{"type":"MultiPolygon","coordinates":[[[[17.034833,48.190085],[17.034663,48.190561],[17.033329,48.190338],[17.032757,48.191437],[17.033489,48.191583],[17.03297,48.192535],[17.033143,48.193645],[17.032775,48.194482],[17.033951,48.194724],[17.035129,48.191813],[17.035728,48.190263],[17.034833,48.190085]]]]}},{"type":"Feature","properties":{"kind":"okrsok","area":"yes","src":"flourish-2023","okrsok":"12","mcnorm":"dubravka","obec":"Dúbravka","name":"Dúbravka okrsok 12","volici":"819","ucast_rel":"70.94","vitaz":"PS"},"geometry":{"type":"MultiPolygon","coordinates":[[[[17.028462,48.196704],[17.028752,48.196111],[17.029065,48.196169],[17.029293,48.195534],[17.028698,48.19544],[17.028968,48.194316],[17.028492,48.193833],[17.028384,48.193414],[17.026771,48.193407],[17.026748,48.193775],[17.026337,48.193768],[17.026283,48.19415],[17.026802,48.194193],[17.02678,48.195044],[17.025853,48.195204],[17.026351,48.196358],[17.028462,48.196704]]]]}},{"type":"Feature","properties":{"kind":"okrsok","area":"yes","src":"flourish-2023","okrsok":"14","mcnorm":"dubravka","obec":"Dúbravka","name":"Dúbravka okrsok 14","volici":"802","ucast_rel":"76.93","vitaz":"PS"},"geometry":{"type":"MultiPolygon","coordinates":[[[[17.032775,48.194482],[17.033143,48.193645],[17.03297,48.192535],[17.033489,48.191583],[17.032757,48.191437],[17.032632,48.191677],[17.031879,48.191483],[17.031272,48.193551],[17.031672,48.193638],[17.030796,48.19451],[17.030666,48.194719],[17.031975,48.194936],[17.032235,48.194395],[17.032775,48.194482]]]]}},{"type":"Feature","properties":{"kind":"okrsok","area":"yes","src":"flourish-2023","okrsok":"15","mcnorm":"dubravka","obec":"Dúbravka","name":"Dúbravka okrsok 15","volici":"997","ucast_rel":"74.82","vitaz":"PS"},"geometry":{"type":"MultiPolygon","coordinates":[[[[17.029444,48.196517],[17.029725,48.196371],[17.030122,48.195445],[17.030007,48.195082],[17.031763,48.195427],[17.031686,48.195613],[17.032267,48.195707],[17.032524,48.195076],[17.033731,48.195269],[17.033951,48.194725],[17.032775,48.194482],[17.032235,48.194395],[17.031975,48.194936],[17.030666,48.194719],[17.029455,48.194438],[17.029422,48.191621],[17.027515,48.191369],[17.027429,48.192484],[17.02757,48.192888],[17.026802,48.19291],[17.026771,48.193407],[17.028384,48.193414],[17.028492,48.193833],[17.028968,48.194316],[17.028698,48.19544],[17.029293,48.195534],[17.029065,48.196169],[17.028752,48.196111],[17.028462,48.196704],[17.029249,48.196834],[17.029444,48.196517]]]]}},{"type":"Feature","properties":{"kind":"okrsok","area":"yes","src":"flourish-2023","okrsok":"16","mcnorm":"dubravka","obec":"Dúbravka","name":"Dúbravka okrsok 16","volici":"717","ucast_rel":"71.26","vitaz":"PS"},"geometry":{"type":"MultiPolygon","coordinates":[[[[17.030666,48.194719],[17.030796,48.19451],[17.031672,48.193638],[17.031272,48.193551],[17.031879,48.191483],[17.030082,48.191022],[17.029401,48.191004],[17.029422,48.191621],[17.029455,48.194438],[17.030666,48.194719]]]]}},{"type":"Feature","properties":{"kind":"okrsok","area":"yes","src":"flourish-2023","okrsok":"17","mcnorm":"dubravka","obec":"Dúbravka","name":"Dúbravka okrsok 17","volici":"878","ucast_rel":"75.96","vitaz":"PS"},"geometry":{"type":"MultiPolygon","coordinates":[[[[17.035728,48.190263],[17.036291,48.188834],[17.038638,48.189129],[17.039487,48.18706],[17.038935,48.186966],[17.039465,48.185603],[17.038926,48.185507],[17.037717,48.185317],[17.036431,48.188376],[17.035674,48.188246],[17.035085,48.189385],[17.034833,48.190085],[17.035728,48.190263]]]]}},{"type":"Feature","properties":{"kind":"okrsok","area":"yes","src":"flourish-2023","okrsok":"18","mcnorm":"dubravka","obec":"Dúbravka","name":"Dúbravka okrsok 18","volici":"1060","ucast_rel":"77.64","vitaz":"PS"},"geometry":{"type":"MultiPolygon","coordinates":[[[[17.031648,48.195719],[17.031409,48.196332],[17.033174,48.196618],[17.033731,48.195269],[17.032524,48.195076],[17.032267,48.195707],[17.031686,48.195613],[17.031648,48.195719]]],[[[17.038638,48.189129],[17.036291,48.188834],[17.035979,48.189625],[17.037848,48.189915],[17.038638,48.189129]]],[[[17.036604,48.19825],[17.035786,48.19904],[17.035273,48.19939],[17.032254,48.198869],[17.032797,48.19753],[17.036604,48.19825]]]]}},{"type":"Feature","properties":{"kind":"okrsok","area":"yes","src":"flourish-2023","okrsok":"19","mcnorm":"dubravka","obec":"Dúbravka","name":"Dúbravka okrsok 19","volici":"834","ucast_rel":"73.86","vitaz":"PS"},"geometry":{"type":"MultiPolygon","coordinates":[[[[17.036204,48.194811],[17.03642,48.194278],[17.03787,48.194516],[17.038822,48.192403],[17.037015,48.192079],[17.036821,48.19143],[17.036886,48.190514],[17.035728,48.190263],[17.035129,48.191812],[17.036864,48.192129],[17.036475,48.193146],[17.035512,48.194054],[17.035263,48.194624],[17.036204,48.194811]]]]}},{"type":"Feature","properties":{"kind":"okrsok","area":"yes","src":"flourish-2023","okrsok":"20","mcnorm":"dubravka","obec":"Dúbravka","name":"Dúbravka okrsok 20","volici":"992","ucast_rel":"74.69","vitaz":"PS"},"geometry":{"type":"MultiPolygon","coordinates":[[[[17.035129,48.191812],[17.035129,48.191813],[17.033951,48.194725],[17.033731,48.195269],[17.03564,48.195615],[17.036452,48.195904],[17.03776,48.196646],[17.038366,48.196848],[17.039956,48.195716],[17.040865,48.194599],[17.04185,48.193917],[17.038415,48.193307],[17.03787,48.194516],[17.03642,48.194278],[17.036204,48.194811],[17.035263,48.194624],[17.035512,48.194054],[17.036475,48.193146],[17.036864,48.192129],[17.035129,48.191812]]]]}},{"type":"Feature","properties":{"kind":"okrsok","area":"yes","src":"flourish-2023","okrsok":"21","mcnorm":"dubravka","obec":"Dúbravka","name":"Dúbravka okrsok 21","volici":"1083","ucast_rel":"74.42","vitaz":"PS"},"geometry":{"type":"MultiPolygon","coordinates":[[[[17.036604,48.19825],[17.038366,48.196848],[17.03776,48.196646],[17.036452,48.195904],[17.03564,48.195615],[17.033731,48.195269],[17.032797,48.19753],[17.036604,48.19825]]],[[[17.038822,48.192403],[17.038415,48.193307],[17.040473,48.193673],[17.041078,48.192331],[17.040348,48.191105],[17.039148,48.190903],[17.038974,48.191365],[17.036854,48.190953],[17.036821,48.19143],[17.037015,48.192079],[17.038822,48.192403]]],[[[17.007665,48.203488],[17.008762,48.203227],[17.008909,48.202747],[17.009629,48.201972],[17.009629,48.201493],[17.009334,48.201253],[17.009809,48.201111],[17.009727,48.200707],[17.009416,48.200587],[17.007502,48.200129],[17.006569,48.201558],[17.006913,48.202005],[17.007682,48.202965],[17.007665,48.203488]]],[[[17.027039,48.203118],[17.030434,48.203025],[17.029869,48.201951],[17.026932,48.202649],[17.027039,48.203118]]]]}},{"type":"Feature","properties":{"kind":"okrsok","area":"yes","src":"flourish-2023","okrsok":"22","mcnorm":"dubravka","obec":"Dúbravka","name":"Dúbravka okrsok 22","volici":"887","ucast_rel":"66.74","vitaz":"PS"},"geometry":{"type":"MultiPolygon","coordinates":[[[[17.041035,48.191215],[17.041262,48.190624],[17.040754,48.190559],[17.040602,48.190934],[17.04017,48.190869],[17.040105,48.190595],[17.040537,48.189326],[17.03912,48.189117],[17.038244,48.190004],[17.038061,48.190408],[17.037606,48.190357],[17.037848,48.189915],[17.035979,48.189625],[17.035728,48.190263],[17.036886,48.190514],[17.039148,48.190903],[17.041035,48.191215]]]]}},{"type":"Feature","properties":{"kind":"okrsok","area":"yes","src":"flourish-2023","okrsok":"23","mcnorm":"dubravka","obec":"Dúbravka","name":"Dúbravka okrsok 23","volici":"755","ucast_rel":"74.17","vitaz":"PS"},"geometry":{"type":"MultiPolygon","coordinates":[[[[17.04185,48.193917],[17.042744,48.19303],[17.044042,48.19316],[17.045015,48.190074],[17.045967,48.18768],[17.047828,48.185199],[17.046421,48.184796],[17.044345,48.186469],[17.043739,48.186396],[17.042766,48.188863],[17.040894,48.188567],[17.040537,48.189326],[17.040105,48.190595],[17.04017,48.190869],[17.040602,48.190934],[17.040754,48.190559],[17.041262,48.190624],[17.041035,48.191215],[17.040348,48.191105],[17.041078,48.192331],[17.040473,48.193673],[17.04185,48.193917]]],[[[17.036854,48.190953],[17.038974,48.191365],[17.039148,48.190903],[17.036886,48.190514],[17.036854,48.190953]]]]}},{"type":"Feature","properties":{"kind":"okrsok","area":"yes","src":"flourish-2023","okrsok":"24","mcnorm":"dubravka","obec":"Dúbravka","name":"Dúbravka okrsok 24","volici":"865","ucast_rel":"67.16","vitaz":"PS"},"geometry":{"type":"MultiPolygon","coordinates":[[[[17.040894,48.188567],[17.040424,48.188473],[17.040759,48.187478],[17.039786,48.187283],[17.040078,48.186418],[17.039219,48.186237],[17.038935,48.186966],[17.039487,48.18706],[17.038638,48.189129],[17.037848,48.189915],[17.037606,48.190357],[17.038061,48.190408],[17.038244,48.190004],[17.03912,48.189117],[17.040537,48.189326],[17.040894,48.188567]]]]}},{"type":"Feature","properties":{"kind":"okrsok","area":"yes","src":"flourish-2023","okrsok":"25","mcnorm":"dubravka","obec":"Dúbravka","name":"Dúbravka okrsok 25","volici":"845","ucast_rel":"74.31","vitaz":"PS"},"geometry":{"type":"MultiPolygon","coordinates":[[[[17.039465,48.185603],[17.039219,48.186237],[17.040078,48.186418],[17.039786,48.187283],[17.040759,48.187478],[17.040424,48.188473],[17.040894,48.188567],[17.042766,48.188863],[17.043739,48.186396],[17.042628,48.18619],[17.042628,48.18619],[17.040556,48.185806],[17.040556,48.185806],[17.039465,48.185603]]]]}},{"type":"Feature","properties":{"kind":"okrsok","area":"yes","src":"flourish-2023","okrsok":"26","mcnorm":"dubravka","obec":"Dúbravka","name":"Dúbravka okrsok 26","volici":"1010","ucast_rel":"74.85","vitaz":"PS"},"geometry":{"type":"MultiPolygon","coordinates":[[[[17.046421,48.184796],[17.043312,48.183631],[17.042663,48.184056],[17.042757,48.185722],[17.042628,48.18619],[17.043739,48.186396],[17.044345,48.186469],[17.046421,48.184796]]],[[[17.039726,48.185074],[17.039185,48.184988],[17.038926,48.185507],[17.039465,48.185603],[17.039726,48.185074]]]]}},{"type":"Feature","properties":{"kind":"okrsok","area":"yes","src":"flourish-2023","okrsok":"27","mcnorm":"dubravka","obec":"Dúbravka","name":"Dúbravka okrsok 27","volici":"868","ucast_rel":"69.81","vitaz":"PS"},"geometry":{"type":"MultiPolygon","coordinates":[[[[17.04112,48.182597],[17.039304,48.184108],[17.039867,48.184613],[17.039726,48.185074],[17.039465,48.185603],[17.040556,48.185806],[17.040748,48.183285],[17.041376,48.182737],[17.04112,48.182597]]],[[[17.044745,48.182473],[17.044334,48.182776],[17.043726,48.182446],[17.042452,48.183411],[17.043061,48.183795],[17.043312,48.183631],[17.046421,48.184796],[17.047828,48.185199],[17.048541,48.184449],[17.047417,48.184031],[17.044745,48.182473]]]]}},{"type":"Feature","properties":{"kind":"okrsok","area":"yes","src":"flourish-2023","okrsok":"28","mcnorm":"dubravka","obec":"Dúbravka","name":"Dúbravka okrsok 28","volici":"767","ucast_rel":"71.31","vitaz":"PS"},"geometry":{"type":"MultiPolygon","coordinates":[[[[17.042668,48.18131],[17.04112,48.182597],[17.041376,48.182737],[17.040748,48.183285],[17.040556,48.185806],[17.042628,48.18619],[17.042757,48.185722],[17.042663,48.184056],[17.043061,48.183795],[17.042452,48.183411],[17.043728,48.182445],[17.043726,48.182446],[17.043166,48.182142],[17.043544,48.181831],[17.042668,48.18131]]]]}},{"type":"Feature","properties":{"kind":"okrsok","area":"yes","src":"flourish-2023","okrsok":"29","mcnorm":"dubravka","obec":"Dúbravka","name":"Dúbravka okrsok 29","volici":"939","ucast_rel":"73.48","vitaz":"PS"},"geometry":{"type":"MultiPolygon","coordinates":[[[[17.048255,48.180266],[17.04778,48.180674],[17.04607,48.182142],[17.043647,48.180916],[17.042668,48.18131],[17.043544,48.181831],[17.043166,48.182142],[17.043728,48.182445],[17.044334,48.182776],[17.044745,48.182473],[17.047417,48.184031],[17.048541,48.184449],[17.051543,48.182315],[17.048255,48.180266]]]]}},{"type":"Feature","properties":{"kind":"okrsok","area":"yes","src":"flourish-2023","okrsok":"30","mcnorm":"dubravka","obec":"Dúbravka","name":"Dúbravka okrsok 30","volici":"863","ucast_rel":"79.14","vitaz":"PS"},"geometry":{"type":"MultiPolygon","coordinates":[[[[17.043769,48.179314],[17.041772,48.180828],[17.042668,48.18131],[17.043647,48.180916],[17.04607,48.182142],[17.04778,48.180674],[17.04726,48.180357],[17.046979,48.180479],[17.045929,48.179888],[17.045151,48.180378],[17.043769,48.179314]]],[[[17.061359,48.174641],[17.060191,48.175001],[17.055431,48.176069],[17.05422,48.176285],[17.052446,48.175622],[17.051927,48.177107],[17.054956,48.177483],[17.057119,48.178002],[17.059433,48.179271],[17.061294,48.178146],[17.062375,48.177165],[17.0635,48.175174],[17.0619,48.17467],[17.061359,48.174641]]]]}},{"type":"Feature","properties":{"kind":"okrsok","area":"yes","src":"flourish-2023","okrsok":"31","mcnorm":"dubravka","obec":"Dúbravka","name":"Dúbravka okrsok 31","volici":"788","ucast_rel":"75.63","vitaz":"PS"},"geometry":{"type":"MultiPolygon","coordinates":[[[[17.047887,48.177944],[17.047195,48.179351],[17.048006,48.179805],[17.04726,48.180357],[17.04778,48.180674],[17.04778,48.180674],[17.048255,48.180266],[17.051543,48.182315],[17.053393,48.181384],[17.052051,48.180476],[17.052484,48.178644],[17.047887,48.177944]]]]}},{"type":"Feature","properties":{"kind":"okrsok","area":"yes","src":"flourish-2023","okrsok":"32","mcnorm":"dubravka","obec":"Dúbravka","name":"Dúbravka okrsok 32","volici":"759","ucast_rel":"71.67","vitaz":"PS"},"geometry":{"type":"MultiPolygon","coordinates":[[[[17.048006,48.179805],[17.047195,48.179351],[17.047887,48.177944],[17.046,48.177652],[17.045478,48.178062],[17.043769,48.179314],[17.045151,48.180378],[17.045929,48.179888],[17.046979,48.180479],[17.04726,48.180357],[17.048006,48.179805]]],[[[17.053393,48.181384],[17.059433,48.179271],[17.057119,48.178002],[17.054956,48.177483],[17.051927,48.177107],[17.051106,48.178434],[17.052484,48.178644],[17.052051,48.180476],[17.053393,48.181384]]]]}},{"type":"Feature","properties":{"kind":"okrsok","area":"yes","src":"flourish-2023","okrsok":"1","mcnorm":"jarovce","obec":"Jarovce","name":"Jarovce okrsok 1","volici":"1193","ucast_rel":"84.07","vitaz":"PS"},"geometry":{"type":"MultiPolygon","coordinates":[[[[17.110417,48.061708],[17.110938,48.062029],[17.111325,48.061743],[17.110824,48.061447],[17.111168,48.061227],[17.11262,48.060528],[17.113521,48.059959],[17.114612,48.059462],[17.11518,48.059886],[17.116141,48.05932],[17.11788,48.060263],[17.118223,48.060647],[17.117249,48.062805],[17.119119,48.063699],[17.119976,48.064899],[17.119474,48.065388],[17.123764,48.068189],[17.123131,48.068367],[17.118653,48.067268],[17.117214,48.068215],[17.116641,48.067846],[17.116262,48.067919],[17.113645,48.064485],[17.112952,48.064463],[17.112606,48.064984],[17.110778,48.065765],[17.104992,48.067543],[17.104693,48.067195],[17.106696,48.066519],[17.106111,48.066038],[17.107156,48.065381],[17.106174,48.064886],[17.105411,48.064145],[17.106655,48.063412],[17.106677,48.063404],[17.107527,48.063949],[17.107706,48.063847],[17.108286,48.064198],[17.109896,48.063238],[17.108964,48.06256],[17.110416,48.061709],[17.110417,48.061708]]]]}},{"type":"Feature","properties":{"kind":"okrsok","area":"yes","src":"flourish-2023","okrsok":"2","mcnorm":"jarovce","obec":"Jarovce","name":"Jarovce okrsok 2","volici":"1186","ucast_rel":"78.58","vitaz":"PS"},"geometry":{"type":"MultiPolygon","coordinates":[[[[17.10385,48.067516],[17.104693,48.067195],[17.104992,48.067543],[17.110778,48.065765],[17.112606,48.064984],[17.112952,48.064463],[17.113645,48.064485],[17.116262,48.067919],[17.116641,48.067846],[17.117214,48.068215],[17.118653,48.067268],[17.123131,48.068367],[17.123764,48.068189],[17.125105,48.06898],[17.123987,48.069686],[17.122493,48.06956],[17.121793,48.069846],[17.124876,48.071647],[17.123225,48.072876],[17.122473,48.072415],[17.120341,48.072869],[17.119526,48.07157],[17.118471,48.071901],[17.116695,48.069407],[17.116319,48.06889],[17.114762,48.069239],[17.112811,48.067363],[17.113194,48.067058],[17.11262,48.066716],[17.111391,48.067145],[17.111668,48.067505],[17.107796,48.068833],[17.107661,48.068673],[17.106628,48.069623],[17.105933,48.069264],[17.106908,48.068295],[17.106563,48.068133],[17.106977,48.06775],[17.106736,48.067436],[17.104554,48.068213],[17.10385,48.067516]]]]}},{"type":"Feature","properties":{"kind":"okrsok","area":"yes","src":"flourish-2023","okrsok":"1","mcnorm":"karlovaves","obec":"Karlova Ves","name":"Karlova Ves okrsok 1","volici":"975","ucast_rel":"81.33","vitaz":"PS"},"geometry":{"type":"MultiPolygon","coordinates":[[[[17.052441,48.15616],[17.050966,48.158354],[17.050966,48.158354],[17.050966,48.158354],[17.050966,48.158354],[17.04919,48.160997],[17.048812,48.160875],[17.048653,48.161119],[17.048653,48.161119],[17.048109,48.161957],[17.04865,48.162094],[17.048866,48.161813],[17.050153,48.162229],[17.049466,48.16318],[17.049658,48.163239],[17.050526,48.162025],[17.052376,48.162675],[17.053674,48.162083],[17.053998,48.161492],[17.053256,48.161217],[17.054509,48.159266],[17.052796,48.158723],[17.052796,48.158723],[17.051856,48.158424],[17.053274,48.156419],[17.052441,48.15616]]]]}},{"type":"Feature","properties":{"kind":"okrsok","area":"yes","src":"flourish-2023","okrsok":"2","mcnorm":"karlovaves","obec":"Karlova Ves","name":"Karlova Ves okrsok 2","volici":"1572","ucast_rel":"59.86","vitaz":"PS"},"geometry":{"type":"MultiPolygon","coordinates":[[[[17.048866,48.161813],[17.04865,48.162094],[17.048139,48.162828],[17.049466,48.16318],[17.050153,48.162229],[17.048866,48.161813]]],[[[17.050526,48.162025],[17.049932,48.162856],[17.050712,48.163103],[17.051287,48.162292],[17.050526,48.162025]]],[[[17.048653,48.161119],[17.048812,48.160875],[17.04919,48.160997],[17.050966,48.158354],[17.050075,48.158106],[17.049707,48.158459],[17.048863,48.158481],[17.047922,48.158654],[17.046354,48.158474],[17.046051,48.158842],[17.047024,48.159051],[17.048095,48.159015],[17.047446,48.159924],[17.048014,48.160119],[17.047538,48.160772],[17.048653,48.161119]]]]}},{"type":"Feature","properties":{"kind":"okrsok","area":"yes","src":"flourish-2023","okrsok":"3","mcnorm":"karlovaves","obec":"Karlova Ves","name":"Karlova Ves okrsok 3","volici":"890","ucast_rel":"73.93","vitaz":"PS"},"geometry":{"type":"MultiPolygon","coordinates":[[[[17.047446,48.159924],[17.046565,48.16114],[17.046208,48.161075],[17.04557,48.162143],[17.04637,48.162785],[17.045786,48.163564],[17.045786,48.164502],[17.046889,48.164545],[17.04865,48.162094],[17.048109,48.161957],[17.048653,48.161119],[17.047538,48.160772],[17.048014,48.160119],[17.047446,48.159924]]],[[[17.044553,48.165901],[17.044932,48.164314],[17.044207,48.16259],[17.044391,48.161941],[17.039891,48.164235],[17.041005,48.165382],[17.043569,48.164018],[17.043947,48.164841],[17.043644,48.165584],[17.043958,48.16588],[17.044553,48.165901]]]]}},{"type":"Feature","properties":{"kind":"okrsok","area":"yes","src":"flourish-2023","okrsok":"4","mcnorm":"karlovaves","obec":"Karlova Ves","name":"Karlova Ves okrsok 4","volici":"847","ucast_rel":"77.33","vitaz":"PS"},"geometry":{"type":"MultiPolygon","coordinates":[[[[17.046051,48.158842],[17.045526,48.15873],[17.045873,48.158261],[17.045808,48.157561],[17.044888,48.157345],[17.044445,48.158045],[17.044402,48.158759],[17.043644,48.159004],[17.04345,48.159235],[17.045321,48.161306],[17.044391,48.161941],[17.044207,48.16259],[17.044932,48.164314],[17.045786,48.164502],[17.045786,48.163564],[17.04637,48.162785],[17.04557,48.162143],[17.046208,48.161075],[17.046565,48.16114],[17.047446,48.159924],[17.048095,48.159015],[17.047024,48.159051],[17.046051,48.158842]]],[[[17.048863,48.16302],[17.048544,48.163485],[17.049307,48.163715],[17.049561,48.16338],[17.050329,48.16364],[17.050712,48.163103],[17.049932,48.162856],[17.049786,48.163061],[17.049658,48.163239],[17.049466,48.16318],[17.048863,48.16302]]]]}},{"type":"Feature","properties":{"kind":"okrsok","area":"yes","src":"flourish-2023","okrsok":"5","mcnorm":"karlovaves","obec":"Karlova Ves","name":"Karlova Ves okrsok 5","volici":"823","ucast_rel":"69.86","vitaz":"PS"},"geometry":{"type":"MultiPolygon","coordinates":[[[[17.048315,48.165859],[17.04745,48.16706],[17.047893,48.167305],[17.048964,48.166851],[17.049765,48.166562],[17.050554,48.16649],[17.050432,48.165255],[17.050879,48.164979],[17.051138,48.16464],[17.05023,48.164315],[17.049548,48.16526],[17.049289,48.165401],[17.049045,48.165448],[17.048705,48.16473],[17.049307,48.163715],[17.048544,48.163485],[17.048863,48.16302],[17.048139,48.162828],[17.046889,48.164545],[17.045786,48.164502],[17.044932,48.164314],[17.044553,48.165901],[17.043958,48.16588],[17.043644,48.165584],[17.043947,48.164841],[17.043569,48.164018],[17.042266,48.164711],[17.043059,48.166097],[17.044475,48.166847],[17.046422,48.165974],[17.046368,48.165412],[17.046574,48.164957],[17.048575,48.165513],[17.048315,48.165859]]]]}},{"type":"Feature","properties":{"kind":"okrsok","area":"yes","src":"flourish-2023","okrsok":"6","mcnorm":"karlovaves","obec":"Karlova Ves","name":"Karlova Ves okrsok 6","volici":"805","ucast_rel":"73.66","vitaz":"PS"},"geometry":{"type":"MultiPolygon","coordinates":[[[[17.04745,48.16706],[17.048315,48.165859],[17.048575,48.165513],[17.046574,48.164957],[17.046368,48.165412],[17.046422,48.165974],[17.04745,48.16706]]],[[[17.05023,48.164315],[17.051138,48.16464],[17.052376,48.162675],[17.051287,48.162292],[17.050712,48.163103],[17.050329,48.16364],[17.049561,48.16338],[17.049307,48.163715],[17.048705,48.16473],[17.049045,48.165448],[17.049289,48.165401],[17.049548,48.16526],[17.05023,48.164315]]]]}},{"type":"Feature","properties":{"kind":"okrsok","area":"yes","src":"flourish-2023","okrsok":"8","mcnorm":"karlovaves","obec":"Karlova Ves","name":"Karlova Ves okrsok 8","volici":"976","ucast_rel":"80.94","vitaz":"PS"},"geometry":{"type":"MultiPolygon","coordinates":[[[[17.068424,48.146653],[17.064525,48.147241],[17.05605,48.146789],[17.052016,48.146812],[17.051948,48.14887],[17.053576,48.14835],[17.056889,48.148146],[17.057084,48.147281],[17.05844,48.147586],[17.058966,48.147507],[17.061533,48.147838],[17.062453,48.147982],[17.062271,48.148228],[17.059169,48.147804],[17.058271,48.148143],[17.058347,48.148454],[17.059016,48.148409],[17.063525,48.148867],[17.061847,48.151502],[17.060891,48.152614],[17.060891,48.152614],[17.060661,48.152882],[17.061372,48.153119],[17.058508,48.15641],[17.056033,48.159112],[17.055033,48.160389],[17.053997,48.160063],[17.053256,48.161217],[17.053998,48.161492],[17.053674,48.162083],[17.052376,48.162675],[17.051138,48.16464],[17.050879,48.164979],[17.050432,48.165255],[17.050554,48.16649],[17.049765,48.166562],[17.048964,48.166851],[17.047893,48.167305],[17.049542,48.168329],[17.049609,48.169798],[17.05344,48.17007],[17.05466,48.167605],[17.05222,48.166543],[17.056016,48.161082],[17.061237,48.155813],[17.064356,48.152443],[17.06483,48.151177],[17.066813,48.150125],[17.066508,48.149842],[17.068288,48.148225],[17.068424,48.146653]]],[[[17.043686,48.14915],[17.037745,48.150637],[17.038,48.151124],[17.038576,48.150965],[17.038669,48.151731],[17.039934,48.151629],[17.039856,48.15105],[17.040805,48.150914],[17.041389,48.151254],[17.042042,48.151078],[17.042712,48.150134],[17.043966,48.149727],[17.043686,48.14915]]],[[[17.04711,48.147787],[17.044525,48.148822],[17.045051,48.149744],[17.047068,48.14919],[17.046915,48.148777],[17.046669,48.148455],[17.046805,48.148212],[17.047237,48.148059],[17.04711,48.147787]]],[[[17.047695,48.14764],[17.047322,48.147731],[17.047542,48.148059],[17.047788,48.148002],[17.04761,48.147855],[17.047695,48.14764]]]]}},{"type":"Feature","properties":{"kind":"okrsok","area":"yes","src":"flourish-2023","okrsok":"7","mcnorm":"karlovaves","obec":"Karlova Ves","name":"Karlova Ves okrsok 7","volici":"1172","ucast_rel":"81.82","vitaz":"PS"},"geometry":{"type":"MultiPolygon","coordinates":[[[[17.056735,48.160357],[17.059093,48.161277],[17.057398,48.163651],[17.057838,48.165551],[17.059466,48.166048],[17.06011,48.165144],[17.061127,48.164827],[17.061737,48.163809],[17.062957,48.16243],[17.061601,48.161458],[17.061398,48.160463],[17.061669,48.160033],[17.058311,48.158766],[17.056735,48.160357]]],[[[17.060543,48.156514],[17.063411,48.158323],[17.064017,48.15713],[17.061563,48.155461],[17.061237,48.155813],[17.060543,48.156514]]],[[[17.073011,48.159922],[17.072773,48.159283],[17.069858,48.158983],[17.071138,48.158322],[17.069832,48.157214],[17.068332,48.158135],[17.06996,48.160464],[17.071451,48.160216],[17.073011,48.159922]]],[[[17.071519,48.15692],[17.075824,48.154794],[17.074468,48.153528],[17.071722,48.154387],[17.070909,48.155993],[17.071519,48.15692]]],[[[17.064356,48.152443],[17.065777,48.152976],[17.068049,48.150511],[17.066813,48.150125],[17.06483,48.151177],[17.064356,48.152443]]]]}},{"type":"Feature","properties":{"kind":"okrsok","area":"yes","src":"flourish-2023","okrsok":"9","mcnorm":"karlovaves","obec":"Karlova Ves","name":"Karlova Ves okrsok 9","volici":"751","ucast_rel":"86.28","vitaz":"PS"},"geometry":{"type":"MultiPolygon","coordinates":[[[[17.058125,48.149643],[17.057038,48.150934],[17.056504,48.150719],[17.055479,48.151307],[17.056928,48.151686],[17.05626,48.152548],[17.055424,48.152277],[17.054475,48.152854],[17.054542,48.153973],[17.055475,48.154233],[17.055487,48.153823],[17.055941,48.153077],[17.056301,48.153063],[17.056644,48.152673],[17.056691,48.152579],[17.056937,48.152681],[17.059452,48.149945],[17.058125,48.149643]]]]}},{"type":"Feature","properties":{"kind":"okrsok","area":"yes","src":"flourish-2023","okrsok":"10","mcnorm":"karlovaves","obec":"Karlova Ves","name":"Karlova Ves okrsok 10","volici":"702","ucast_rel":"74.78","vitaz":"PS"},"geometry":{"type":"MultiPolygon","coordinates":[[[[17.062271,48.148228],[17.062453,48.147982],[17.061533,48.147838],[17.058966,48.147507],[17.05844,48.147586],[17.057084,48.147281],[17.056889,48.148146],[17.056504,48.150719],[17.057038,48.150934],[17.058125,48.149643],[17.05807,48.149229],[17.058347,48.148454],[17.058271,48.148143],[17.059169,48.147804],[17.062271,48.148228]]],[[[17.056937,48.152681],[17.056691,48.152579],[17.056644,48.152673],[17.056301,48.153063],[17.055941,48.153077],[17.055487,48.153823],[17.055475,48.154233],[17.060661,48.152882],[17.060891,48.152614],[17.059189,48.152096],[17.05846,48.153074],[17.057231,48.153371],[17.057278,48.152797],[17.056937,48.152681]]]]}},{"type":"Feature","properties":{"kind":"okrsok","area":"yes","src":"flourish-2023","okrsok":"11","mcnorm":"karlovaves","obec":"Karlova Ves","name":"Karlova Ves okrsok 11","volici":"677","ucast_rel":"74","vitaz":"PS"},"geometry":{"type":"MultiPolygon","coordinates":[[[[17.059016,48.148409],[17.058347,48.148454],[17.05807,48.149229],[17.058125,48.149643],[17.059452,48.149945],[17.058881,48.150566],[17.059189,48.152096],[17.060891,48.152614],[17.061847,48.151502],[17.063525,48.148867],[17.059016,48.148409]]]]}},{"type":"Feature","properties":{"kind":"okrsok","area":"yes","src":"flourish-2023","okrsok":"12","mcnorm":"karlovaves","obec":"Karlova Ves","name":"Karlova Ves okrsok 12","volici":"781","ucast_rel":"73.62","vitaz":"PS"},"geometry":{"type":"MultiPolygon","coordinates":[[[[17.057231,48.153371],[17.05846,48.153074],[17.059189,48.152096],[17.058881,48.150566],[17.056937,48.152681],[17.057278,48.152797],[17.057231,48.153371]]],[[[17.054475,48.152854],[17.055424,48.152277],[17.05626,48.152548],[17.056928,48.151686],[17.055479,48.151307],[17.054371,48.151808],[17.054475,48.152854]]]]}},{"type":"Feature","properties":{"kind":"okrsok","area":"yes","src":"flourish-2023","okrsok":"13","mcnorm":"karlovaves","obec":"Karlova Ves","name":"Karlova Ves okrsok 13","volici":"823","ucast_rel":"73.14","vitaz":"PS"},"geometry":{"type":"MultiPolygon","coordinates":[[[[17.060661,48.152882],[17.055475,48.154233],[17.054449,48.154796],[17.053992,48.155435],[17.055017,48.155712],[17.054542,48.156288],[17.055695,48.156628],[17.056856,48.154988],[17.059114,48.155713],[17.061372,48.153119],[17.060661,48.152882]]]]}},{"type":"Feature","properties":{"kind":"okrsok","area":"yes","src":"flourish-2023","okrsok":"14","mcnorm":"karlovaves","obec":"Karlova Ves","name":"Karlova Ves okrsok 14","volici":"918","ucast_rel":"78.1","vitaz":"PS"},"geometry":{"type":"MultiPolygon","coordinates":[[[[17.056856,48.154988],[17.056009,48.156185],[17.056695,48.156384],[17.054509,48.159266],[17.053997,48.160063],[17.055033,48.160389],[17.056033,48.159112],[17.058508,48.15641],[17.058508,48.15641],[17.059114,48.155713],[17.056856,48.154988]]],[[[17.053992,48.155435],[17.053274,48.156419],[17.051856,48.158424],[17.052796,48.158723],[17.053644,48.157574],[17.053288,48.157478],[17.053492,48.15723],[17.054271,48.157467],[17.054102,48.157716],[17.054458,48.157818],[17.055447,48.156555],[17.054542,48.156288],[17.055017,48.155712],[17.053992,48.155435]]]]}},{"type":"Feature","properties":{"kind":"okrsok","area":"yes","src":"flourish-2023","okrsok":"15","mcnorm":"karlovaves","obec":"Karlova Ves","name":"Karlova Ves okrsok 15","volici":"890","ucast_rel":"76.51","vitaz":"PS"},"geometry":{"type":"MultiPolygon","coordinates":[[[[17.056009,48.156185],[17.055695,48.156628],[17.055447,48.156555],[17.054458,48.157818],[17.054102,48.157716],[17.054271,48.157467],[17.053492,48.15723],[17.053288,48.157478],[17.053644,48.157574],[17.052796,48.158723],[17.054509,48.159266],[17.056695,48.156384],[17.056009,48.156185]]],[[[17.054371,48.151808],[17.053432,48.15228],[17.052127,48.155763],[17.052195,48.156102],[17.052441,48.15616],[17.053274,48.156419],[17.054449,48.154796],[17.055475,48.154233],[17.054542,48.153973],[17.054475,48.152854],[17.054371,48.151808]]]]}},{"type":"Feature","properties":{"kind":"okrsok","area":"yes","src":"flourish-2023","okrsok":"16","mcnorm":"karlovaves","obec":"Karlova Ves","name":"Karlova Ves okrsok 16","volici":"936","ucast_rel":"74.35","vitaz":"PS"},"geometry":{"type":"MultiPolygon","coordinates":[[[[17.054371,48.151808],[17.055479,48.151307],[17.056504,48.150719],[17.056889,48.148146],[17.053576,48.14835],[17.053754,48.148882],[17.055127,48.148808],[17.055127,48.149481],[17.053076,48.149617],[17.053136,48.150041],[17.054102,48.14999],[17.054371,48.151808]]]]}},{"type":"Feature","properties":{"kind":"okrsok","area":"yes","src":"flourish-2023","okrsok":"17","mcnorm":"karlovaves","obec":"Karlova Ves","name":"Karlova Ves okrsok 17","volici":"972","ucast_rel":"73.25","vitaz":"PS"},"geometry":{"type":"MultiPolygon","coordinates":[[[[17.053136,48.150041],[17.053076,48.149617],[17.055127,48.149481],[17.055127,48.148808],[17.053754,48.148882],[17.053576,48.14835],[17.051948,48.14887],[17.050644,48.15107],[17.051788,48.151025],[17.051907,48.151771],[17.0525,48.15146],[17.052517,48.150951],[17.053136,48.150041]]]]}},{"type":"Feature","properties":{"kind":"okrsok","area":"yes","src":"flourish-2023","okrsok":"18","mcnorm":"karlovaves","obec":"Karlova Ves","name":"Karlova Ves okrsok 18","volici":"931","ucast_rel":"77.65","vitaz":"PS"},"geometry":{"type":"MultiPolygon","coordinates":[[[[17.048801,48.15189],[17.046377,48.152025],[17.045796,48.152421],[17.046101,48.155101],[17.047572,48.15505],[17.047572,48.15505],[17.047572,48.15505],[17.04731,48.152538],[17.04731,48.152538],[17.047271,48.152167],[17.047733,48.152144],[17.04775,48.152333],[17.048843,48.152285],[17.048801,48.15189]]],[[[17.051788,48.151025],[17.050644,48.15107],[17.050411,48.151825],[17.050441,48.152161],[17.051932,48.15209],[17.051907,48.151771],[17.051788,48.151025]]]]}},{"type":"Feature","properties":{"kind":"okrsok","area":"yes","src":"flourish-2023","okrsok":"19","mcnorm":"karlovaves","obec":"Karlova Ves","name":"Karlova Ves okrsok 19","volici":"970","ucast_rel":"81.64","vitaz":"PS"},"geometry":{"type":"MultiPolygon","coordinates":[[[[17.051948,48.14887],[17.052016,48.146812],[17.048385,48.147488],[17.048792,48.148279],[17.049487,48.1482],[17.049843,48.14906],[17.051948,48.14887]]],[[[17.053432,48.15228],[17.054371,48.151808],[17.054102,48.14999],[17.053136,48.150041],[17.052517,48.150951],[17.0525,48.15146],[17.053225,48.151446],[17.053432,48.15228]]],[[[17.050554,48.151361],[17.047665,48.151516],[17.047678,48.151689],[17.045589,48.15174],[17.045051,48.149744],[17.044525,48.148822],[17.043686,48.14915],[17.043966,48.149727],[17.042712,48.150134],[17.042042,48.151078],[17.041389,48.151254],[17.040805,48.150914],[17.039856,48.15105],[17.040135,48.153125],[17.04122,48.153781],[17.043479,48.151638],[17.044241,48.151644],[17.044521,48.153408],[17.045905,48.153379],[17.045796,48.152421],[17.046377,48.152025],[17.048801,48.15189],[17.050411,48.151825],[17.050554,48.151361]]],[[[17.038694,48.153984],[17.038932,48.153323],[17.038767,48.153049],[17.038767,48.152529],[17.038576,48.150965],[17.038,48.151124],[17.037745,48.150637],[17.035563,48.151169],[17.036546,48.153012],[17.037682,48.152865],[17.038694,48.153984]]]]}},{"type":"Feature","properties":{"kind":"okrsok","area":"yes","src":"flourish-2023","okrsok":"20","mcnorm":"karlovaves","obec":"Karlova Ves","name":"Karlova Ves okrsok 20","volici":"880","ucast_rel":"77.38","vitaz":"PS"},"geometry":{"type":"MultiPolygon","coordinates":[[[[17.045589,48.15174],[17.047258,48.151699],[17.047123,48.150694],[17.048597,48.150558],[17.048648,48.149518],[17.048258,48.148952],[17.047068,48.14919],[17.045051,48.149744],[17.045589,48.15174]]]]}},{"type":"Feature","properties":{"kind":"okrsok","area":"yes","src":"flourish-2023","okrsok":"21","mcnorm":"karlovaves","obec":"Karlova Ves","name":"Karlova Ves okrsok 21","volici":"885","ucast_rel":"75.93","vitaz":"PS"},"geometry":{"type":"MultiPolygon","coordinates":[[[[17.049843,48.14906],[17.048648,48.149518],[17.048597,48.150558],[17.049106,48.150558],[17.049123,48.150801],[17.050554,48.151361],[17.050644,48.15107],[17.051948,48.14887],[17.049843,48.14906]]],[[[17.051932,48.15209],[17.053368,48.152023],[17.053225,48.151446],[17.0525,48.15146],[17.051907,48.151771],[17.051932,48.15209]]]]}},{"type":"Feature","properties":{"kind":"okrsok","area":"yes","src":"flourish-2023","okrsok":"22","mcnorm":"karlovaves","obec":"Karlova Ves","name":"Karlova Ves okrsok 22","volici":"852","ucast_rel":"72.18","vitaz":"PS"},"geometry":{"type":"MultiPolygon","coordinates":[[[[17.047665,48.151516],[17.050554,48.151361],[17.049123,48.150801],[17.049106,48.150558],[17.048597,48.150558],[17.047123,48.150694],[17.047258,48.151699],[17.047678,48.151689],[17.047665,48.151516]]],[[[17.04775,48.152333],[17.047733,48.152144],[17.047271,48.152167],[17.04731,48.152538],[17.047777,48.152513],[17.04775,48.152333]]],[[[17.048648,48.149518],[17.049843,48.14906],[17.049487,48.1482],[17.048792,48.148279],[17.048385,48.147488],[17.047695,48.14764],[17.04761,48.147855],[17.047788,48.148002],[17.047542,48.148059],[17.047322,48.147731],[17.04711,48.147787],[17.047237,48.148059],[17.046805,48.148212],[17.046669,48.148455],[17.046915,48.148777],[17.047068,48.14919],[17.048258,48.148952],[17.048648,48.149518]]]]}},{"type":"Feature","properties":{"kind":"okrsok","area":"yes","src":"flourish-2023","okrsok":"23","mcnorm":"karlovaves","obec":"Karlova Ves","name":"Karlova Ves okrsok 23","volici":"930","ucast_rel":"78.49","vitaz":"PS"},"geometry":{"type":"MultiPolygon","coordinates":[[[[17.04962,48.151857],[17.048801,48.15189],[17.048843,48.152285],[17.04775,48.152333],[17.047777,48.152513],[17.04731,48.152538],[17.047572,48.15505],[17.049926,48.155057],[17.04962,48.151857]]]]}},{"type":"Feature","properties":{"kind":"okrsok","area":"yes","src":"flourish-2023","okrsok":"24","mcnorm":"karlovaves","obec":"Karlova Ves","name":"Karlova Ves okrsok 24","volici":"1029","ucast_rel":"77.06","vitaz":"PS"},"geometry":{"type":"MultiPolygon","coordinates":[[[[17.052195,48.156102],[17.052127,48.155763],[17.053432,48.15228],[17.053368,48.152023],[17.051364,48.152117],[17.051451,48.154452],[17.051027,48.15522],[17.0504,48.155481],[17.049349,48.155763],[17.04879,48.156792],[17.049316,48.15695],[17.050214,48.156363],[17.051078,48.155865],[17.052195,48.156102]]]]}},{"type":"Feature","properties":{"kind":"okrsok","area":"yes","src":"flourish-2023","okrsok":"25","mcnorm":"karlovaves","obec":"Karlova Ves","name":"Karlova Ves okrsok 25","volici":"729","ucast_rel":"73.66","vitaz":"PS"},"geometry":{"type":"MultiPolygon","coordinates":[[[[17.049926,48.155057],[17.050515,48.154878],[17.050701,48.154573],[17.050599,48.153736],[17.051423,48.153691],[17.051364,48.152117],[17.050441,48.152161],[17.050411,48.151825],[17.04962,48.151857],[17.049926,48.155057]]],[[[17.049316,48.15695],[17.050036,48.157297],[17.050773,48.156709],[17.050059,48.156464],[17.049316,48.15695]]]]}},{"type":"Feature","properties":{"kind":"okrsok","area":"yes","src":"flourish-2023","okrsok":"26","mcnorm":"karlovaves","obec":"Karlova Ves","name":"Karlova Ves okrsok 26","volici":"841","ucast_rel":"77.28","vitaz":"PS"},"geometry":{"type":"MultiPolygon","coordinates":[[[[17.04879,48.156792],[17.049349,48.155763],[17.0504,48.155481],[17.051027,48.15522],[17.051451,48.154452],[17.051423,48.153691],[17.050599,48.153736],[17.050701,48.154573],[17.050515,48.154878],[17.049926,48.155057],[17.047572,48.15505],[17.046101,48.155101],[17.046082,48.155567],[17.045404,48.15663],[17.047794,48.157342],[17.048405,48.157285],[17.04879,48.156792]]]]}},{"type":"Feature","properties":{"kind":"okrsok","area":"yes","src":"flourish-2023","okrsok":"27","mcnorm":"karlovaves","obec":"Karlova Ves","name":"Karlova Ves okrsok 27","volici":"976","ucast_rel":"79.71","vitaz":"PS"},"geometry":{"type":"MultiPolygon","coordinates":[[[[17.051078,48.155865],[17.050059,48.156464],[17.050773,48.156709],[17.050036,48.157297],[17.04966,48.157116],[17.04915,48.157687],[17.048667,48.157783],[17.045846,48.157975],[17.045873,48.158261],[17.045526,48.15873],[17.046051,48.158842],[17.046354,48.158474],[17.047922,48.158654],[17.048863,48.158481],[17.049707,48.158459],[17.050075,48.158106],[17.050966,48.158354],[17.052441,48.15616],[17.052195,48.156102],[17.051078,48.155865]]],[[[17.04609,48.155374],[17.044701,48.155403],[17.044777,48.156347],[17.044438,48.156358],[17.04443,48.157206],[17.044888,48.157345],[17.045404,48.15663],[17.046082,48.155567],[17.04609,48.155374]]],[[[17.039934,48.151629],[17.038669,48.151731],[17.038767,48.152529],[17.038767,48.153049],[17.038932,48.153323],[17.038694,48.153984],[17.039489,48.154346],[17.040184,48.154289],[17.040709,48.154334],[17.04122,48.153781],[17.040135,48.153125],[17.039934,48.151629]]]]}},{"type":"Feature","properties":{"kind":"okrsok","area":"yes","src":"flourish-2023","okrsok":"28","mcnorm":"karlovaves","obec":"Karlova Ves","name":"Karlova Ves okrsok 28","volici":"1033","ucast_rel":"79.86","vitaz":"PS"},"geometry":{"type":"MultiPolygon","coordinates":[[[[17.044438,48.156358],[17.044777,48.156347],[17.044701,48.155403],[17.04609,48.155374],[17.046101,48.155101],[17.045905,48.153379],[17.044521,48.153408],[17.044241,48.151644],[17.043479,48.151638],[17.04122,48.153781],[17.040709,48.154334],[17.040692,48.154888],[17.043862,48.154843],[17.044065,48.156381],[17.044438,48.156358]]]]}},{"type":"Feature","properties":{"kind":"okrsok","area":"yes","src":"flourish-2023","okrsok":"29","mcnorm":"karlovaves","obec":"Karlova Ves","name":"Karlova Ves okrsok 29","volici":"986","ucast_rel":"77.07","vitaz":"PS"},"geometry":{"type":"MultiPolygon","coordinates":[[[[17.043955,48.155544],[17.043133,48.155572],[17.04332,48.157054],[17.044226,48.157336],[17.04443,48.157206],[17.044438,48.156358],[17.044065,48.156381],[17.043955,48.155544]]],[[[17.045846,48.157975],[17.048667,48.157783],[17.04915,48.157687],[17.04966,48.157116],[17.049316,48.15695],[17.04879,48.156792],[17.048405,48.157285],[17.047794,48.157342],[17.045404,48.15663],[17.044888,48.157345],[17.045808,48.157561],[17.045846,48.157975]]]]}},{"type":"Feature","properties":{"kind":"okrsok","area":"yes","src":"flourish-2023","okrsok":"30","mcnorm":"karlovaves","obec":"Karlova Ves","name":"Karlova Ves okrsok 30","volici":"945","ucast_rel":"76.19","vitaz":"PS"},"geometry":{"type":"MultiPolygon","coordinates":[[[[17.044445,48.158045],[17.044888,48.157345],[17.04443,48.157206],[17.044226,48.157336],[17.04332,48.157054],[17.043133,48.155572],[17.043955,48.155544],[17.043862,48.154843],[17.040692,48.154888],[17.040811,48.155657],[17.041913,48.155635],[17.041981,48.156115],[17.04276,48.157269],[17.043099,48.157331],[17.043201,48.157726],[17.044445,48.158045]]]]}},{"type":"Feature","properties":{"kind":"okrsok","area":"yes","src":"flourish-2023","okrsok":"1","mcnorm":"lamac","obec":"Lamač","name":"Lamač okrsok 1","volici":"1237","ucast_rel":"79.62","vitaz":"PS"},"geometry":{"type":"MultiPolygon","coordinates":[[[[17.051566,48.198087],[17.050667,48.197375],[17.050006,48.197511],[17.049345,48.197093],[17.047904,48.198019],[17.046871,48.199183],[17.046481,48.199759],[17.047328,48.199963],[17.048434,48.201174],[17.048705,48.201027],[17.049036,48.200465],[17.049727,48.199686],[17.049964,48.199211],[17.051566,48.198087]]],[[[17.028803,48.209631],[17.027345,48.209134],[17.026086,48.208202],[17.027788,48.206088],[17.030796,48.207145],[17.028803,48.209631]]]]}},{"type":"Feature","properties":{"kind":"okrsok","area":"yes","src":"flourish-2023","okrsok":"2","mcnorm":"lamac","obec":"Lamač","name":"Lamač okrsok 2","volici":"1088","ucast_rel":"77.29","vitaz":"PS"},"geometry":{"type":"MultiPolygon","coordinates":[[[[17.058854,48.193138],[17.058982,48.193013],[17.059973,48.192975],[17.060524,48.193041],[17.061574,48.192476],[17.062693,48.191346],[17.063891,48.190281],[17.061238,48.189268],[17.060568,48.190709],[17.06136,48.191116],[17.060727,48.191459],[17.058718,48.191985],[17.058066,48.192307],[17.057244,48.192533],[17.056913,48.1926],[17.056795,48.192453],[17.056015,48.192516],[17.055464,48.192668],[17.055206,48.192626],[17.054487,48.192463],[17.054153,48.192516],[17.053593,48.192267],[17.053184,48.191798],[17.05293,48.191856],[17.052481,48.191252],[17.050837,48.192003],[17.050294,48.1906],[17.050142,48.190206],[17.049591,48.19028],[17.049905,48.191737],[17.050235,48.191698],[17.05032,48.192031],[17.050049,48.192551],[17.047438,48.192946],[17.047523,48.193342],[17.04676,48.193647],[17.047828,48.194517],[17.05032,48.193624],[17.050438,48.193737],[17.052981,48.192687],[17.054608,48.193274],[17.055591,48.193466],[17.056574,48.193319],[17.05749,48.192969],[17.058168,48.193285],[17.057574,48.193703],[17.055303,48.19437],[17.05254,48.193805],[17.05071,48.19454],[17.04976,48.195568],[17.048964,48.196816],[17.049345,48.197093],[17.050006,48.196922],[17.050142,48.197024],[17.051761,48.196442],[17.051964,48.196566],[17.054193,48.195809],[17.054472,48.195945],[17.055154,48.195633],[17.054814,48.195242],[17.05793,48.194103],[17.059218,48.193436],[17.058854,48.193138]]],[[[17.049803,48.189052],[17.049328,48.189058],[17.049447,48.189996],[17.049599,48.190013],[17.050218,48.189883],[17.049981,48.189533],[17.049803,48.189052]]],[[[17.051826,48.187558],[17.052039,48.187318],[17.052268,48.187381],[17.055447,48.18451],[17.057023,48.185007],[17.057956,48.184091],[17.056481,48.183425],[17.057261,48.182713],[17.057515,48.182758],[17.058142,48.182272],[17.05721,48.181899],[17.055769,48.182588],[17.056057,48.182758],[17.054159,48.184182],[17.053354,48.18508],[17.053532,48.185238],[17.053303,48.185391],[17.053201,48.185318],[17.052405,48.185792],[17.0526,48.186131],[17.051939,48.18664],[17.051176,48.187346],[17.051826,48.187558]]]]}},{"type":"Feature","properties":{"kind":"okrsok","area":"yes","src":"flourish-2023","okrsok":"3","mcnorm":"lamac","obec":"Lamač","name":"Lamač okrsok 3","volici":"971","ucast_rel":"76.62","vitaz":"PS"},"geometry":{"type":"MultiPolygon","coordinates":[[[[17.045395,48.197904],[17.04772,48.198227],[17.047904,48.198019],[17.049345,48.197093],[17.048964,48.196816],[17.047707,48.197243],[17.047258,48.196955],[17.048249,48.195422],[17.048376,48.195226],[17.049029,48.194548],[17.048855,48.194149],[17.047828,48.194517],[17.04676,48.193647],[17.046599,48.194795],[17.045395,48.197904]]],[[[17.049345,48.197093],[17.050006,48.197511],[17.050667,48.197375],[17.051566,48.198087],[17.051862,48.198018],[17.052133,48.197933],[17.05293,48.198046],[17.053252,48.198058],[17.05373,48.198226],[17.053804,48.198371],[17.054106,48.198288],[17.053927,48.198071],[17.053641,48.198033],[17.053585,48.197802],[17.052794,48.197704],[17.052266,48.197345],[17.051649,48.197035],[17.054472,48.195945],[17.054193,48.195809],[17.051964,48.196566],[17.051761,48.196442],[17.050142,48.197024],[17.050006,48.196922],[17.049345,48.197093]]]]}},{"type":"Feature","properties":{"kind":"okrsok","area":"yes","src":"flourish-2023","okrsok":"4","mcnorm":"lamac","obec":"Lamač","name":"Lamač okrsok 4","volici":"998","ucast_rel":"80.96","vitaz":"PS"},"geometry":{"type":"MultiPolygon","coordinates":[[[[17.04676,48.193647],[17.047523,48.193342],[17.047438,48.192946],[17.050049,48.192551],[17.05032,48.192031],[17.050235,48.191698],[17.049905,48.191737],[17.049591,48.19028],[17.050142,48.190206],[17.050294,48.1906],[17.051826,48.190266],[17.05158,48.190012],[17.051393,48.189919],[17.050703,48.18952],[17.050525,48.189305],[17.050296,48.189026],[17.049803,48.189052],[17.049981,48.189533],[17.050218,48.189883],[17.049599,48.190013],[17.049447,48.189996],[17.04936,48.189306],[17.048927,48.189339],[17.049046,48.189017],[17.048105,48.188724],[17.048529,48.188447],[17.049521,48.188452],[17.050885,48.188113],[17.051176,48.187346],[17.051939,48.18664],[17.0526,48.186131],[17.052405,48.185792],[17.053201,48.185318],[17.053303,48.185391],[17.053532,48.185238],[17.053354,48.18508],[17.054159,48.184182],[17.056057,48.182758],[17.055769,48.182588],[17.055402,48.182327],[17.051741,48.184203],[17.048487,48.18678],[17.0473,48.188724],[17.04647,48.188588],[17.046181,48.188938],[17.045513,48.188823],[17.045015,48.190074],[17.044042,48.19316],[17.04676,48.193647]]],[[[17.058168,48.193285],[17.05749,48.192969],[17.056574,48.193319],[17.055591,48.193466],[17.054909,48.193333],[17.054677,48.193676],[17.054406,48.193591],[17.05347,48.193365],[17.052771,48.193337],[17.052029,48.193373],[17.051423,48.193551],[17.051273,48.193392],[17.050578,48.19368],[17.051197,48.194344],[17.05254,48.193805],[17.055303,48.19437],[17.057574,48.193703],[17.058168,48.193285]]]]}},{"type":"Feature","properties":{"kind":"okrsok","area":"yes","src":"flourish-2023","okrsok":"5","mcnorm":"lamac","obec":"Lamač","name":"Lamač okrsok 5","volici":"918","ucast_rel":"77.34","vitaz":"PS"},"geometry":{"type":"MultiPolygon","coordinates":[[[[17.048964,48.196816],[17.04976,48.195568],[17.05071,48.19454],[17.051197,48.194344],[17.050578,48.19368],[17.050438,48.193737],[17.05032,48.193624],[17.048855,48.194149],[17.049029,48.194548],[17.048376,48.195226],[17.048249,48.195422],[17.048821,48.19554],[17.048559,48.196246],[17.048964,48.196816]]],[[[17.054677,48.193676],[17.054909,48.193333],[17.054608,48.193274],[17.052981,48.192687],[17.051273,48.193392],[17.051423,48.193551],[17.052029,48.193373],[17.052771,48.193337],[17.05347,48.193365],[17.054406,48.193591],[17.054677,48.193676]]]]}},{"type":"Feature","properties":{"kind":"okrsok","area":"yes","src":"flourish-2023","okrsok":"6","mcnorm":"lamac","obec":"Lamač","name":"Lamač okrsok 6","volici":"942","ucast_rel":"77.17","vitaz":"PS"},"geometry":{"type":"MultiPolygon","coordinates":[[[[17.046481,48.199759],[17.046154,48.200187],[17.046302,48.200999],[17.047046,48.20167],[17.048434,48.201174],[17.047328,48.199963],[17.046481,48.199759]]],[[[17.048249,48.195422],[17.047258,48.196955],[17.047707,48.197243],[17.048964,48.196816],[17.048559,48.196246],[17.048821,48.19554],[17.048249,48.195422]]],[[[17.058127,48.179728],[17.059648,48.181354],[17.061024,48.181296],[17.061555,48.181971],[17.061339,48.182099],[17.060765,48.182602],[17.059489,48.184347],[17.059138,48.18429],[17.058127,48.185595],[17.058537,48.185765],[17.057883,48.18654],[17.05351,48.186969],[17.05195,48.187645],[17.051592,48.188242],[17.051544,48.189286],[17.051975,48.189279],[17.052144,48.189183],[17.052401,48.189308],[17.052225,48.189445],[17.053203,48.190243],[17.053756,48.190006],[17.053948,48.190218],[17.053751,48.190534],[17.054022,48.191221],[17.054442,48.191824],[17.054559,48.191945],[17.054761,48.191899],[17.055751,48.192083],[17.055878,48.191899],[17.056479,48.191881],[17.056734,48.191817],[17.057915,48.191867],[17.058919,48.191512],[17.059365,48.191815],[17.058718,48.191985],[17.058066,48.192307],[17.057244,48.192533],[17.056913,48.1926],[17.056795,48.192453],[17.056015,48.192516],[17.055464,48.192668],[17.055206,48.192626],[17.054487,48.192463],[17.054153,48.192516],[17.053593,48.192267],[17.053184,48.191798],[17.05293,48.191856],[17.052481,48.191252],[17.050837,48.192003],[17.050294,48.1906],[17.051826,48.190266],[17.05158,48.190012],[17.051393,48.189919],[17.050703,48.18952],[17.050296,48.189026],[17.049803,48.189052],[17.049328,48.189058],[17.04936,48.189306],[17.048927,48.189339],[17.049046,48.189017],[17.048105,48.188724],[17.048529,48.188447],[17.049521,48.188452],[17.050885,48.188113],[17.051176,48.187346],[17.051826,48.187558],[17.052039,48.187318],[17.052268,48.187381],[17.055447,48.18451],[17.057023,48.185007],[17.057956,48.184091],[17.056481,48.183425],[17.057261,48.182713],[17.057515,48.182758],[17.058142,48.182272],[17.05721,48.181899],[17.055769,48.182588],[17.055402,48.182327],[17.051741,48.184203],[17.048487,48.18678],[17.0473,48.188724],[17.04647,48.188588],[17.046181,48.188938],[17.045513,48.188823],[17.045967,48.18768],[17.047828,48.185199],[17.048541,48.184449],[17.051543,48.182315],[17.053393,48.181384],[17.058127,48.179728]]],[[[17.064349,48.178555],[17.063324,48.179041],[17.063663,48.179307],[17.06429,48.179137],[17.064985,48.179883],[17.065341,48.179748],[17.065171,48.179307],[17.064349,48.178555]]]]}},{"type":"Feature","properties":{"kind":"okrsok","area":"yes","src":"flourish-2023","okrsok":"1","mcnorm":"novemesto","obec":"Nové Mesto","name":"Nové Mesto okrsok 1","volici":"859","ucast_rel":"73.8","vitaz":"PS"},"geometry":{"type":"MultiPolygon","coordinates":[[[[17.135394,48.159191],[17.134207,48.160774],[17.133682,48.161475],[17.132004,48.162187],[17.132953,48.163261],[17.132173,48.163555],[17.132699,48.164166],[17.132377,48.164279],[17.132682,48.164539],[17.133207,48.164352],[17.134597,48.165969],[17.134597,48.165969],[17.134597,48.165969],[17.137801,48.164607],[17.140818,48.16135],[17.135394,48.159191]]]]}},{"type":"Feature","properties":{"kind":"okrsok","area":"yes","src":"flourish-2023","okrsok":"2","mcnorm":"novemesto","obec":"Nové Mesto","name":"Nové Mesto okrsok 2","volici":"906","ucast_rel":"70.97","vitaz":"PS"},"geometry":{"type":"MultiPolygon","coordinates":[[[[17.139251,48.163042],[17.137801,48.164607],[17.135343,48.165658],[17.134597,48.165969],[17.137208,48.168501],[17.137767,48.168241],[17.137428,48.1678],[17.141004,48.167258],[17.141072,48.165901],[17.142089,48.164985],[17.142733,48.164409],[17.139251,48.163042]]]]}},{"type":"Feature","properties":{"kind":"okrsok","area":"yes","src":"flourish-2023","okrsok":"3","mcnorm":"novemesto","obec":"Nové Mesto","name":"Nové Mesto okrsok 3","volici":"979","ucast_rel":"66.59","vitaz":"PS"},"geometry":{"type":"MultiPolygon","coordinates":[[[[17.134597,48.165969],[17.128207,48.169111],[17.13336,48.171429],[17.133614,48.171745],[17.139055,48.16953],[17.137767,48.168241],[17.137208,48.168501],[17.134597,48.165969]]]]}},{"type":"Feature","properties":{"kind":"okrsok","area":"yes","src":"flourish-2023","okrsok":"4","mcnorm":"novemesto","obec":"Nové Mesto","name":"Nové Mesto okrsok 4","volici":"882","ucast_rel":"68.7","vitaz":"PS"},"geometry":{"type":"MultiPolygon","coordinates":[[[[17.140818,48.16135],[17.139251,48.163042],[17.142733,48.164409],[17.141072,48.165901],[17.141004,48.167258],[17.137428,48.1678],[17.137767,48.168241],[17.139055,48.16953],[17.141691,48.172186],[17.147894,48.169564],[17.148504,48.168998],[17.149691,48.169722],[17.155623,48.167506],[17.152333,48.166043],[17.152333,48.166043],[17.148217,48.164322],[17.148217,48.164322],[17.145947,48.16341],[17.145947,48.16341],[17.145817,48.163358],[17.145369,48.163178],[17.140818,48.16135]]]]}},{"type":"Feature","properties":{"kind":"okrsok","area":"yes","src":"flourish-2023","okrsok":"5","mcnorm":"novemesto","obec":"Nové Mesto","name":"Nové Mesto okrsok 5","volici":"630","ucast_rel":"75.07","vitaz":"PS"},"geometry":{"type":"MultiPolygon","coordinates":[[[[17.128207,48.169111],[17.134597,48.165969],[17.133207,48.164352],[17.132682,48.164539],[17.132377,48.164279],[17.13108,48.164827],[17.129995,48.163504],[17.129843,48.163538],[17.129724,48.163346],[17.129572,48.163391],[17.129216,48.162894],[17.127283,48.163538],[17.128207,48.169111]]]]}},{"type":"Feature","properties":{"kind":"okrsok","area":"yes","src":"flourish-2023","okrsok":"6","mcnorm":"novemesto","obec":"Nové Mesto","name":"Nové Mesto okrsok 6","volici":"760","ucast_rel":"73.68","vitaz":"PS"},"geometry":{"type":"MultiPolygon","coordinates":[[[[17.132004,48.162187],[17.131786,48.161998],[17.129216,48.162894],[17.129572,48.163391],[17.129724,48.163346],[17.129843,48.163538],[17.129995,48.163504],[17.13108,48.164827],[17.132377,48.164279],[17.132699,48.164166],[17.132173,48.163555],[17.132953,48.163261],[17.132004,48.162187]]]]}},{"type":"Feature","properties":{"kind":"okrsok","area":"yes","src":"flourish-2023","okrsok":"7","mcnorm":"novemesto","obec":"Nové Mesto","name":"Nové Mesto okrsok 7","volici":"597","ucast_rel":"83.91","vitaz":"PS"},"geometry":{"type":"MultiPolygon","coordinates":[[[[17.127031,48.162439],[17.129303,48.161647],[17.128879,48.161161],[17.129286,48.16098],[17.128438,48.160076],[17.129421,48.15959],[17.127947,48.158176],[17.125845,48.158097],[17.125774,48.158874],[17.126506,48.160268],[17.127031,48.162439]]]]}},{"type":"Feature","properties":{"kind":"okrsok","area":"yes","src":"flourish-2023","okrsok":"8","mcnorm":"novemesto","obec":"Nové Mesto","name":"Nové Mesto okrsok 8","volici":"591","ucast_rel":"78.17","vitaz":"PS"},"geometry":{"type":"MultiPolygon","coordinates":[[[[17.127947,48.158176],[17.129421,48.15959],[17.128438,48.160076],[17.129286,48.16098],[17.128879,48.161161],[17.129303,48.161647],[17.130879,48.161014],[17.130652,48.160785],[17.130652,48.160785],[17.129646,48.15977],[17.130828,48.159281],[17.131214,48.158383],[17.127947,48.158176]]]]}},{"type":"Feature","properties":{"kind":"okrsok","area":"yes","src":"flourish-2023","okrsok":"9","mcnorm":"novemesto","obec":"Nové Mesto","name":"Nové Mesto okrsok 9","volici":"842","ucast_rel":"78.85","vitaz":"PS"},"geometry":{"type":"MultiPolygon","coordinates":[[[[17.131214,48.158383],[17.130828,48.159281],[17.129646,48.15977],[17.130652,48.160785],[17.132231,48.160081],[17.13229,48.159838],[17.133536,48.158538],[17.131214,48.158383]]]]}},{"type":"Feature","properties":{"kind":"okrsok","area":"yes","src":"flourish-2023","okrsok":"10","mcnorm":"novemesto","obec":"Nové Mesto","name":"Nové Mesto okrsok 10","volici":"846","ucast_rel":"76.71","vitaz":"PS"},"geometry":{"type":"MultiPolygon","coordinates":[[[[17.131084,48.160593],[17.130652,48.160785],[17.130879,48.161014],[17.129303,48.161647],[17.127031,48.162439],[17.127283,48.163538],[17.129216,48.162894],[17.131786,48.161998],[17.132004,48.162187],[17.132792,48.161853],[17.132137,48.161139],[17.131748,48.161269],[17.131084,48.160593]]]]}},{"type":"Feature","properties":{"kind":"okrsok","area":"yes","src":"flourish-2023","okrsok":"11","mcnorm":"novemesto","obec":"Nové Mesto","name":"Nové Mesto okrsok 11","volici":"709","ucast_rel":"74.47","vitaz":"PS"},"geometry":{"type":"MultiPolygon","coordinates":[[[[17.132792,48.161853],[17.133682,48.161475],[17.135394,48.159191],[17.133536,48.158538],[17.13229,48.159838],[17.132231,48.160081],[17.131084,48.160593],[17.131748,48.161269],[17.132137,48.161139],[17.132792,48.161853]]]]}},{"type":"Feature","properties":{"kind":"okrsok","area":"yes","src":"flourish-2023","okrsok":"12","mcnorm":"novemesto","obec":"Nové Mesto","name":"Nové Mesto okrsok 12","volici":"715","ucast_rel":"77.34","vitaz":"PS"},"geometry":{"type":"MultiPolygon","coordinates":[[[[17.123408,48.157956],[17.123493,48.157096],[17.12312,48.156395],[17.119883,48.157402],[17.120425,48.157775],[17.123408,48.157956]]]]}},{"type":"Feature","properties":{"kind":"okrsok","area":"yes","src":"flourish-2023","okrsok":"13","mcnorm":"novemesto","obec":"Nové Mesto","name":"Nové Mesto okrsok 13","volici":"755","ucast_rel":"76.55","vitaz":"PS"},"geometry":{"type":"MultiPolygon","coordinates":[[[[17.121805,48.158656],[17.121086,48.157815],[17.123408,48.157956],[17.123493,48.157096],[17.12312,48.156395],[17.124866,48.155751],[17.127947,48.158176],[17.125845,48.158097],[17.125774,48.158874],[17.121805,48.158656]]]]}},{"type":"Feature","properties":{"kind":"okrsok","area":"yes","src":"flourish-2023","okrsok":"14","mcnorm":"novemesto","obec":"Nové Mesto","name":"Nové Mesto okrsok 14","volici":"793","ucast_rel":"78.94","vitaz":"PS"},"geometry":{"type":"MultiPolygon","coordinates":[[[[17.121805,48.158656],[17.121086,48.157815],[17.123408,48.157956],[17.120425,48.157775],[17.12551,48.164173],[17.127283,48.163538],[17.126506,48.160268],[17.125774,48.158874],[17.121805,48.158656]]]]}},{"type":"Feature","properties":{"kind":"okrsok","area":"yes","src":"flourish-2023","okrsok":"15","mcnorm":"novemesto","obec":"Nové Mesto","name":"Nové Mesto okrsok 15","volici":"632","ucast_rel":"76.58","vitaz":"PS"},"geometry":{"type":"MultiPolygon","coordinates":[[[[17.119459,48.158554],[17.118823,48.158802],[17.119857,48.160238],[17.118807,48.160634],[17.120137,48.162251],[17.121968,48.161561],[17.121513,48.161016],[17.121513,48.161016],[17.119459,48.158554]]]]}},{"type":"Feature","properties":{"kind":"okrsok","area":"yes","src":"flourish-2023","okrsok":"16","mcnorm":"novemesto","obec":"Nové Mesto","name":"Nové Mesto okrsok 16","volici":"682","ucast_rel":"74.92","vitaz":"PS"},"geometry":{"type":"MultiPolygon","coordinates":[[[[17.118366,48.157468],[17.117035,48.158192],[17.1154,48.15952],[17.11473,48.159611],[17.114434,48.159814],[17.117417,48.163297],[17.119256,48.162562],[17.118798,48.162002],[17.119675,48.16169],[17.118807,48.160634],[17.119857,48.160238],[17.118823,48.158802],[17.119459,48.158554],[17.121513,48.161016],[17.122667,48.160596],[17.120425,48.157775],[17.118366,48.157468]]]]}},{"type":"Feature","properties":{"kind":"okrsok","area":"yes","src":"flourish-2023","okrsok":"17","mcnorm":"novemesto","obec":"Nové Mesto","name":"Nové Mesto okrsok 17","volici":"734","ucast_rel":"72.34","vitaz":"PS"},"geometry":{"type":"MultiPolygon","coordinates":[[[[17.122667,48.160596],[17.121513,48.161016],[17.121513,48.161016],[17.121513,48.161016],[17.121968,48.161561],[17.120137,48.162251],[17.119675,48.16169],[17.118798,48.162002],[17.119256,48.162562],[17.117417,48.163297],[17.118023,48.164027],[17.119379,48.163609],[17.12048,48.163349],[17.121199,48.16307],[17.123108,48.162314],[17.122362,48.16141],[17.123094,48.161132],[17.122667,48.160596]]]]}},{"type":"Feature","properties":{"kind":"okrsok","area":"yes","src":"flourish-2023","okrsok":"18","mcnorm":"novemesto","obec":"Nové Mesto","name":"Nové Mesto okrsok 18","volici":"866","ucast_rel":"70.66","vitaz":"PS"},"geometry":{"type":"MultiPolygon","coordinates":[[[[17.118023,48.164027],[17.119601,48.1659],[17.121923,48.16506],[17.123016,48.166304],[17.124065,48.165932],[17.123667,48.165418],[17.12737,48.164059],[17.127283,48.163538],[17.12551,48.164173],[17.125242,48.163835],[17.122675,48.164779],[17.121199,48.16307],[17.12048,48.163349],[17.119379,48.163609],[17.118023,48.164027]]]]}},{"type":"Feature","properties":{"kind":"okrsok","area":"yes","src":"flourish-2023","okrsok":"19","mcnorm":"novemesto","obec":"Nové Mesto","name":"Nové Mesto okrsok 19","volici":"727","ucast_rel":"75.37","vitaz":"PS"},"geometry":{"type":"MultiPolygon","coordinates":[[[[17.123094,48.161132],[17.122362,48.16141],[17.123108,48.162314],[17.121557,48.16293],[17.121199,48.16307],[17.121199,48.16307],[17.122675,48.164779],[17.125242,48.163835],[17.123094,48.161132]]]]}},{"type":"Feature","properties":{"kind":"okrsok","area":"yes","src":"flourish-2023","okrsok":"20","mcnorm":"novemesto","obec":"Nové Mesto","name":"Nové Mesto okrsok 20","volici":"784","ucast_rel":"76.14","vitaz":"PS"},"geometry":{"type":"MultiPolygon","coordinates":[[[[17.126084,48.168573],[17.127402,48.168679],[17.127366,48.168898],[17.128207,48.169111],[17.12737,48.164059],[17.123667,48.165418],[17.124065,48.165932],[17.12561,48.167821],[17.126237,48.16759],[17.126508,48.168059],[17.126161,48.168189],[17.126084,48.168573]]]]}},{"type":"Feature","properties":{"kind":"okrsok","area":"yes","src":"flourish-2023","okrsok":"21","mcnorm":"novemesto","obec":"Nové Mesto","name":"Nové Mesto okrsok 21","volici":"551","ucast_rel":"75.49","vitaz":"PS"},"geometry":{"type":"MultiPolygon","coordinates":[[[[17.125546,48.16898],[17.122097,48.168921],[17.119601,48.1659],[17.121923,48.16506],[17.123016,48.166304],[17.124065,48.165932],[17.12561,48.167821],[17.126237,48.16759],[17.126508,48.168059],[17.126161,48.168189],[17.126084,48.168573],[17.12557,48.168567],[17.125546,48.16898],[17.125546,48.16898]]]]}},{"type":"Feature","properties":{"kind":"okrsok","area":"yes","src":"flourish-2023","okrsok":"22","mcnorm":"novemesto","obec":"Nové Mesto","name":"Nové Mesto okrsok 22","volici":"1030","ucast_rel":"79.41","vitaz":"PS"},"geometry":{"type":"MultiPolygon","coordinates":[[[[17.121771,48.190657],[17.119677,48.191979],[17.120771,48.192691],[17.121838,48.191968],[17.123881,48.193132],[17.124839,48.192149],[17.121771,48.190657]]],[[[17.121881,48.185985],[17.120423,48.186052],[17.116287,48.187657],[17.116016,48.18838],[17.114287,48.18951],[17.114728,48.190053],[17.116965,48.189217],[17.118728,48.190369],[17.121203,48.188945],[17.120932,48.188267],[17.123406,48.187748],[17.121881,48.185985]]],[[[17.128898,48.180097],[17.131339,48.17908],[17.130451,48.176798],[17.128118,48.177339],[17.127491,48.174954],[17.126949,48.174977],[17.127017,48.175598],[17.12583,48.175711],[17.125678,48.174909],[17.123644,48.174988],[17.123372,48.171326],[17.122097,48.168921],[17.120593,48.170082],[17.118762,48.173247],[17.116989,48.173752],[17.116989,48.173752],[17.115745,48.174106],[17.111575,48.175485],[17.112287,48.177181],[17.11144,48.178334],[17.110626,48.178221],[17.110186,48.179238],[17.110897,48.179464],[17.110253,48.181928],[17.110694,48.182221],[17.113508,48.18195],[17.113881,48.181069],[17.11622,48.180933],[17.116016,48.180006],[17.114796,48.179283],[17.115169,48.178469],[17.117101,48.176299],[17.12205,48.176525],[17.123406,48.17648],[17.124084,48.181001],[17.128898,48.180097]]],[[[17.128016,48.187341],[17.127256,48.186878],[17.127465,48.186071],[17.128302,48.186159],[17.128016,48.187341]]]]}},{"type":"Feature","properties":{"kind":"okrsok","area":"yes","src":"flourish-2023","okrsok":"23","mcnorm":"novemesto","obec":"Nové Mesto","name":"Nové Mesto okrsok 23","volici":"881","ucast_rel":"76.04","vitaz":"PS"},"geometry":{"type":"MultiPolygon","coordinates":[[[[17.125546,48.16898],[17.122097,48.168921],[17.123372,48.171326],[17.123644,48.174988],[17.125678,48.174909],[17.12583,48.175711],[17.127017,48.175598],[17.126949,48.174977],[17.127491,48.174954],[17.12735,48.173909],[17.127008,48.171377],[17.127339,48.169099],[17.127366,48.168898],[17.127402,48.168679],[17.126084,48.168573],[17.12557,48.168567],[17.125546,48.16898]]]]}},{"type":"Feature","properties":{"kind":"okrsok","area":"yes","src":"flourish-2023","okrsok":"24","mcnorm":"novemesto","obec":"Nové Mesto","name":"Nové Mesto okrsok 24","volici":"749","ucast_rel":"92.52","vitaz":"PS"},"geometry":{"type":"MultiPolygon","coordinates":[[[[17.109076,48.170203],[17.110393,48.169744],[17.111118,48.169398],[17.111854,48.169357],[17.112664,48.169108],[17.11334,48.168503],[17.114065,48.167956],[17.114113,48.167166],[17.113846,48.167182],[17.112742,48.167649],[17.11185,48.168145],[17.109652,48.169421],[17.108719,48.169692],[17.107906,48.169771],[17.106872,48.16924],[17.105177,48.169715],[17.104024,48.170291],[17.102804,48.171117],[17.102177,48.171162],[17.102143,48.170608],[17.101685,48.170257],[17.100736,48.170823],[17.099363,48.169749],[17.098024,48.170382],[17.098092,48.171783],[17.099312,48.174768],[17.102372,48.174457],[17.104067,48.175632],[17.105016,48.17613],[17.105999,48.175135],[17.108524,48.173982],[17.108389,48.174344],[17.109338,48.1744],[17.109457,48.174208],[17.108965,48.17353],[17.108863,48.172953],[17.107338,48.17154],[17.108101,48.171071],[17.108685,48.17037],[17.108669,48.170235],[17.109076,48.170203]]]]}},{"type":"Feature","properties":{"kind":"okrsok","area":"yes","src":"flourish-2023","okrsok":"25","mcnorm":"novemesto","obec":"Nové Mesto","name":"Nové Mesto okrsok 25","volici":"743","ucast_rel":"83.04","vitaz":"PS"},"geometry":{"type":"MultiPolygon","coordinates":[[[[17.107306,48.162395],[17.106987,48.163372],[17.10514,48.163485],[17.104376,48.164009],[17.104588,48.164363],[17.10393,48.164562],[17.102379,48.16425],[17.102592,48.165001],[17.103293,48.16687],[17.103165,48.167253],[17.102655,48.167295],[17.102294,48.167763],[17.102698,48.17],[17.102143,48.170608],[17.102177,48.171162],[17.102804,48.171117],[17.104024,48.170291],[17.105177,48.169715],[17.106872,48.16924],[17.107906,48.169771],[17.108719,48.169692],[17.109652,48.169421],[17.11185,48.168145],[17.112742,48.167649],[17.113846,48.167182],[17.113889,48.16663],[17.113655,48.165681],[17.113825,48.165397],[17.115121,48.16493],[17.115121,48.16493],[17.113778,48.163743],[17.112317,48.162451],[17.110746,48.163443],[17.107306,48.162395]]]]}},{"type":"Feature","properties":{"kind":"okrsok","area":"yes","src":"flourish-2023","okrsok":"26","mcnorm":"novemesto","obec":"Nové Mesto","name":"Nové Mesto okrsok 26","volici":"863","ucast_rel":"83.31","vitaz":"PS"},"geometry":{"type":"MultiPolygon","coordinates":[[[[17.114627,48.161563],[17.113964,48.16167],[17.114186,48.16208],[17.11486,48.162002],[17.115455,48.162766],[17.113778,48.163743],[17.115121,48.16493],[17.115121,48.16493],[17.115121,48.16493],[17.115121,48.16493],[17.113825,48.165397],[17.113655,48.165681],[17.113889,48.16663],[17.113846,48.167182],[17.114113,48.167166],[17.114065,48.167956],[17.11334,48.168503],[17.112664,48.169108],[17.111854,48.169357],[17.111118,48.169398],[17.110393,48.169744],[17.109076,48.170203],[17.108669,48.170235],[17.108669,48.170235],[17.108685,48.17037],[17.108101,48.171071],[17.107338,48.17154],[17.108863,48.172953],[17.108965,48.17353],[17.109457,48.174208],[17.109864,48.174084],[17.109922,48.173836],[17.110522,48.173427],[17.110193,48.172703],[17.110079,48.172055],[17.110507,48.171874],[17.111702,48.171983],[17.113061,48.172181],[17.113705,48.172439],[17.116121,48.171255],[17.117635,48.172036],[17.116778,48.173131],[17.117622,48.173572],[17.118762,48.173247],[17.120593,48.170082],[17.122097,48.168921],[17.119601,48.1659],[17.118023,48.164027],[17.117417,48.163297],[17.114434,48.159814],[17.112854,48.15897],[17.112365,48.159353],[17.112801,48.160358],[17.114117,48.160139],[17.114733,48.160883],[17.114627,48.161563]]]]}},{"type":"Feature","properties":{"kind":"okrsok","area":"yes","src":"flourish-2023","okrsok":"27","mcnorm":"novemesto","obec":"Nové Mesto","name":"Nové Mesto okrsok 27","volici":"483","ucast_rel":"79.91","vitaz":"PS"},"geometry":{"type":"MultiPolygon","coordinates":[[[[17.114627,48.161563],[17.114733,48.160883],[17.114117,48.160139],[17.112801,48.160358],[17.112365,48.159353],[17.112854,48.15897],[17.108384,48.158478],[17.104476,48.160008],[17.102289,48.161552],[17.102714,48.162041],[17.102379,48.16425],[17.10393,48.164562],[17.104588,48.164363],[17.104376,48.164009],[17.10514,48.163485],[17.106987,48.163372],[17.107306,48.162395],[17.110746,48.163443],[17.112317,48.162451],[17.113778,48.163743],[17.115455,48.162766],[17.11486,48.162002],[17.114186,48.16208],[17.113964,48.16167],[17.114627,48.161563]]]]}},{"type":"Feature","properties":{"kind":"okrsok","area":"yes","src":"flourish-2023","okrsok":"28","mcnorm":"novemesto","obec":"Nové Mesto","name":"Nové Mesto okrsok 28","volici":"974","ucast_rel":"80.08","vitaz":"PS"},"geometry":{"type":"MultiPolygon","coordinates":[[[[17.091151,48.168513],[17.090918,48.168878],[17.09113,48.169629],[17.090122,48.170334],[17.090153,48.170549],[17.091491,48.171866],[17.092001,48.172142],[17.090684,48.172815],[17.089338,48.173135],[17.08958,48.174242],[17.090217,48.175155],[17.090865,48.175722],[17.091894,48.175559],[17.092404,48.176005],[17.094464,48.175141],[17.094209,48.174348],[17.095696,48.173909],[17.097522,48.172309],[17.097055,48.170878],[17.096481,48.170199],[17.094719,48.170921],[17.093169,48.170907],[17.092128,48.170539],[17.092383,48.170255],[17.091788,48.169547],[17.091767,48.168938],[17.091151,48.168513]]],[[[17.092808,48.166902],[17.093593,48.166435],[17.093009,48.165996],[17.092839,48.165705],[17.092117,48.165812],[17.092808,48.166902]]],[[[17.092245,48.163694],[17.092351,48.163425],[17.08734,48.164232],[17.087403,48.164431],[17.08787,48.164884],[17.089123,48.165082],[17.09199,48.163992],[17.092245,48.163694]]],[[[17.084738,48.170344],[17.084494,48.170114],[17.083496,48.170531],[17.082445,48.170581],[17.082413,48.170383],[17.082848,48.169512],[17.083974,48.168669],[17.086225,48.167678],[17.082923,48.167224],[17.081033,48.167494],[17.0791,48.16971],[17.079504,48.169926],[17.080284,48.170291],[17.08124,48.169402],[17.081548,48.169491],[17.082238,48.169678],[17.081521,48.1704],[17.082471,48.171148],[17.082869,48.171254],[17.084738,48.170344]]]]}},{"type":"Feature","properties":{"kind":"okrsok","area":"yes","src":"flourish-2023","okrsok":"29","mcnorm":"novemesto","obec":"Nové Mesto","name":"Nové Mesto okrsok 29","volici":"562","ucast_rel":"76.69","vitaz":"PS"},"geometry":{"type":"MultiPolygon","coordinates":[[[[17.065171,48.179307],[17.068387,48.176819],[17.068291,48.176762],[17.064349,48.178555],[17.065171,48.179307]]],[[[17.092128,48.170539],[17.093169,48.170907],[17.094175,48.170916],[17.094196,48.170409],[17.094514,48.170416],[17.094525,48.169],[17.093612,48.168271],[17.092879,48.168561],[17.091775,48.16786],[17.091151,48.168513],[17.091767,48.168938],[17.091788,48.169547],[17.092383,48.170255],[17.092128,48.170539]]]]}},{"type":"Feature","properties":{"kind":"okrsok","area":"yes","src":"flourish-2023","okrsok":"30","mcnorm":"novemesto","obec":"Nové Mesto","name":"Nové Mesto okrsok 30","volici":"907","ucast_rel":"80.04","vitaz":"PS"},"geometry":{"type":"MultiPolygon","coordinates":[[[[17.094175,48.170916],[17.094719,48.170921],[17.096481,48.170199],[17.095958,48.169383],[17.096256,48.169213],[17.095661,48.168908],[17.095098,48.168299],[17.094578,48.16706],[17.094313,48.167102],[17.093593,48.166435],[17.092808,48.166902],[17.091775,48.16786],[17.092879,48.168561],[17.093612,48.168271],[17.094525,48.169],[17.094514,48.170416],[17.094196,48.170409],[17.094175,48.170916]]]]}},{"type":"Feature","properties":{"kind":"okrsok","area":"yes","src":"flourish-2023","okrsok":"31","mcnorm":"novemesto","obec":"Nové Mesto","name":"Nové Mesto okrsok 31","volici":"758","ucast_rel":"81.26","vitaz":"PS"},"geometry":{"type":"MultiPolygon","coordinates":[[[[17.102289,48.161552],[17.100556,48.162095],[17.095757,48.163016],[17.095927,48.163321],[17.097763,48.1632],[17.098199,48.163923],[17.098496,48.164121],[17.098146,48.1649],[17.098899,48.164999],[17.098793,48.165877],[17.099537,48.165842],[17.099515,48.166295],[17.10131,48.16655],[17.102655,48.167295],[17.103165,48.167253],[17.103293,48.16687],[17.102592,48.165001],[17.102379,48.16425],[17.102714,48.162041],[17.102289,48.161552]]]]}},{"type":"Feature","properties":{"kind":"okrsok","area":"yes","src":"flourish-2023","okrsok":"32","mcnorm":"novemesto","obec":"Nové Mesto","name":"Nové Mesto okrsok 32","volici":"855","ucast_rel":"85.49","vitaz":"PS"},"geometry":{"type":"MultiPolygon","coordinates":[[[[17.092839,48.165705],[17.093009,48.165996],[17.093593,48.166435],[17.098069,48.163708],[17.097763,48.1632],[17.095927,48.163321],[17.095757,48.163016],[17.092351,48.163425],[17.092245,48.163694],[17.09199,48.163992],[17.089123,48.165082],[17.089588,48.165651],[17.0898,48.165736],[17.090628,48.165707],[17.091552,48.165927],[17.092117,48.165812],[17.092839,48.165705]]]]}},{"type":"Feature","properties":{"kind":"okrsok","area":"yes","src":"flourish-2023","okrsok":"33","mcnorm":"novemesto","obec":"Nové Mesto","name":"Nové Mesto okrsok 33","volici":"850","ucast_rel":"79.17","vitaz":"PS"},"geometry":{"type":"MultiPolygon","coordinates":[[[[17.095098,48.168299],[17.095523,48.168179],[17.095374,48.167825],[17.095799,48.167499],[17.096171,48.1674],[17.096978,48.166989],[17.097381,48.166734],[17.098676,48.16633],[17.098793,48.165877],[17.098899,48.164999],[17.098146,48.1649],[17.098496,48.164121],[17.098199,48.163923],[17.098069,48.163708],[17.093593,48.166435],[17.094313,48.167102],[17.094578,48.16706],[17.095098,48.168299]]]]}},{"type":"Feature","properties":{"kind":"okrsok","area":"yes","src":"flourish-2023","okrsok":"34","mcnorm":"novemesto","obec":"Nové Mesto","name":"Nové Mesto okrsok 34","volici":"729","ucast_rel":"75.03","vitaz":"PS"},"geometry":{"type":"MultiPolygon","coordinates":[[[[17.098024,48.170382],[17.099363,48.169749],[17.100736,48.170823],[17.101685,48.170257],[17.102143,48.170608],[17.102698,48.17],[17.102294,48.167763],[17.102655,48.167295],[17.10131,48.16655],[17.099515,48.166295],[17.099537,48.165842],[17.098793,48.165877],[17.098676,48.16633],[17.097381,48.166734],[17.096978,48.166989],[17.096171,48.1674],[17.095799,48.167499],[17.095374,48.167825],[17.095523,48.168179],[17.095098,48.168299],[17.095661,48.168908],[17.096256,48.169213],[17.097031,48.169977],[17.098024,48.170382]]]]}},{"type":"Feature","properties":{"kind":"okrsok","area":"yes","src":"flourish-2023","okrsok":"35","mcnorm":"novemesto","obec":"Nové Mesto","name":"Nové Mesto okrsok 35","volici":"759","ucast_rel":"74.04","vitaz":"PS"},"geometry":{"type":"MultiPolygon","coordinates":[[[[17.134547,48.172756],[17.133614,48.171745],[17.12916,48.173482],[17.130457,48.176796],[17.131339,48.17908],[17.137335,48.176046],[17.1357,48.174375],[17.135966,48.174155],[17.134547,48.172756],[17.134547,48.172756]]]]}},{"type":"Feature","properties":{"kind":"okrsok","area":"yes","src":"flourish-2023","okrsok":"36","mcnorm":"novemesto","obec":"Nové Mesto","name":"Nové Mesto okrsok 36","volici":"647","ucast_rel":"79.28","vitaz":"PS"},"geometry":{"type":"MultiPolygon","coordinates":[[[[17.134547,48.172756],[17.135514,48.172328],[17.135674,48.172477],[17.139071,48.171061],[17.139698,48.171585],[17.140585,48.171072],[17.139055,48.16953],[17.133614,48.171745],[17.134547,48.172756]]]]}},{"type":"Feature","properties":{"kind":"okrsok","area":"yes","src":"flourish-2023","okrsok":"37","mcnorm":"novemesto","obec":"Nové Mesto","name":"Nové Mesto okrsok 37","volici":"609","ucast_rel":"77.17","vitaz":"PS"},"geometry":{"type":"MultiPolygon","coordinates":[[[[17.134547,48.172756],[17.135966,48.174155],[17.1357,48.174375],[17.137335,48.176046],[17.142968,48.17356],[17.141691,48.172186],[17.140585,48.171072],[17.139698,48.171585],[17.13939,48.171372],[17.139071,48.171061],[17.135674,48.172477],[17.135514,48.172328],[17.134547,48.172756]]]]}},{"type":"Feature","properties":{"kind":"okrsok","area":"yes","src":"flourish-2023","okrsok":"38","mcnorm":"novemesto","obec":"Nové Mesto","name":"Nové Mesto okrsok 38","volici":"723","ucast_rel":"85.89","vitaz":"PS"},"geometry":{"type":"MultiPolygon","coordinates":[[[[17.130664,48.170216],[17.130853,48.171302],[17.129558,48.171804],[17.129409,48.171677],[17.128411,48.171804],[17.12856,48.173631],[17.12735,48.173909],[17.127491,48.174954],[17.128118,48.177339],[17.130457,48.176796],[17.130451,48.176798],[17.12916,48.173482],[17.133614,48.171745],[17.13336,48.171429],[17.130664,48.170216]]]]}},{"type":"Feature","properties":{"kind":"okrsok","area":"yes","src":"flourish-2023","okrsok":"39","mcnorm":"novemesto","obec":"Nové Mesto","name":"Nové Mesto okrsok 39","volici":"673","ucast_rel":"83.95","vitaz":"PS"},"geometry":{"type":"MultiPolygon","coordinates":[[[[17.127339,48.169099],[17.127008,48.171377],[17.12735,48.173909],[17.12856,48.173631],[17.128411,48.171804],[17.129409,48.171677],[17.129558,48.171804],[17.130853,48.171302],[17.130664,48.170216],[17.128207,48.169111],[17.127369,48.168899],[17.127339,48.169099]]]]}},{"type":"Feature","properties":{"kind":"okrsok","area":"yes","src":"flourish-2023","okrsok":"40","mcnorm":"novemesto","obec":"Nové Mesto","name":"Nové Mesto okrsok 40","volici":"704","ucast_rel":"80.25","vitaz":"PS"},"geometry":{"type":"MultiPolygon","coordinates":[[[[17.124084,48.181001],[17.125088,48.18257],[17.128316,48.185062],[17.131373,48.186166],[17.133072,48.186732],[17.135111,48.187044],[17.129377,48.18189],[17.128898,48.180097],[17.124084,48.181001]]]]}},{"type":"Feature","properties":{"kind":"okrsok","area":"yes","src":"flourish-2023","okrsok":"41","mcnorm":"novemesto","obec":"Nové Mesto","name":"Nové Mesto okrsok 41","volici":"733","ucast_rel":"91.54","vitaz":"PS"},"geometry":{"type":"MultiPolygon","coordinates":[[[[17.131802,48.198871],[17.132338,48.19881],[17.133072,48.198944],[17.13476,48.198278],[17.134336,48.197625],[17.134601,48.195672],[17.13235,48.193803],[17.130821,48.194964],[17.127126,48.197795],[17.128655,48.199324],[17.129632,48.198885],[17.130248,48.19914],[17.130885,48.198871],[17.131802,48.198871]]],[[[17.128016,48.187341],[17.128016,48.187341],[17.128302,48.186159],[17.128795,48.185235],[17.131373,48.186166],[17.133072,48.186732],[17.135111,48.187044],[17.13462,48.187525],[17.130957,48.188721],[17.129757,48.186874],[17.128016,48.187341],[17.128016,48.187341]]]]}},{"type":"Feature","properties":{"kind":"okrsok","area":"yes","src":"flourish-2023","okrsok":"42","mcnorm":"novemesto","obec":"Nové Mesto","name":"Nové Mesto okrsok 42","volici":"856","ucast_rel":"79.55","vitaz":"PS"},"geometry":{"type":"MultiPolygon","coordinates":[[[[17.134762,48.177348],[17.137277,48.180011],[17.136541,48.180342],[17.136878,48.180706],[17.136341,48.180952],[17.137603,48.182376],[17.136913,48.182682],[17.136331,48.182049],[17.135216,48.182538],[17.134579,48.181603],[17.133113,48.182559],[17.131339,48.17908],[17.134762,48.177348]]]]}},{"type":"Feature","properties":{"kind":"okrsok","area":"yes","src":"flourish-2023","okrsok":"43","mcnorm":"novemesto","obec":"Nové Mesto","name":"Nové Mesto okrsok 43","volici":"828","ucast_rel":"73.79","vitaz":"PS"},"geometry":{"type":"MultiPolygon","coordinates":[[[[17.136913,48.182682],[17.136331,48.182049],[17.135216,48.182538],[17.134579,48.181603],[17.133113,48.182559],[17.131339,48.17908],[17.128898,48.180097],[17.129377,48.18189],[17.135111,48.187044],[17.137461,48.185872],[17.136601,48.183642],[17.137541,48.183366],[17.136913,48.182682]]]]}},{"type":"Feature","properties":{"kind":"okrsok","area":"yes","src":"flourish-2023","okrsok":"44","mcnorm":"novemesto","obec":"Nové Mesto","name":"Nové Mesto okrsok 44","volici":"696","ucast_rel":"73.99","vitaz":"PS"},"geometry":{"type":"MultiPolygon","coordinates":[[[[17.157855,48.177264],[17.162344,48.173197],[17.161332,48.172316],[17.161332,48.172316],[17.160312,48.171429],[17.15547,48.175608],[17.156012,48.175927],[17.155598,48.176214],[17.157855,48.177264]]]]}},{"type":"Feature","properties":{"kind":"okrsok","area":"yes","src":"flourish-2023","okrsok":"45","mcnorm":"novemesto","obec":"Nové Mesto","name":"Nové Mesto okrsok 45","volici":"464","ucast_rel":"51.93","vitaz":"Smer"},"geometry":{"type":"MultiPolygon","coordinates":[[[[17.154865,48.189111],[17.158321,48.18944],[17.158608,48.188452],[17.159739,48.187104],[17.154865,48.189111]]]]}},{"type":"Feature","properties":{"kind":"okrsok","area":"yes","src":"flourish-2023","okrsok":"1","mcnorm":"petrzalka","obec":"Petržalka","name":"Petržalka okrsok 1","volici":"915","ucast_rel":"76.93","vitaz":"PS"},"geometry":{"type":"MultiPolygon","coordinates":[[[[17.087719,48.110383],[17.089391,48.10982],[17.088436,48.108703],[17.086843,48.109256],[17.087719,48.110383]]],[[[17.088523,48.12058],[17.090681,48.120155],[17.091239,48.121239],[17.092075,48.121043],[17.091932,48.120713],[17.092401,48.120591],[17.091541,48.11957],[17.089686,48.120001],[17.08979,48.120214],[17.089431,48.120277],[17.08932,48.120049],[17.088356,48.12024],[17.088523,48.12058]]],[[[17.090681,48.114318],[17.092672,48.113605],[17.091446,48.112255],[17.089519,48.11301],[17.090681,48.114318]]],[[[17.091979,48.123042],[17.09307,48.122765],[17.093023,48.122611],[17.093628,48.12242],[17.093102,48.12176],[17.091573,48.122186],[17.091979,48.123042]]],[[[17.093102,48.124769],[17.094233,48.124397],[17.094042,48.124067],[17.0928,48.124514],[17.093102,48.124769]]],[[[17.095049,48.126308],[17.095157,48.12626],[17.095611,48.126608],[17.096558,48.125649],[17.096164,48.125505],[17.094651,48.125992],[17.095049,48.126308]]],[[[17.089176,48.119028],[17.090769,48.118667],[17.090403,48.118252],[17.088985,48.118571],[17.089176,48.119028]]],[[[17.097785,48.121149],[17.096972,48.121436],[17.098005,48.122772],[17.098398,48.122648],[17.098987,48.122595],[17.10051,48.122408],[17.099104,48.12075],[17.097785,48.121149]]]]}},{"type":"Feature","properties":{"kind":"okrsok","area":"yes","src":"flourish-2023","okrsok":"2","mcnorm":"petrzalka","obec":"Petržalka","name":"Petržalka okrsok 2","volici":"1037","ucast_rel":"76.37","vitaz":"PS"},"geometry":{"type":"MultiPolygon","coordinates":[[[[17.096558,48.125649],[17.095611,48.126608],[17.095157,48.12626],[17.095049,48.126308],[17.094651,48.125992],[17.094384,48.12579],[17.094974,48.125391],[17.096088,48.124987],[17.095205,48.12369],[17.094042,48.124067],[17.094233,48.124397],[17.093102,48.124769],[17.0928,48.124514],[17.092234,48.124695],[17.092513,48.124934],[17.092218,48.125099],[17.091812,48.124828],[17.09139,48.124971],[17.091613,48.125178],[17.091374,48.125279],[17.091151,48.125067],[17.08975,48.12554],[17.089989,48.125774],[17.08975,48.125923],[17.089415,48.125646],[17.08881,48.125869],[17.093078,48.129611],[17.09362,48.128687],[17.09397,48.128793],[17.095228,48.127475],[17.095531,48.127592],[17.097235,48.125965],[17.096558,48.125649]]],[[[17.088523,48.12058],[17.088356,48.12024],[17.08932,48.120049],[17.089431,48.120277],[17.08979,48.120214],[17.089686,48.120001],[17.091541,48.11957],[17.090769,48.118667],[17.089176,48.119028],[17.088985,48.118571],[17.090403,48.118252],[17.089606,48.11738],[17.086501,48.11805],[17.087823,48.120665],[17.086803,48.120867],[17.087249,48.121782],[17.088173,48.121558],[17.087823,48.120761],[17.088523,48.12058]]],[[[17.094536,48.121394],[17.095553,48.122795],[17.095865,48.122691],[17.096311,48.123307],[17.098005,48.122772],[17.096972,48.121436],[17.097785,48.121149],[17.099104,48.12075],[17.098351,48.11998],[17.097163,48.120405],[17.096656,48.120596],[17.095153,48.118779],[17.093599,48.116856],[17.092666,48.11723],[17.094255,48.119083],[17.093302,48.119406],[17.093523,48.119655],[17.09295,48.119867],[17.094221,48.12149],[17.094536,48.121394]]]]}},{"type":"Feature","properties":{"kind":"okrsok","area":"yes","src":"flourish-2023","okrsok":"3","mcnorm":"petrzalka","obec":"Petržalka","name":"Petržalka okrsok 3","volici":"979","ucast_rel":"70.37","vitaz":"PS"},"geometry":{"type":"MultiPolygon","coordinates":[[[[17.085864,48.124626],[17.086477,48.124828],[17.086652,48.124604],[17.086015,48.124413],[17.085864,48.124626]]],[[[17.0987,48.124296],[17.09938,48.124157],[17.100291,48.124133],[17.101879,48.124021],[17.10051,48.122408],[17.098987,48.122595],[17.098398,48.122648],[17.096311,48.123307],[17.095865,48.122691],[17.087663,48.125434],[17.08881,48.125869],[17.089415,48.125646],[17.08975,48.125923],[17.089989,48.125774],[17.08975,48.12554],[17.091151,48.125067],[17.091374,48.125279],[17.091613,48.125178],[17.09139,48.124971],[17.091812,48.124828],[17.092218,48.125099],[17.092513,48.124934],[17.092234,48.124695],[17.0928,48.124514],[17.094042,48.124067],[17.095205,48.12369],[17.096088,48.124987],[17.094974,48.125391],[17.094384,48.12579],[17.094651,48.125992],[17.096164,48.125505],[17.096558,48.125649],[17.09757,48.124668],[17.0987,48.124296]]]]}},{"type":"Feature","properties":{"kind":"okrsok","area":"yes","src":"flourish-2023","okrsok":"4","mcnorm":"petrzalka","obec":"Petržalka","name":"Petržalka okrsok 4","volici":"966","ucast_rel":"77.74","vitaz":"PS"},"geometry":{"type":"MultiPolygon","coordinates":[[[[17.094878,48.129202],[17.096837,48.129133],[17.096885,48.13051],[17.09835,48.130478],[17.098215,48.128862],[17.098031,48.128734],[17.097044,48.128267],[17.095865,48.128309],[17.095921,48.128835],[17.094846,48.128873],[17.094878,48.129202]]]]}},{"type":"Feature","properties":{"kind":"okrsok","area":"yes","src":"flourish-2023","okrsok":"5","mcnorm":"petrzalka","obec":"Petržalka","name":"Petržalka okrsok 5","volici":"945","ucast_rel":"76.5","vitaz":"PS"},"geometry":{"type":"MultiPolygon","coordinates":[[[[17.103695,48.126299],[17.103267,48.12633],[17.102635,48.126395],[17.102659,48.1274],[17.099077,48.12753],[17.099113,48.128575],[17.10051,48.128527],[17.100461,48.130748],[17.101238,48.130715],[17.101481,48.13061],[17.1017,48.130245],[17.101542,48.128608],[17.102757,48.128559],[17.102769,48.129183],[17.103838,48.129143],[17.10497,48.129129],[17.105092,48.127621],[17.104921,48.126279],[17.103695,48.126299]]]]}},{"type":"Feature","properties":{"kind":"okrsok","area":"yes","src":"flourish-2023","okrsok":"6","mcnorm":"petrzalka","obec":"Petržalka","name":"Petržalka okrsok 6","volici":"1008","ucast_rel":"78.57","vitaz":"PS"},"geometry":{"type":"MultiPolygon","coordinates":[[[[17.103838,48.129143],[17.102769,48.129183],[17.102757,48.128559],[17.101542,48.128608],[17.1017,48.130245],[17.101481,48.13061],[17.101238,48.130715],[17.100461,48.130748],[17.099453,48.130788],[17.09955,48.131712],[17.102368,48.131599],[17.102878,48.131348],[17.10385,48.130594],[17.104417,48.130093],[17.104952,48.129437],[17.10497,48.129129],[17.103838,48.129143]]],[[[17.096885,48.13051],[17.096837,48.129133],[17.095689,48.129174],[17.095749,48.130545],[17.096885,48.13051]]],[[[17.101879,48.124021],[17.100291,48.124133],[17.100291,48.124133],[17.09938,48.124157],[17.0987,48.124296],[17.09757,48.124668],[17.096558,48.125649],[17.097235,48.125965],[17.096874,48.12631],[17.097935,48.126832],[17.099077,48.125633],[17.09972,48.125608],[17.099708,48.125539],[17.100692,48.125527],[17.103258,48.125448],[17.104533,48.125464],[17.103233,48.123989],[17.101879,48.124021]]]]}},{"type":"Feature","properties":{"kind":"okrsok","area":"yes","src":"flourish-2023","okrsok":"7","mcnorm":"petrzalka","obec":"Petržalka","name":"Petržalka okrsok 7","volici":"948","ucast_rel":"75.73","vitaz":"PS"},"geometry":{"type":"MultiPolygon","coordinates":[[[[17.096885,48.13051],[17.096562,48.13052],[17.096575,48.130918],[17.099453,48.130788],[17.100461,48.130748],[17.10051,48.128527],[17.099113,48.128575],[17.099077,48.12753],[17.098081,48.127967],[17.096076,48.127072],[17.095531,48.127592],[17.097044,48.128267],[17.098031,48.128734],[17.098215,48.128862],[17.09835,48.130478],[17.096885,48.13051]]]]}},{"type":"Feature","properties":{"kind":"okrsok","area":"yes","src":"flourish-2023","okrsok":"8","mcnorm":"petrzalka","obec":"Petržalka","name":"Petržalka okrsok 8","volici":"919","ucast_rel":"74.75","vitaz":"PS"},"geometry":{"type":"MultiPolygon","coordinates":[[[[17.094721,48.128007],[17.09397,48.128793],[17.09362,48.128687],[17.093078,48.129611],[17.094747,48.130946],[17.096575,48.130918],[17.096562,48.13052],[17.095749,48.130545],[17.095689,48.129174],[17.094878,48.129202],[17.094846,48.128873],[17.095921,48.128835],[17.095865,48.128309],[17.095558,48.128332],[17.094721,48.128007]]]]}},{"type":"Feature","properties":{"kind":"okrsok","area":"yes","src":"flourish-2023","okrsok":"9","mcnorm":"petrzalka","obec":"Petržalka","name":"Petržalka okrsok 9","volici":"951","ucast_rel":"74.44","vitaz":"PS"},"geometry":{"type":"MultiPolygon","coordinates":[[[[17.094721,48.128007],[17.095558,48.128332],[17.095865,48.128309],[17.097044,48.128267],[17.095531,48.127592],[17.095228,48.127475],[17.094721,48.128007]]],[[[17.096337,48.126823],[17.096076,48.127072],[17.098081,48.127967],[17.099077,48.12753],[17.100301,48.127485],[17.100191,48.126113],[17.099845,48.126121],[17.099863,48.126461],[17.099468,48.126474],[17.09945,48.126145],[17.099061,48.126166],[17.099074,48.126482],[17.098244,48.126508],[17.097935,48.126832],[17.097476,48.127309],[17.096337,48.126823]]]]}},{"type":"Feature","properties":{"kind":"okrsok","area":"yes","src":"flourish-2023","okrsok":"10","mcnorm":"petrzalka","obec":"Petržalka","name":"Petržalka okrsok 10","volici":"945","ucast_rel":"81.69","vitaz":"PS"},"geometry":{"type":"MultiPolygon","coordinates":[[[[17.096337,48.126823],[17.097476,48.127309],[17.097935,48.126832],[17.096874,48.12631],[17.096337,48.126823]]],[[[17.103258,48.125448],[17.100692,48.125527],[17.099708,48.125539],[17.09972,48.125608],[17.099077,48.125633],[17.098244,48.126508],[17.099074,48.126482],[17.099061,48.126166],[17.09945,48.126145],[17.099468,48.126474],[17.099863,48.126461],[17.099845,48.126121],[17.100191,48.126113],[17.100301,48.127485],[17.102659,48.1274],[17.102635,48.126395],[17.103267,48.12633],[17.103695,48.126299],[17.104921,48.126279],[17.104533,48.125464],[17.103258,48.125448]]]]}},{"type":"Feature","properties":{"kind":"okrsok","area":"yes","src":"flourish-2023","okrsok":"11","mcnorm":"petrzalka","obec":"Petržalka","name":"Petržalka okrsok 11","volici":"1098","ucast_rel":"72.76","vitaz":"PS"},"geometry":{"type":"MultiPolygon","coordinates":[[[[17.113387,48.123052],[17.112779,48.123523],[17.110229,48.123798],[17.110375,48.12516],[17.113144,48.125095],[17.114043,48.125695],[17.11414,48.126944],[17.116791,48.126905],[17.116763,48.126607],[17.116496,48.126048],[17.115995,48.125538],[17.114674,48.124192],[17.113387,48.123052]]]]}},{"type":"Feature","properties":{"kind":"okrsok","area":"yes","src":"flourish-2023","okrsok":"12","mcnorm":"petrzalka","obec":"Petržalka","name":"Petržalka okrsok 12","volici":"937","ucast_rel":"74.49","vitaz":"PS"},"geometry":{"type":"MultiPolygon","coordinates":[[[[17.114646,48.126936],[17.11414,48.126944],[17.114043,48.125695],[17.113144,48.125095],[17.112454,48.125112],[17.112488,48.125922],[17.11035,48.125995],[17.110411,48.126498],[17.112719,48.126482],[17.112816,48.127673],[17.113897,48.128046],[17.114724,48.128007],[17.114646,48.126936]]]]}},{"type":"Feature","properties":{"kind":"okrsok","area":"yes","src":"flourish-2023","okrsok":"13","mcnorm":"petrzalka","obec":"Petržalka","name":"Petržalka okrsok 13","volici":"958","ucast_rel":"75.57","vitaz":"PS"},"geometry":{"type":"MultiPolygon","coordinates":[[[[17.116791,48.126905],[17.114646,48.126936],[17.114724,48.128007],[17.116873,48.127939],[17.116791,48.126905]]],[[[17.109525,48.12379],[17.103233,48.123989],[17.104533,48.125464],[17.104836,48.1261],[17.108316,48.126003],[17.108231,48.124731],[17.109603,48.124682],[17.109525,48.12379]]]]}},{"type":"Feature","properties":{"kind":"okrsok","area":"yes","src":"flourish-2023","okrsok":"14","mcnorm":"petrzalka","obec":"Petržalka","name":"Petržalka okrsok 14","volici":"1150","ucast_rel":"79.47","vitaz":"PS"},"geometry":{"type":"MultiPolygon","coordinates":[[[[17.108316,48.126003],[17.11035,48.125995],[17.112488,48.125922],[17.112454,48.125112],[17.110375,48.12516],[17.110229,48.123798],[17.109525,48.12379],[17.109603,48.124682],[17.108231,48.124731],[17.108316,48.126003]]]]}},{"type":"Feature","properties":{"kind":"okrsok","area":"yes","src":"flourish-2023","okrsok":"15","mcnorm":"petrzalka","obec":"Petržalka","name":"Petržalka okrsok 15","volici":"981","ucast_rel":"74.31","vitaz":"PS"},"geometry":{"type":"MultiPolygon","coordinates":[[[[17.110411,48.126498],[17.11035,48.125995],[17.108316,48.126003],[17.104836,48.1261],[17.104921,48.126279],[17.105092,48.127621],[17.105037,48.128302],[17.110041,48.128225],[17.109834,48.126522],[17.110411,48.126498]]]]}},{"type":"Feature","properties":{"kind":"okrsok","area":"yes","src":"flourish-2023","okrsok":"16","mcnorm":"petrzalka","obec":"Petržalka","name":"Petržalka okrsok 16","volici":"960","ucast_rel":"75.62","vitaz":"PS"},"geometry":{"type":"MultiPolygon","coordinates":[[[[17.104952,48.129437],[17.106427,48.13109],[17.107399,48.131463],[17.114346,48.131188],[17.114249,48.130069],[17.112864,48.130142],[17.112767,48.128812],[17.11012,48.12891],[17.110041,48.128225],[17.105037,48.128302],[17.10497,48.129129],[17.104952,48.129437]]],[[[17.110041,48.128225],[17.110885,48.127605],[17.1108,48.126495],[17.110411,48.126498],[17.109834,48.126522],[17.110041,48.128225]]]]}},{"type":"Feature","properties":{"kind":"okrsok","area":"yes","src":"flourish-2023","okrsok":"17","mcnorm":"petrzalka","obec":"Petržalka","name":"Petržalka okrsok 17","volici":"918","ucast_rel":"75.92","vitaz":"PS"},"geometry":{"type":"MultiPolygon","coordinates":[[[[17.114346,48.131188],[17.11686,48.131098],[17.116642,48.129591],[17.11414,48.129688],[17.114043,48.128796],[17.112767,48.128812],[17.112864,48.130142],[17.114249,48.130069],[17.114346,48.131188]]],[[[17.110041,48.128225],[17.112713,48.128119],[17.112713,48.127678],[17.112816,48.127673],[17.112719,48.126482],[17.1108,48.126495],[17.110885,48.127605],[17.110041,48.128225]]]]}},{"type":"Feature","properties":{"kind":"okrsok","area":"yes","src":"flourish-2023","okrsok":"18","mcnorm":"petrzalka","obec":"Petržalka","name":"Petržalka okrsok 18","volici":"887","ucast_rel":"75.64","vitaz":"PS"},"geometry":{"type":"MultiPolygon","coordinates":[[[[17.116642,48.129591],[17.116873,48.127939],[17.114724,48.128007],[17.113897,48.128046],[17.112816,48.127673],[17.112713,48.127678],[17.112713,48.128119],[17.110041,48.128225],[17.11012,48.12891],[17.112767,48.128812],[17.114043,48.128796],[17.11414,48.129688],[17.116642,48.129591]]]]}},{"type":"Feature","properties":{"kind":"okrsok","area":"yes","src":"flourish-2023","okrsok":"19","mcnorm":"petrzalka","obec":"Petržalka","name":"Petržalka okrsok 19","volici":"825","ucast_rel":"85.93","vitaz":"PS"},"geometry":{"type":"MultiPolygon","coordinates":[[[[17.110927,48.1206],[17.106215,48.120819],[17.104187,48.121665],[17.104958,48.122562],[17.104958,48.122562],[17.112822,48.122335],[17.110927,48.1206]]]]}},{"type":"Feature","properties":{"kind":"okrsok","area":"yes","src":"flourish-2023","okrsok":"20","mcnorm":"petrzalka","obec":"Petržalka","name":"Petržalka okrsok 20","volici":"875","ucast_rel":"74.17","vitaz":"PS"},"geometry":{"type":"MultiPolygon","coordinates":[[[[17.099329,48.119606],[17.098351,48.11998],[17.099104,48.12075],[17.10051,48.122408],[17.101879,48.124021],[17.103233,48.123989],[17.102129,48.122786],[17.100434,48.120849],[17.099795,48.120124],[17.099329,48.119606]]],[[[17.110241,48.11983],[17.105845,48.120097],[17.105368,48.120338],[17.105368,48.120338],[17.103756,48.121151],[17.103921,48.121357],[17.104187,48.121665],[17.106215,48.120819],[17.110927,48.1206],[17.110241,48.11983]]],[[[17.108577,48.117357],[17.105638,48.117414],[17.105772,48.1191],[17.105371,48.119327],[17.109622,48.119165],[17.109306,48.118865],[17.108881,48.118297],[17.108577,48.117357]]]]}},{"type":"Feature","properties":{"kind":"okrsok","area":"yes","src":"flourish-2023","okrsok":"21","mcnorm":"petrzalka","obec":"Petržalka","name":"Petržalka okrsok 21","volici":"919","ucast_rel":"72.9","vitaz":"PS"},"geometry":{"type":"MultiPolygon","coordinates":[[[[17.099795,48.120124],[17.100434,48.120849],[17.101314,48.120454],[17.105368,48.120338],[17.105845,48.120097],[17.110241,48.11983],[17.109622,48.119165],[17.105371,48.119327],[17.10361,48.120113],[17.101266,48.12017],[17.10078,48.119692],[17.099795,48.120124]]]]}},{"type":"Feature","properties":{"kind":"okrsok","area":"yes","src":"flourish-2023","okrsok":"22","mcnorm":"petrzalka","obec":"Petržalka","name":"Petržalka okrsok 22","volici":"845","ucast_rel":"78.1","vitaz":"PS"},"geometry":{"type":"MultiPolygon","coordinates":[[[[17.103921,48.121357],[17.103136,48.121684],[17.103622,48.122195],[17.102129,48.122786],[17.103233,48.123989],[17.106268,48.123893],[17.10678,48.123184],[17.106777,48.122509],[17.104958,48.122562],[17.104958,48.122562],[17.104187,48.121665],[17.103921,48.121357],[17.103921,48.121357]]]]}},{"type":"Feature","properties":{"kind":"okrsok","area":"yes","src":"flourish-2023","okrsok":"23","mcnorm":"petrzalka","obec":"Petržalka","name":"Petržalka okrsok 23","volici":"825","ucast_rel":"75.03","vitaz":"PS"},"geometry":{"type":"MultiPolygon","coordinates":[[[[17.112822,48.122335],[17.106777,48.122509],[17.10678,48.123184],[17.106268,48.123893],[17.109525,48.12379],[17.110229,48.123798],[17.112779,48.123523],[17.113387,48.123052],[17.112822,48.122335]]],[[[17.105368,48.120338],[17.101314,48.120454],[17.100434,48.120849],[17.102129,48.122786],[17.103622,48.122195],[17.103136,48.121684],[17.103921,48.121357],[17.103756,48.121151],[17.105368,48.120338]]]]}},{"type":"Feature","properties":{"kind":"okrsok","area":"yes","src":"flourish-2023","okrsok":"24","mcnorm":"petrzalka","obec":"Petržalka","name":"Petržalka okrsok 24","volici":"976","ucast_rel":"72.54","vitaz":"PS"},"geometry":{"type":"MultiPolygon","coordinates":[[[[17.101084,48.111149],[17.099044,48.112024],[17.09642,48.113403],[17.098364,48.115471],[17.097817,48.11573],[17.098777,48.116752],[17.09936,48.116484],[17.100173,48.11736],[17.100635,48.117157],[17.099967,48.116379],[17.10055,48.116087],[17.09992,48.115397],[17.098631,48.113987],[17.10021,48.113241],[17.101181,48.113095],[17.101084,48.111149]]]]}},{"type":"Feature","properties":{"kind":"okrsok","area":"yes","src":"flourish-2023","okrsok":"25","mcnorm":"petrzalka","obec":"Petržalka","name":"Petržalka okrsok 25","volici":"945","ucast_rel":"69.73","vitaz":"PS"},"geometry":{"type":"MultiPolygon","coordinates":[[[[17.09845,48.116404],[17.097064,48.117003],[17.098801,48.118949],[17.100355,48.118252],[17.099772,48.117587],[17.100173,48.11736],[17.09936,48.116484],[17.098777,48.116752],[17.09845,48.116404]]],[[[17.101181,48.113095],[17.10021,48.113241],[17.098631,48.113987],[17.09992,48.115397],[17.101764,48.114587],[17.101376,48.114149],[17.101181,48.113095]]]]}},{"type":"Feature","properties":{"kind":"okrsok","area":"yes","src":"flourish-2023","okrsok":"26","mcnorm":"petrzalka","obec":"Petržalka","name":"Petržalka okrsok 26","volici":"895","ucast_rel":"74.18","vitaz":"PS"},"geometry":{"type":"MultiPolygon","coordinates":[[[[17.102006,48.118792],[17.105738,48.118678],[17.105638,48.117414],[17.104734,48.117299],[17.103264,48.117891],[17.102839,48.117469],[17.10194,48.117891],[17.102006,48.118792]]],[[[17.097817,48.11573],[17.096487,48.116269],[17.097064,48.117003],[17.09845,48.116404],[17.097817,48.11573]]]]}},{"type":"Feature","properties":{"kind":"okrsok","area":"yes","src":"flourish-2023","okrsok":"27","mcnorm":"petrzalka","obec":"Petržalka","name":"Petržalka okrsok 27","volici":"893","ucast_rel":"66.51","vitaz":"PS"},"geometry":{"type":"MultiPolygon","coordinates":[[[[17.105738,48.118678],[17.103909,48.118734],[17.103956,48.119431],[17.104685,48.119633],[17.105371,48.119327],[17.105772,48.1191],[17.105738,48.118678]]],[[[17.103264,48.117891],[17.104734,48.117299],[17.102827,48.115614],[17.102827,48.115614],[17.102669,48.115475],[17.101527,48.11605],[17.102839,48.117469],[17.103264,48.117891]]]]}},{"type":"Feature","properties":{"kind":"okrsok","area":"yes","src":"flourish-2023","okrsok":"28","mcnorm":"petrzalka","obec":"Petržalka","name":"Petržalka okrsok 28","volici":"841","ucast_rel":"70.74","vitaz":"PS"},"geometry":{"type":"MultiPolygon","coordinates":[[[[17.101764,48.114587],[17.09992,48.115397],[17.10055,48.116087],[17.099967,48.116379],[17.100635,48.117157],[17.100173,48.11736],[17.099772,48.117587],[17.100355,48.118252],[17.098801,48.118949],[17.099329,48.119606],[17.099795,48.120124],[17.10078,48.119692],[17.101266,48.12017],[17.10361,48.120113],[17.104685,48.119633],[17.103956,48.119431],[17.103909,48.118734],[17.102006,48.118792],[17.10194,48.117891],[17.102839,48.117469],[17.101527,48.11605],[17.102669,48.115475],[17.101764,48.114587]]],[[[17.09642,48.113403],[17.096487,48.116269],[17.097817,48.11573],[17.098364,48.115471],[17.09642,48.113403]]]]}},{"type":"Feature","properties":{"kind":"okrsok","area":"yes","src":"flourish-2023","okrsok":"29","mcnorm":"petrzalka","obec":"Petržalka","name":"Petržalka okrsok 29","volici":"884","ucast_rel":"76.35","vitaz":"PS"},"geometry":{"type":"MultiPolygon","coordinates":[[[[17.105062,48.110763],[17.102463,48.110861],[17.101084,48.111149],[17.101125,48.111962],[17.102633,48.111915],[17.102572,48.111453],[17.105122,48.111363],[17.10539,48.114923],[17.108377,48.114818],[17.108217,48.113083],[17.108013,48.110885],[17.105681,48.110958],[17.105062,48.110763]]]]}},{"type":"Feature","properties":{"kind":"okrsok","area":"yes","src":"flourish-2023","okrsok":"30","mcnorm":"petrzalka","obec":"Petržalka","name":"Petržalka okrsok 30","volici":"858","ucast_rel":"74.12","vitaz":"PS"},"geometry":{"type":"MultiPolygon","coordinates":[[[[17.108577,48.117357],[17.108377,48.114818],[17.10539,48.114923],[17.105122,48.111363],[17.102572,48.111453],[17.102633,48.111915],[17.102633,48.112182],[17.103714,48.112142],[17.10375,48.112847],[17.104782,48.112807],[17.104965,48.115304],[17.10471,48.115304],[17.104734,48.117299],[17.105638,48.117414],[17.108577,48.117357]]]]}},{"type":"Feature","properties":{"kind":"okrsok","area":"yes","src":"flourish-2023","okrsok":"31","mcnorm":"petrzalka","obec":"Petržalka","name":"Petržalka okrsok 31","volici":"886","ucast_rel":"75.28","vitaz":"PS"},"geometry":{"type":"MultiPolygon","coordinates":[[[[17.102681,48.112912],[17.101174,48.112952],[17.101181,48.113095],[17.101376,48.114149],[17.10273,48.113699],[17.104017,48.115085],[17.102827,48.115614],[17.104734,48.117299],[17.10471,48.115304],[17.104965,48.115304],[17.10494,48.114973],[17.104624,48.114956],[17.103434,48.113245],[17.102681,48.113237],[17.102681,48.112912]]]]}},{"type":"Feature","properties":{"kind":"okrsok","area":"yes","src":"flourish-2023","okrsok":"32","mcnorm":"petrzalka","obec":"Petržalka","name":"Petržalka okrsok 32","volici":"890","ucast_rel":"66.96","vitaz":"PS"},"geometry":{"type":"MultiPolygon","coordinates":[[[[17.10494,48.114973],[17.104782,48.112807],[17.10375,48.112847],[17.103714,48.112142],[17.102633,48.112182],[17.102633,48.111915],[17.101125,48.111962],[17.101174,48.112952],[17.102681,48.112912],[17.102681,48.113237],[17.103434,48.113245],[17.104624,48.114956],[17.10494,48.114973]]],[[[17.102827,48.115614],[17.104017,48.115085],[17.10273,48.113699],[17.101376,48.114149],[17.101764,48.114587],[17.102669,48.115475],[17.102827,48.115614]]]]}},{"type":"Feature","properties":{"kind":"okrsok","area":"yes","src":"flourish-2023","okrsok":"33","mcnorm":"petrzalka","obec":"Petržalka","name":"Petržalka okrsok 33","volici":"927","ucast_rel":"66.66","vitaz":"PS"},"geometry":{"type":"MultiPolygon","coordinates":[[[[17.120383,48.116476],[17.118456,48.118984],[17.117978,48.119606],[17.118658,48.119865],[17.119731,48.118479],[17.123638,48.119829],[17.124245,48.118864],[17.120452,48.117548],[17.121099,48.116711],[17.120383,48.116476]]],[[[17.111359,48.11586],[17.108467,48.115961],[17.108577,48.117357],[17.111924,48.117226],[17.112367,48.117117],[17.11258,48.116849],[17.112543,48.115973],[17.111377,48.11601],[17.111359,48.11586]]],[[[17.126796,48.110001],[17.125192,48.112191],[17.128836,48.112093],[17.126796,48.110001]]]]}},{"type":"Feature","properties":{"kind":"okrsok","area":"yes","src":"flourish-2023","okrsok":"34","mcnorm":"petrzalka","obec":"Petržalka","name":"Petržalka okrsok 34","volici":"926","ucast_rel":"63.49","vitaz":"Smer"},"geometry":{"type":"MultiPolygon","coordinates":[[[[17.11074,48.112973],[17.108217,48.113083],[17.108377,48.114818],[17.108467,48.115961],[17.110482,48.11589],[17.110327,48.113881],[17.110788,48.113541],[17.11074,48.112973]]]]}},{"type":"Feature","properties":{"kind":"okrsok","area":"yes","src":"flourish-2023","okrsok":"35","mcnorm":"petrzalka","obec":"Petržalka","name":"Petržalka okrsok 35","volici":"983","ucast_rel":"72.12","vitaz":"PS"},"geometry":{"type":"MultiPolygon","coordinates":[[[[17.118434,48.11575],[17.117657,48.116788],[17.116566,48.116406],[17.116217,48.11689],[17.116849,48.117108],[17.116047,48.118163],[17.118456,48.118984],[17.120383,48.116476],[17.118434,48.11575]]],[[[17.11499,48.11719],[17.114407,48.117226],[17.114468,48.118758],[17.114808,48.118767],[17.115403,48.11796],[17.115804,48.117457],[17.11499,48.11719]]],[[[17.110108,48.110354],[17.108013,48.110885],[17.108217,48.113083],[17.11074,48.112973],[17.110667,48.111813],[17.11227,48.111757],[17.112173,48.110492],[17.110108,48.110354]]]]}},{"type":"Feature","properties":{"kind":"okrsok","area":"yes","src":"flourish-2023","okrsok":"38","mcnorm":"petrzalka","obec":"Petržalka","name":"Petržalka okrsok 38","volici":"1064","ucast_rel":"70.58","vitaz":"PS"},"geometry":{"type":"MultiPolygon","coordinates":[[[[17.11193,48.117457],[17.113606,48.117352],[17.113411,48.114672],[17.113375,48.114181],[17.112403,48.114214],[17.112403,48.114473],[17.111274,48.114514],[17.111286,48.114708],[17.111784,48.1147],[17.111821,48.115252],[17.110437,48.115308],[17.110482,48.11589],[17.111359,48.11586],[17.111377,48.11601],[17.112543,48.115973],[17.11258,48.116849],[17.112367,48.117117],[17.111924,48.117226],[17.11193,48.117457]]]]}},{"type":"Feature","properties":{"kind":"okrsok","area":"yes","src":"flourish-2023","okrsok":"36","mcnorm":"petrzalka","obec":"Petržalka","name":"Petržalka okrsok 36","volici":"844","ucast_rel":"76.18","vitaz":"PS"},"geometry":{"type":"MultiPolygon","coordinates":[[[[17.116566,48.116406],[17.116566,48.116406],[17.117657,48.116788],[17.118434,48.11575],[17.117383,48.115276],[17.115768,48.114716],[17.11499,48.115754],[17.115853,48.116046],[17.11499,48.11719],[17.115804,48.117457],[17.115403,48.11796],[17.116047,48.118163],[17.116849,48.117108],[17.116217,48.11689],[17.116566,48.116406]]]]}},{"type":"Feature","properties":{"kind":"okrsok","area":"yes","src":"flourish-2023","okrsok":"37","mcnorm":"petrzalka","obec":"Petržalka","name":"Petržalka okrsok 37","volici":"2720","ucast_rel":"28.6","vitaz":"PS"},"geometry":{"type":"MultiPolygon","coordinates":[[[[17.114608,48.113147],[17.113944,48.113993],[17.113411,48.114672],[17.11532,48.115314],[17.115768,48.114716],[17.116467,48.113804],[17.114608,48.113147]]]]}},{"type":"Feature","properties":{"kind":"okrsok","area":"yes","src":"flourish-2023","okrsok":"39","mcnorm":"petrzalka","obec":"Petržalka","name":"Petržalka okrsok 39","volici":"995","ucast_rel":"73.96","vitaz":"PS"},"geometry":{"type":"MultiPolygon","coordinates":[[[[17.114366,48.110483],[17.112173,48.110492],[17.11227,48.111757],[17.110667,48.111813],[17.11074,48.112973],[17.110788,48.113541],[17.110327,48.113881],[17.110419,48.115081],[17.111311,48.115044],[17.111286,48.114708],[17.111274,48.114514],[17.112403,48.114473],[17.112403,48.114214],[17.112368,48.113451],[17.113944,48.113993],[17.114608,48.113147],[17.114608,48.113147],[17.114366,48.110483]]]]}},{"type":"Feature","properties":{"kind":"okrsok","area":"yes","src":"flourish-2023","okrsok":"40","mcnorm":"petrzalka","obec":"Petržalka","name":"Petržalka okrsok 40","volici":"1032","ucast_rel":"73.64","vitaz":"PS"},"geometry":{"type":"MultiPolygon","coordinates":[[[[17.113411,48.114672],[17.113606,48.117352],[17.114407,48.117226],[17.11499,48.11719],[17.115853,48.116046],[17.11499,48.115754],[17.11532,48.115314],[17.113411,48.114672]]],[[[17.119983,48.112588],[17.1176,48.115374],[17.118434,48.11575],[17.119421,48.116118],[17.121034,48.113907],[17.122085,48.114226],[17.122611,48.113545],[17.119983,48.112588]]],[[[17.111784,48.1147],[17.111286,48.114708],[17.111311,48.115044],[17.110419,48.115081],[17.110437,48.115308],[17.111821,48.115252],[17.111784,48.1147]]],[[[17.112368,48.113451],[17.112403,48.114214],[17.113375,48.114181],[17.113411,48.114672],[17.113944,48.113993],[17.112368,48.113451]]],[[[17.123375,48.111499],[17.12285,48.111546],[17.122897,48.111871],[17.123399,48.111839],[17.123375,48.111499]]]]}},{"type":"Feature","properties":{"kind":"okrsok","area":"yes","src":"flourish-2023","okrsok":"41","mcnorm":"petrzalka","obec":"Petržalka","name":"Petržalka okrsok 41","volici":"1017","ucast_rel":"71.68","vitaz":"PS"},"geometry":{"type":"MultiPolygon","coordinates":[[[[17.111014,48.117262],[17.111074,48.117967],[17.111803,48.117951],[17.111888,48.118778],[17.112471,48.118778],[17.112434,48.118276],[17.114446,48.118211],[17.114407,48.117226],[17.113606,48.117352],[17.11193,48.117457],[17.111924,48.117226],[17.111014,48.117262]]],[[[17.111062,48.118065],[17.108825,48.118123],[17.108881,48.118297],[17.109306,48.118865],[17.109622,48.119165],[17.111244,48.118474],[17.111062,48.118065]]],[[[17.114468,48.118758],[17.113643,48.118794],[17.113679,48.119386],[17.115173,48.119346],[17.11572,48.118835],[17.114808,48.118767],[17.114468,48.118758]]],[[[17.117177,48.120351],[17.117784,48.119565],[17.117104,48.119305],[17.116473,48.120124],[17.117177,48.120351]]]]}},{"type":"Feature","properties":{"kind":"okrsok","area":"yes","src":"flourish-2023","okrsok":"42","mcnorm":"petrzalka","obec":"Petržalka","name":"Petržalka okrsok 42","volici":"931","ucast_rel":"72.18","vitaz":"PS"},"geometry":{"type":"MultiPolygon","coordinates":[[[[17.115403,48.11796],[17.114808,48.118767],[17.11572,48.118835],[17.117104,48.119305],[17.117784,48.119565],[17.117978,48.119606],[17.118456,48.118984],[17.118456,48.118984],[17.116047,48.118163],[17.115403,48.11796]]],[[[17.114446,48.118211],[17.112434,48.118276],[17.112471,48.118778],[17.113643,48.118794],[17.114468,48.118758],[17.114446,48.118211]]]]}},{"type":"Feature","properties":{"kind":"okrsok","area":"yes","src":"flourish-2023","okrsok":"43","mcnorm":"petrzalka","obec":"Petržalka","name":"Petržalka okrsok 43","volici":"944","ucast_rel":"72.66","vitaz":"PS"},"geometry":{"type":"MultiPolygon","coordinates":[[[[17.109622,48.119165],[17.110241,48.11983],[17.110927,48.1206],[17.112822,48.122335],[17.114104,48.122196],[17.114032,48.121555],[17.113218,48.121888],[17.1121,48.120684],[17.113655,48.120027],[17.114359,48.120011],[17.11431,48.119369],[17.113679,48.119386],[17.113643,48.118794],[17.111888,48.118778],[17.111244,48.118474],[17.109622,48.119165]]]]}},{"type":"Feature","properties":{"kind":"okrsok","area":"yes","src":"flourish-2023","okrsok":"44","mcnorm":"petrzalka","obec":"Petržalka","name":"Petržalka okrsok 44","volici":"918","ucast_rel":"70.04","vitaz":"PS"},"geometry":{"type":"MultiPolygon","coordinates":[[[[17.113387,48.123052],[17.113947,48.12265],[17.115525,48.122601],[17.116169,48.122528],[17.116788,48.122228],[17.117918,48.120793],[17.11691,48.120452],[17.116121,48.121498],[17.114032,48.121555],[17.114104,48.122196],[17.112822,48.122335],[17.113387,48.123052]]]]}},{"type":"Feature","properties":{"kind":"okrsok","area":"yes","src":"flourish-2023","okrsok":"45","mcnorm":"petrzalka","obec":"Petržalka","name":"Petržalka okrsok 45","volici":"1091","ucast_rel":"69.56","vitaz":"PS"},"geometry":{"type":"MultiPolygon","coordinates":[[[[17.117918,48.120793],[17.118658,48.119865],[17.117978,48.119606],[17.117784,48.119565],[17.117177,48.120351],[17.116473,48.120124],[17.117104,48.119305],[17.11572,48.118835],[17.115173,48.119346],[17.11431,48.119369],[17.114359,48.120011],[17.113655,48.120027],[17.1121,48.120684],[17.113218,48.121888],[17.114032,48.121555],[17.116121,48.121498],[17.11691,48.120452],[17.117918,48.120793]]],[[[17.111888,48.118778],[17.111803,48.117951],[17.111074,48.117967],[17.111014,48.117262],[17.108577,48.117357],[17.108825,48.118123],[17.111062,48.118065],[17.111244,48.118474],[17.111888,48.118778]]]]}},{"type":"Feature","properties":{"kind":"okrsok","area":"yes","src":"flourish-2023","okrsok":"46","mcnorm":"petrzalka","obec":"Petržalka","name":"Petržalka okrsok 46","volici":"933","ucast_rel":"76.84","vitaz":"PS"},"geometry":{"type":"MultiPolygon","coordinates":[[[[17.119855,48.123833],[17.118871,48.124279],[17.119163,48.124571],[17.118774,48.124733],[17.118531,48.124482],[17.115995,48.125538],[17.116496,48.126048],[17.116496,48.126048],[17.116763,48.126607],[17.118786,48.125779],[17.119066,48.126047],[17.121143,48.125155],[17.120267,48.124256],[17.120267,48.124256],[17.119855,48.123833]]]]}},{"type":"Feature","properties":{"kind":"okrsok","area":"yes","src":"flourish-2023","okrsok":"47","mcnorm":"petrzalka","obec":"Petržalka","name":"Petržalka okrsok 47","volici":"908","ucast_rel":"71.58","vitaz":"PS"},"geometry":{"type":"MultiPolygon","coordinates":[[[[17.122466,48.125195],[17.121896,48.125933],[17.122721,48.126111],[17.122661,48.12522],[17.122466,48.125195]]],[[[17.116169,48.122528],[17.115525,48.122601],[17.113947,48.12265],[17.113387,48.123052],[17.114674,48.124192],[17.115995,48.125538],[17.118531,48.124482],[17.118774,48.124733],[17.119163,48.124571],[17.118871,48.124279],[17.117803,48.123096],[17.116552,48.123063],[17.116169,48.122528]]]]}},{"type":"Feature","properties":{"kind":"okrsok","area":"yes","src":"flourish-2023","okrsok":"48","mcnorm":"petrzalka","obec":"Petržalka","name":"Petržalka okrsok 48","volici":"940","ucast_rel":"71.27","vitaz":"PS"},"geometry":{"type":"MultiPolygon","coordinates":[[[[17.116169,48.122528],[17.116552,48.123063],[17.117803,48.123096],[17.119892,48.120242],[17.118658,48.119865],[17.116788,48.122228],[17.116169,48.122528]]],[[[17.122721,48.126111],[17.123474,48.126087],[17.123414,48.125187],[17.122661,48.12522],[17.122721,48.126111]]]]}},{"type":"Feature","properties":{"kind":"okrsok","area":"yes","src":"flourish-2023","okrsok":"49","mcnorm":"petrzalka","obec":"Petržalka","name":"Petržalka okrsok 49","volici":"860","ucast_rel":"69.76","vitaz":"PS"},"geometry":{"type":"MultiPolygon","coordinates":[[[[17.118881,48.121623],[17.12096,48.122342],[17.121555,48.121434],[17.121446,48.120939],[17.121045,48.120607],[17.119892,48.120242],[17.118881,48.121623]]],[[[17.120681,48.122739],[17.119855,48.123833],[17.120267,48.124256],[17.120815,48.123995],[17.121507,48.123014],[17.120681,48.122739]]]]}},{"type":"Feature","properties":{"kind":"okrsok","area":"yes","src":"flourish-2023","okrsok":"50","mcnorm":"petrzalka","obec":"Petržalka","name":"Petržalka okrsok 50","volici":"944","ucast_rel":"71.71","vitaz":"PS"},"geometry":{"type":"MultiPolygon","coordinates":[[[[17.120924,48.12384],[17.120815,48.123995],[17.120267,48.124256],[17.121143,48.125155],[17.121896,48.125933],[17.122466,48.125195],[17.12183,48.124636],[17.120924,48.12384]]],[[[17.118881,48.121623],[17.117803,48.123096],[17.118871,48.124279],[17.119855,48.123833],[17.120681,48.122739],[17.12096,48.122342],[17.118881,48.121623]]]]}},{"type":"Feature","properties":{"kind":"okrsok","area":"yes","src":"flourish-2023","okrsok":"51","mcnorm":"petrzalka","obec":"Petržalka","name":"Petržalka okrsok 51","volici":"923","ucast_rel":"75.29","vitaz":"PS"},"geometry":{"type":"MultiPolygon","coordinates":[[[[17.119731,48.118479],[17.118658,48.119865],[17.119892,48.120242],[17.121045,48.120607],[17.121446,48.120939],[17.121555,48.121434],[17.12096,48.122342],[17.120681,48.122739],[17.121507,48.123014],[17.120924,48.12384],[17.12183,48.124636],[17.123765,48.124433],[17.125724,48.12202],[17.122762,48.120925],[17.123638,48.119829],[17.119731,48.118479]]]]}},{"type":"Feature","properties":{"kind":"okrsok","area":"yes","src":"flourish-2023","okrsok":"52","mcnorm":"petrzalka","obec":"Petržalka","name":"Petržalka okrsok 52","volici":"742","ucast_rel":"71.83","vitaz":"PS"},"geometry":{"type":"MultiPolygon","coordinates":[[[[17.118786,48.125779],[17.116763,48.126607],[17.116791,48.126905],[17.116873,48.127939],[17.119911,48.127856],[17.119871,48.12733],[17.120532,48.127314],[17.120492,48.126697],[17.119672,48.126729],[17.11964,48.126352],[17.119066,48.126047],[17.118786,48.125779]]],[[[17.124061,48.124068],[17.123765,48.124433],[17.12183,48.124636],[17.122466,48.125195],[17.122661,48.12522],[17.123414,48.125187],[17.123474,48.126087],[17.125438,48.126038],[17.12539,48.125241],[17.125804,48.124709],[17.124061,48.124068]]]]}},{"type":"Feature","properties":{"kind":"okrsok","area":"yes","src":"flourish-2023","okrsok":"53","mcnorm":"petrzalka","obec":"Petržalka","name":"Petržalka okrsok 53","volici":"826","ucast_rel":"71.67","vitaz":"PS"},"geometry":{"type":"MultiPolygon","coordinates":[[[[17.119911,48.127856],[17.121201,48.127808],[17.121169,48.126958],[17.120511,48.126978],[17.120532,48.127314],[17.119871,48.12733],[17.119911,48.127856]]],[[[17.125724,48.12202],[17.124061,48.124068],[17.125804,48.124709],[17.126911,48.125151],[17.128121,48.123566],[17.12701,48.123178],[17.127405,48.122642],[17.125724,48.12202]]],[[[17.120895,48.126665],[17.120855,48.126059],[17.120259,48.125534],[17.119066,48.126047],[17.11964,48.126352],[17.119672,48.126729],[17.120492,48.126697],[17.120895,48.126665]]]]}},{"type":"Feature","properties":{"kind":"okrsok","area":"yes","src":"flourish-2023","okrsok":"54","mcnorm":"petrzalka","obec":"Petržalka","name":"Petržalka okrsok 54","volici":"946","ucast_rel":"71.56","vitaz":"PS"},"geometry":{"type":"MultiPolygon","coordinates":[[[[17.121201,48.127808],[17.124574,48.127665],[17.124484,48.126062],[17.123474,48.126087],[17.122721,48.126111],[17.121896,48.125933],[17.121143,48.125155],[17.120259,48.125534],[17.120855,48.126059],[17.120895,48.126665],[17.120492,48.126697],[17.120511,48.126978],[17.121169,48.126958],[17.121201,48.127808]]]]}},{"type":"Feature","properties":{"kind":"okrsok","area":"yes","src":"flourish-2023","okrsok":"55","mcnorm":"petrzalka","obec":"Petržalka","name":"Petržalka okrsok 55","volici":"963","ucast_rel":"74.03","vitaz":"PS"},"geometry":{"type":"MultiPolygon","coordinates":[[[[17.124574,48.127665],[17.123266,48.12772],[17.123371,48.129296],[17.122157,48.129344],[17.122193,48.129722],[17.125696,48.129594],[17.125585,48.127617],[17.125497,48.126777],[17.125438,48.126038],[17.124484,48.126062],[17.124574,48.127665]]]]}},{"type":"Feature","properties":{"kind":"okrsok","area":"yes","src":"flourish-2023","okrsok":"56","mcnorm":"petrzalka","obec":"Petržalka","name":"Petržalka okrsok 56","volici":"1017","ucast_rel":"70.59","vitaz":"PS"},"geometry":{"type":"MultiPolygon","coordinates":[[[[17.122193,48.129722],[17.122009,48.129711],[17.122105,48.13087],[17.127409,48.130508],[17.127313,48.127532],[17.126549,48.127542],[17.126549,48.126735],[17.125497,48.126777],[17.125585,48.127617],[17.125696,48.129594],[17.122193,48.129722]]],[[[17.127405,48.122642],[17.12701,48.123178],[17.128121,48.123566],[17.129332,48.123944],[17.129817,48.123295],[17.129809,48.122392],[17.128042,48.121775],[17.127405,48.122642]]]]}},{"type":"Feature","properties":{"kind":"okrsok","area":"yes","src":"flourish-2023","okrsok":"57","mcnorm":"petrzalka","obec":"Petržalka","name":"Petržalka okrsok 57","volici":"864","ucast_rel":"75.57","vitaz":"PS"},"geometry":{"type":"MultiPolygon","coordinates":[[[[17.122105,48.13087],[17.122009,48.129711],[17.122193,48.129722],[17.122157,48.129344],[17.123371,48.129296],[17.123303,48.128282],[17.122089,48.12834],[17.122089,48.12843],[17.120934,48.128483],[17.120966,48.12902],[17.116697,48.129192],[17.116642,48.129591],[17.11686,48.131098],[17.122105,48.13087]]],[[[17.122133,48.136115],[17.123726,48.136009],[17.123757,48.135616],[17.122101,48.135669],[17.122133,48.136115]]],[[[17.132358,48.133437],[17.134492,48.13163],[17.131243,48.131651],[17.132358,48.133437]]],[[[17.127354,48.128802],[17.129825,48.128685],[17.130001,48.127452],[17.127313,48.127532],[17.127354,48.128802]]],[[[17.125438,48.126038],[17.127452,48.125943],[17.128169,48.125549],[17.128854,48.124635],[17.129794,48.124964],[17.130064,48.124624],[17.130805,48.123646],[17.129817,48.123295],[17.128918,48.124497],[17.127707,48.124108],[17.126911,48.125151],[17.125804,48.124709],[17.12539,48.125241],[17.125438,48.126038]]]]}},{"type":"Feature","properties":{"kind":"okrsok","area":"yes","src":"flourish-2023","okrsok":"58","mcnorm":"petrzalka","obec":"Petržalka","name":"Petržalka okrsok 58","volici":"894","ucast_rel":"79.19","vitaz":"PS"},"geometry":{"type":"MultiPolygon","coordinates":[[[[17.116697,48.129192],[17.120966,48.12902],[17.120934,48.128483],[17.122089,48.12843],[17.122089,48.12834],[17.123303,48.128282],[17.123266,48.12772],[17.121201,48.127808],[17.119911,48.127856],[17.116873,48.127939],[17.116697,48.129192]]],[[[17.127707,48.124108],[17.128918,48.124497],[17.129332,48.123944],[17.128121,48.123566],[17.127707,48.124108]]],[[[17.130064,48.124624],[17.131657,48.125156],[17.132358,48.124082],[17.130805,48.123646],[17.130064,48.124624]]]]}},{"type":"Feature","properties":{"kind":"okrsok","area":"yes","src":"flourish-2023","okrsok":"59","mcnorm":"petrzalka","obec":"Petržalka","name":"Petržalka okrsok 59","volici":"919","ucast_rel":"65.5","vitaz":"PS"},"geometry":{"type":"MultiPolygon","coordinates":[[[[17.126549,48.126735],[17.126549,48.127542],[17.127313,48.127532],[17.130001,48.127452],[17.13137,48.125464],[17.130208,48.125039],[17.128997,48.126612],[17.126549,48.126735]]]]}},{"type":"Feature","properties":{"kind":"okrsok","area":"yes","src":"flourish-2023","okrsok":"60","mcnorm":"petrzalka","obec":"Petržalka","name":"Petržalka okrsok 60","volici":"898","ucast_rel":"67.48","vitaz":"PS"},"geometry":{"type":"MultiPolygon","coordinates":[[[[17.125438,48.126038],[17.125497,48.126777],[17.128997,48.126612],[17.130208,48.125039],[17.13137,48.125464],[17.131657,48.125156],[17.130064,48.124624],[17.129794,48.124964],[17.128854,48.124635],[17.128169,48.125549],[17.127452,48.125943],[17.125438,48.126038]]]]}},{"type":"Feature","properties":{"kind":"okrsok","area":"yes","src":"flourish-2023","okrsok":"61","mcnorm":"petrzalka","obec":"Petržalka","name":"Petržalka okrsok 61","volici":"1005","ucast_rel":"65.17","vitaz":"PS"},"geometry":{"type":"MultiPolygon","coordinates":[[[[17.127946,48.121254],[17.128089,48.121052],[17.126975,48.120675],[17.128066,48.11917],[17.127739,48.119053],[17.128129,48.118554],[17.128806,48.118564],[17.129268,48.117905],[17.128201,48.117554],[17.125907,48.120563],[17.127946,48.121254]]]]}},{"type":"Feature","properties":{"kind":"okrsok","area":"yes","src":"flourish-2023","okrsok":"62","mcnorm":"petrzalka","obec":"Petržalka","name":"Petržalka okrsok 62","volici":"999","ucast_rel":"72.07","vitaz":"PS"},"geometry":{"type":"MultiPolygon","coordinates":[[[[17.128042,48.121775],[17.128798,48.122039],[17.129268,48.121414],[17.129045,48.12101],[17.130208,48.119468],[17.132485,48.12018],[17.133234,48.119234],[17.132804,48.119032],[17.131832,48.119585],[17.130319,48.119075],[17.130829,48.118437],[17.129268,48.117905],[17.128806,48.118564],[17.128129,48.118554],[17.127739,48.119053],[17.128066,48.11917],[17.126975,48.120675],[17.128089,48.121052],[17.127946,48.121254],[17.127612,48.121626],[17.128042,48.121775]]]]}},{"type":"Feature","properties":{"kind":"okrsok","area":"yes","src":"flourish-2023","okrsok":"63","mcnorm":"petrzalka","obec":"Petržalka","name":"Petržalka okrsok 63","volici":"946","ucast_rel":"70.29","vitaz":"PS"},"geometry":{"type":"MultiPolygon","coordinates":[[[[17.129809,48.122392],[17.129817,48.123295],[17.130805,48.123646],[17.132358,48.124082],[17.133528,48.122684],[17.134189,48.121727],[17.13313,48.121366],[17.132254,48.122551],[17.131832,48.122408],[17.131689,48.122604],[17.129746,48.121966],[17.129873,48.121297],[17.131064,48.119736],[17.130208,48.119468],[17.129045,48.12101],[17.129268,48.121414],[17.128798,48.122039],[17.129809,48.122392]]],[[[17.131832,48.119585],[17.132804,48.119032],[17.13219,48.118165],[17.131394,48.117995],[17.130829,48.118437],[17.130319,48.119075],[17.131832,48.119585]]]]}},{"type":"Feature","properties":{"kind":"okrsok","area":"yes","src":"flourish-2023","okrsok":"64","mcnorm":"petrzalka","obec":"Petržalka","name":"Petržalka okrsok 64","volici":"984","ucast_rel":"62.9","vitaz":"Smer"},"geometry":{"type":"MultiPolygon","coordinates":[[[[17.134189,48.121727],[17.134707,48.120802],[17.132485,48.12018],[17.131064,48.119736],[17.129873,48.121297],[17.129746,48.121966],[17.131689,48.122604],[17.131832,48.122408],[17.132254,48.122551],[17.13313,48.121366],[17.134189,48.121727]]]]}},{"type":"Feature","properties":{"kind":"okrsok","area":"yes","src":"flourish-2023","okrsok":"65","mcnorm":"petrzalka","obec":"Petržalka","name":"Petržalka okrsok 65","volici":"1044","ucast_rel":"74.52","vitaz":"PS"},"geometry":{"type":"MultiPolygon","coordinates":[[[[17.110292,48.106617],[17.111343,48.107808],[17.111311,48.108957],[17.111311,48.108957],[17.11069,48.109678],[17.110108,48.110354],[17.110108,48.110354],[17.112173,48.110492],[17.114366,48.110483],[17.116344,48.109212],[17.117427,48.109212],[17.117299,48.108532],[17.116535,48.108787],[17.112362,48.108936],[17.112362,48.10766],[17.112681,48.107574],[17.112553,48.106639],[17.110292,48.106617]]],[[[17.114482,48.100303],[17.113097,48.100345],[17.112014,48.100505],[17.111711,48.100632],[17.111807,48.101345],[17.11445,48.100717],[17.114482,48.100303]]]]}},{"type":"Feature","properties":{"kind":"okrsok","area":"yes","src":"flourish-2023","okrsok":"66","mcnorm":"petrzalka","obec":"Petržalka","name":"Petržalka okrsok 66","volici":"947","ucast_rel":"68.95","vitaz":"PS"},"geometry":{"type":"MultiPolygon","coordinates":[[[[17.108651,48.106224],[17.1076,48.106277],[17.108013,48.110885],[17.110108,48.110354],[17.110108,48.110354],[17.11069,48.109678],[17.109527,48.109329],[17.10932,48.106777],[17.109002,48.106383],[17.108651,48.106224]]]]}},{"type":"Feature","properties":{"kind":"okrsok","area":"yes","src":"flourish-2023","okrsok":"67","mcnorm":"petrzalka","obec":"Petržalka","name":"Petržalka okrsok 67","volici":"886","ucast_rel":"79.57","vitaz":"PS"},"geometry":{"type":"MultiPolygon","coordinates":[[[[17.109527,48.10583],[17.108635,48.105873],[17.108651,48.106224],[17.109002,48.106383],[17.10932,48.106777],[17.109527,48.109329],[17.11069,48.109678],[17.11069,48.109678],[17.111311,48.108957],[17.111311,48.108957],[17.111343,48.107808],[17.110292,48.106617],[17.109527,48.10583]]]]}},{"type":"Feature","properties":{"kind":"okrsok","area":"yes","src":"flourish-2023","okrsok":"68","mcnorm":"petrzalka","obec":"Petržalka","name":"Petržalka okrsok 68","volici":"854","ucast_rel":"75.29","vitaz":"PS"},"geometry":{"type":"MultiPolygon","coordinates":[[[[17.099044,48.112024],[17.101084,48.111149],[17.102082,48.11094],[17.102042,48.109786],[17.100927,48.109818],[17.100863,48.108127],[17.099637,48.108244],[17.09978,48.110074],[17.098554,48.110105],[17.098554,48.110722],[17.099044,48.112024]]]]}},{"type":"Feature","properties":{"kind":"okrsok","area":"yes","src":"flourish-2023","okrsok":"69","mcnorm":"petrzalka","obec":"Petržalka","name":"Petržalka okrsok 69","volici":"836","ucast_rel":"72.24","vitaz":"PS"},"geometry":{"type":"MultiPolygon","coordinates":[[[[17.105062,48.110763],[17.105681,48.110958],[17.106312,48.110938],[17.106135,48.107957],[17.105991,48.107808],[17.10459,48.10784],[17.104558,48.108181],[17.103873,48.108202],[17.103571,48.108372],[17.103571,48.109436],[17.102934,48.109744],[17.102949,48.110276],[17.105068,48.110201],[17.105062,48.110763]]]]}},{"type":"Feature","properties":{"kind":"okrsok","area":"yes","src":"flourish-2023","okrsok":"70","mcnorm":"petrzalka","obec":"Petržalka","name":"Petržalka okrsok 70","volici":"937","ucast_rel":"66.27","vitaz":"PS"},"geometry":{"type":"MultiPolygon","coordinates":[[[[17.108013,48.110885],[17.107711,48.107519],[17.105983,48.107564],[17.105991,48.107808],[17.106135,48.107957],[17.106312,48.110938],[17.108013,48.110885]]]]}},{"type":"Feature","properties":{"kind":"okrsok","area":"yes","src":"flourish-2023","okrsok":"71","mcnorm":"petrzalka","obec":"Petržalka","name":"Petržalka okrsok 71","volici":"879","ucast_rel":"72.92","vitaz":"PS"},"geometry":{"type":"MultiPolygon","coordinates":[[[[17.105062,48.110763],[17.105068,48.110201],[17.102949,48.110276],[17.102934,48.109744],[17.103571,48.109436],[17.103571,48.108372],[17.103873,48.108202],[17.104558,48.108181],[17.10459,48.10784],[17.105991,48.107808],[17.105983,48.107564],[17.107711,48.107519],[17.1076,48.106277],[17.10506,48.10641],[17.100863,48.108127],[17.100927,48.109818],[17.102042,48.109786],[17.102082,48.11094],[17.102463,48.110861],[17.105062,48.110763]]]]}},{"type":"Feature","properties":{"kind":"okrsok","area":"yes","src":"flourish-2023","okrsok":"72","mcnorm":"petrzalka","obec":"Petržalka","name":"Petržalka okrsok 72","volici":"1053","ucast_rel":"66.85","vitaz":"PS"},"geometry":{"type":"MultiPolygon","coordinates":[[[[17.105032,48.106137],[17.10498,48.105639],[17.102368,48.105724],[17.101667,48.106054],[17.101747,48.106825],[17.098299,48.106963],[17.098554,48.110105],[17.09978,48.110074],[17.099637,48.108244],[17.100863,48.108127],[17.10506,48.10641],[17.1076,48.106277],[17.107544,48.105458],[17.105633,48.105533],[17.105665,48.106118],[17.105032,48.106137]]]]}},{"type":"Feature","properties":{"kind":"okrsok","area":"yes","src":"flourish-2023","okrsok":"73","mcnorm":"petrzalka","obec":"Petržalka","name":"Petržalka okrsok 73","volici":"930","ucast_rel":"68.06","vitaz":"PS"},"geometry":{"type":"MultiPolygon","coordinates":[[[[17.101667,48.106054],[17.102368,48.105724],[17.10498,48.105639],[17.105032,48.106137],[17.105665,48.106118],[17.105633,48.105533],[17.107544,48.105458],[17.107417,48.104086],[17.100664,48.104416],[17.100776,48.106086],[17.101667,48.106054]]],[[[17.09818,48.10515],[17.098195,48.104809],[17.098896,48.103671],[17.097638,48.103693],[17.097049,48.105203],[17.09818,48.10515]]]]}},{"type":"Feature","properties":{"kind":"okrsok","area":"yes","src":"flourish-2023","okrsok":"74","mcnorm":"petrzalka","obec":"Petržalka","name":"Petržalka okrsok 74","volici":"1027","ucast_rel":"65.72","vitaz":"PS"},"geometry":{"type":"MultiPolygon","coordinates":[[[[17.100776,48.106086],[17.098243,48.10616],[17.098299,48.106963],[17.100821,48.106862],[17.100776,48.106086]]],[[[17.099698,48.10265],[17.100346,48.101842],[17.099374,48.101491],[17.098785,48.10231],[17.099698,48.10265]]]]}},{"type":"Feature","properties":{"kind":"okrsok","area":"yes","src":"flourish-2023","okrsok":"75","mcnorm":"petrzalka","obec":"Petržalka","name":"Petržalka okrsok 75","volici":"967","ucast_rel":"74.97","vitaz":"PS"},"geometry":{"type":"MultiPolygon","coordinates":[[[[17.101747,48.106825],[17.101667,48.106054],[17.100776,48.106086],[17.100821,48.106862],[17.101747,48.106825]]],[[[17.100776,48.106086],[17.098243,48.10616],[17.09818,48.10515],[17.098195,48.104809],[17.098579,48.104187],[17.099167,48.104363],[17.100664,48.104416],[17.100776,48.106086]]],[[[17.100346,48.101842],[17.101731,48.100055],[17.100823,48.099726],[17.099374,48.101491],[17.100346,48.101842]]]]}},{"type":"Feature","properties":{"kind":"okrsok","area":"yes","src":"flourish-2023","okrsok":"76","mcnorm":"petrzalka","obec":"Petržalka","name":"Petržalka okrsok 76","volici":"978","ucast_rel":"74.43","vitaz":"PS"},"geometry":{"type":"MultiPolygon","coordinates":[[[[17.098579,48.104187],[17.099167,48.104363],[17.100664,48.104416],[17.102889,48.104307],[17.102746,48.102206],[17.102062,48.102249],[17.101898,48.100124],[17.101731,48.100055],[17.100346,48.101842],[17.099698,48.10265],[17.098896,48.103671],[17.098579,48.104187]]]]}},{"type":"Feature","properties":{"kind":"okrsok","area":"yes","src":"flourish-2023","okrsok":"77","mcnorm":"petrzalka","obec":"Petržalka","name":"Petržalka okrsok 77","volici":"1034","ucast_rel":"67.5","vitaz":"PS"},"geometry":{"type":"MultiPolygon","coordinates":[[[[17.102746,48.102206],[17.102734,48.101486],[17.10466,48.101441],[17.104582,48.100188],[17.10412,48.100082],[17.101898,48.100124],[17.102062,48.102249],[17.102746,48.102206]]],[[[17.107417,48.104086],[17.107576,48.102517],[17.105633,48.102581],[17.105763,48.104167],[17.107417,48.104086]]]]}},{"type":"Feature","properties":{"kind":"okrsok","area":"yes","src":"flourish-2023","okrsok":"78","mcnorm":"petrzalka","obec":"Petržalka","name":"Petržalka okrsok 78","volici":"956","ucast_rel":"72.9","vitaz":"PS"},"geometry":{"type":"MultiPolygon","coordinates":[[[[17.104582,48.100188],[17.10466,48.101441],[17.10549,48.101656],[17.105171,48.102071],[17.105633,48.102581],[17.107576,48.102517],[17.108309,48.101379],[17.106263,48.100726],[17.105268,48.100407],[17.104582,48.100188]]]]}},{"type":"Feature","properties":{"kind":"okrsok","area":"yes","src":"flourish-2023","okrsok":"79","mcnorm":"petrzalka","obec":"Petržalka","name":"Petržalka okrsok 79","volici":"1019","ucast_rel":"75.56","vitaz":"PS"},"geometry":{"type":"MultiPolygon","coordinates":[[[[17.105763,48.104167],[17.105633,48.102581],[17.105171,48.102071],[17.10549,48.101656],[17.10466,48.101441],[17.102734,48.101486],[17.102746,48.102206],[17.102889,48.104307],[17.105763,48.104167]]]]}},{"type":"Feature","properties":{"kind":"okrsok","area":"yes","src":"flourish-2023","okrsok":"80","mcnorm":"petrzalka","obec":"Petržalka","name":"Petržalka okrsok 80","volici":"934","ucast_rel":"69.05","vitaz":"PS"},"geometry":{"type":"MultiPolygon","coordinates":[[[[17.104582,48.100188],[17.105268,48.100407],[17.105565,48.099981],[17.106282,48.09996],[17.106617,48.099481],[17.106599,48.099063],[17.101345,48.09913],[17.100823,48.099726],[17.101731,48.100055],[17.101898,48.100124],[17.10412,48.100082],[17.104582,48.100188]]],[[[17.107817,48.098742],[17.10972,48.098651],[17.109657,48.097651],[17.107777,48.097779],[17.107817,48.098742]]]]}},{"type":"Feature","properties":{"kind":"okrsok","area":"yes","src":"flourish-2023","okrsok":"81","mcnorm":"petrzalka","obec":"Petržalka","name":"Petržalka okrsok 81","volici":"788","ucast_rel":"68.02","vitaz":"PS"},"geometry":{"type":"MultiPolygon","coordinates":[[[[17.10972,48.098651],[17.107817,48.098742],[17.107889,48.099694],[17.10761,48.100071],[17.106678,48.100172],[17.106263,48.100726],[17.108309,48.101379],[17.109688,48.09964],[17.10972,48.098651]]]]}},{"type":"Feature","properties":{"kind":"okrsok","area":"yes","src":"flourish-2023","okrsok":"82","mcnorm":"petrzalka","obec":"Petržalka","name":"Petržalka okrsok 82","volici":"794","ucast_rel":"74.05","vitaz":"Smer"},"geometry":{"type":"MultiPolygon","coordinates":[[[[17.107777,48.097779],[17.103573,48.09796],[17.103636,48.099101],[17.106599,48.099063],[17.106617,48.099481],[17.106282,48.09996],[17.105565,48.099981],[17.105268,48.100407],[17.106263,48.100726],[17.106678,48.100172],[17.10761,48.100071],[17.107889,48.099694],[17.107817,48.098742],[17.107777,48.097779]]],[[[17.107084,48.09517],[17.104273,48.09525],[17.103573,48.096133],[17.104895,48.09609],[17.104879,48.095644],[17.107481,48.09555],[17.107084,48.09517]]]]}},{"type":"Feature","properties":{"kind":"okrsok","area":"yes","src":"flourish-2023","okrsok":"83","mcnorm":"petrzalka","obec":"Petržalka","name":"Petržalka okrsok 83","volici":"860","ucast_rel":"76.62","vitaz":"PS"},"geometry":{"type":"MultiPolygon","coordinates":[[[[17.101345,48.09913],[17.103636,48.099101],[17.103591,48.098287],[17.102924,48.098311],[17.102119,48.098045],[17.10241,48.097673],[17.101646,48.097407],[17.101311,48.097832],[17.10206,48.098088],[17.101345,48.09913]]],[[[17.105018,48.097898],[17.107375,48.097796],[17.107268,48.096303],[17.104916,48.0964],[17.105018,48.097898]]]]}},{"type":"Feature","properties":{"kind":"okrsok","area":"yes","src":"flourish-2023","okrsok":"84","mcnorm":"petrzalka","obec":"Petržalka","name":"Petržalka okrsok 84","volici":"1083","ucast_rel":"71.37","vitaz":"PS"},"geometry":{"type":"MultiPolygon","coordinates":[[[[17.101311,48.097832],[17.101646,48.097407],[17.10241,48.097673],[17.102119,48.098045],[17.102924,48.098311],[17.103591,48.098287],[17.103573,48.09796],[17.105018,48.097898],[17.104895,48.09609],[17.103573,48.096133],[17.10284,48.097069],[17.101518,48.096622],[17.100754,48.097622],[17.101311,48.097832]]],[[[17.107293,48.096655],[17.108072,48.096622],[17.108064,48.096277],[17.107268,48.096303],[17.107293,48.096655]]],[[[17.107841,48.095894],[17.108892,48.095452],[17.108056,48.095181],[17.107084,48.09517],[17.107841,48.095894]]]]}},{"type":"Feature","properties":{"kind":"okrsok","area":"yes","src":"flourish-2023","okrsok":"85","mcnorm":"petrzalka","obec":"Petržalka","name":"Petržalka okrsok 85","volici":"1070","ucast_rel":"68.97","vitaz":"PS"},"geometry":{"type":"MultiPolygon","coordinates":[[[[17.104916,48.0964],[17.107268,48.096303],[17.108064,48.096277],[17.108072,48.096622],[17.107293,48.096655],[17.107375,48.097796],[17.109657,48.097651],[17.109513,48.095931],[17.108892,48.095452],[17.107841,48.095894],[17.107481,48.09555],[17.104879,48.095644],[17.104895,48.09609],[17.104916,48.0964]]]]}},{"type":"Feature","properties":{"kind":"okrsok","area":"yes","src":"flourish-2023","okrsok":"86","mcnorm":"petrzalka","obec":"Petržalka","name":"Petržalka okrsok 86","volici":"1011","ucast_rel":"75.17","vitaz":"PS"},"geometry":{"type":"MultiPolygon","coordinates":[[[[17.109513,48.095931],[17.109538,48.096229],[17.111114,48.096191],[17.111082,48.095878],[17.109513,48.095931]]],[[[17.112038,48.097085],[17.115661,48.096968],[17.115589,48.095601],[17.111934,48.095745],[17.112038,48.097085]]],[[[17.112053,48.097936],[17.10968,48.098026],[17.109694,48.098244],[17.111241,48.098292],[17.112093,48.098452],[17.112053,48.097936]]],[[[17.115016,48.098627],[17.115804,48.098601],[17.115685,48.097069],[17.114944,48.097489],[17.115016,48.098627]]]]}},{"type":"Feature","properties":{"kind":"okrsok","area":"yes","src":"flourish-2023","okrsok":"87","mcnorm":"petrzalka","obec":"Petržalka","name":"Petržalka okrsok 87","volici":"1028","ucast_rel":"62.35","vitaz":"PS"},"geometry":{"type":"MultiPolygon","coordinates":[[[[17.115804,48.098601],[17.115016,48.098627],[17.114944,48.097489],[17.112237,48.09759],[17.112253,48.097936],[17.112053,48.097936],[17.11207,48.098154],[17.11234,48.098154],[17.113917,48.098734],[17.114498,48.098707],[17.114553,48.099298],[17.115279,48.099547],[17.116413,48.099502],[17.116334,48.098585],[17.115804,48.098601]]],[[[17.111217,48.097968],[17.111138,48.096713],[17.109582,48.096752],[17.109657,48.097651],[17.10968,48.098026],[17.111217,48.097968]]]]}},{"type":"Feature","properties":{"kind":"okrsok","area":"yes","src":"flourish-2023","okrsok":"88","mcnorm":"petrzalka","obec":"Petržalka","name":"Petržalka okrsok 88","volici":"1087","ucast_rel":"65.4","vitaz":"PS"},"geometry":{"type":"MultiPolygon","coordinates":[[[[17.109582,48.096752],[17.111138,48.096713],[17.111201,48.097712],[17.112241,48.097682],[17.112237,48.09759],[17.114944,48.097489],[17.115685,48.097069],[17.115661,48.096968],[17.112038,48.097085],[17.111488,48.097101],[17.11144,48.096181],[17.111114,48.096191],[17.109538,48.096229],[17.109582,48.096752]]],[[[17.112093,48.098452],[17.112667,48.09867],[17.112714,48.099351],[17.114553,48.099298],[17.114498,48.098707],[17.113917,48.098734],[17.11234,48.098154],[17.11207,48.098154],[17.112093,48.098452]]],[[[17.123823,48.099531],[17.123799,48.098579],[17.122987,48.09859],[17.123027,48.099542],[17.123823,48.099531]]]]}},{"type":"Feature","properties":{"kind":"okrsok","area":"yes","src":"flourish-2023","okrsok":"89","mcnorm":"petrzalka","obec":"Petržalka","name":"Petržalka okrsok 89","volici":"873","ucast_rel":"73.99","vitaz":"PS"},"geometry":{"type":"MultiPolygon","coordinates":[[[[17.124675,48.098558],[17.123799,48.098579],[17.123816,48.099244],[17.124699,48.099223],[17.124675,48.098558]]],[[[17.112241,48.097682],[17.111201,48.097712],[17.111217,48.097968],[17.112053,48.097936],[17.112253,48.097936],[17.112241,48.097682]]],[[[17.115144,48.093996],[17.11363,48.094055],[17.11363,48.094055],[17.112913,48.094085],[17.112953,48.094713],[17.11109,48.095468],[17.111082,48.095878],[17.111114,48.096191],[17.11144,48.096181],[17.111488,48.097101],[17.112038,48.097085],[17.111934,48.095745],[17.115264,48.095614],[17.115144,48.093996]]]]}},{"type":"Feature","properties":{"kind":"okrsok","area":"yes","src":"flourish-2023","okrsok":"90","mcnorm":"petrzalka","obec":"Petržalka","name":"Petržalka okrsok 90","volici":"847","ucast_rel":"73.31","vitaz":"PS"},"geometry":{"type":"MultiPolygon","coordinates":[[[[17.12442,48.097904],[17.123911,48.097904],[17.123911,48.098244],[17.122318,48.098266],[17.122382,48.099297],[17.123015,48.099256],[17.122987,48.09859],[17.123799,48.098579],[17.124675,48.098558],[17.124699,48.09825],[17.12442,48.098244],[17.12442,48.097904]]],[[[17.119603,48.09366],[17.118679,48.093862],[17.117949,48.093888],[17.117949,48.093888],[17.115144,48.093996],[17.115143,48.09399],[17.115143,48.09399],[17.115264,48.095614],[17.115589,48.095601],[17.115541,48.094617],[17.116991,48.094585],[17.11703,48.095255],[17.118098,48.095229],[17.118886,48.095468],[17.118926,48.096059],[17.11981,48.096027],[17.119762,48.095335],[17.119603,48.09366]]]]}},{"type":"Feature","properties":{"kind":"okrsok","area":"yes","src":"flourish-2023","okrsok":"91","mcnorm":"petrzalka","obec":"Petržalka","name":"Petržalka okrsok 91","volici":"889","ucast_rel":"70.64","vitaz":"PS"},"geometry":{"type":"MultiPolygon","coordinates":[[[[17.118785,48.099409],[17.118755,48.099071],[17.119392,48.099013],[17.120156,48.098013],[17.12006,48.097151],[17.120299,48.097003],[17.120276,48.096274],[17.118149,48.096348],[17.118253,48.097673],[17.1167,48.097726],[17.116823,48.098667],[17.116636,48.098867],[17.116359,48.098876],[17.116413,48.099502],[17.118785,48.099409]]]]}},{"type":"Feature","properties":{"kind":"okrsok","area":"yes","src":"flourish-2023","okrsok":"92","mcnorm":"petrzalka","obec":"Petržalka","name":"Petržalka okrsok 92","volici":"827","ucast_rel":"75.69","vitaz":"PS"},"geometry":{"type":"MultiPolygon","coordinates":[[[[17.116991,48.094585],[17.115541,48.094617],[17.115589,48.095601],[17.115661,48.096968],[17.115685,48.097069],[17.115804,48.098601],[17.116334,48.098585],[17.116359,48.098876],[17.116636,48.098867],[17.116823,48.098667],[17.1167,48.097726],[17.116644,48.097141],[17.116875,48.0968],[17.116867,48.096444],[17.116493,48.096455],[17.116485,48.096226],[17.117058,48.095971],[17.11703,48.095255],[17.116991,48.094585]]]]}},{"type":"Feature","properties":{"kind":"okrsok","area":"yes","src":"flourish-2023","okrsok":"93","mcnorm":"petrzalka","obec":"Petržalka","name":"Petržalka okrsok 93","volici":"820","ucast_rel":"75.6","vitaz":"PS"},"geometry":{"type":"MultiPolygon","coordinates":[[[[17.118253,48.097673],[17.118149,48.096348],[17.120276,48.096274],[17.120244,48.096015],[17.11981,48.096027],[17.118926,48.096059],[17.118886,48.095468],[17.118098,48.095229],[17.11703,48.095255],[17.117058,48.095971],[17.116485,48.096226],[17.116493,48.096455],[17.116867,48.096444],[17.116875,48.0968],[17.116644,48.097141],[17.1167,48.097726],[17.118253,48.097673]]]]}},{"type":"Feature","properties":{"kind":"okrsok","area":"yes","src":"flourish-2023","okrsok":"94","mcnorm":"petrzalka","obec":"Petržalka","name":"Petržalka okrsok 94","volici":"1159","ucast_rel":"88.17","vitaz":"PS"},"geometry":{"type":"MultiPolygon","coordinates":[[[[17.117835,48.091802],[17.113391,48.091994],[17.11363,48.094055],[17.115143,48.09399],[17.115143,48.09399],[17.117949,48.093888],[17.117835,48.091802]]]]}},{"type":"Feature","properties":{"kind":"okrsok","area":"yes","src":"flourish-2023","okrsok":"95","mcnorm":"petrzalka","obec":"Petržalka","name":"Petržalka okrsok 95","volici":"1116","ucast_rel":"86.2","vitaz":"PS"},"geometry":{"type":"MultiPolygon","coordinates":[[[[17.122724,48.090036],[17.124276,48.090783],[17.125975,48.090885],[17.129286,48.0881],[17.126762,48.086398],[17.124309,48.085946],[17.12403,48.08702],[17.122724,48.090036]]]]}},{"type":"Feature","properties":{"kind":"okrsok","area":"yes","src":"flourish-2023","okrsok":"1","mcnorm":"podunajskebiskupice","obec":"Podunajské Biskupice","name":"Podunajské Biskupice okrsok 1","volici":"1102","ucast_rel":"78.58","vitaz":"PS"},"geometry":{"type":"MultiPolygon","coordinates":[[[[17.215031,48.13394],[17.215319,48.134025],[17.21554,48.133809],[17.21599,48.134006],[17.215793,48.134197],[17.217233,48.134782],[17.217378,48.134629],[17.21787,48.134848],[17.217833,48.134894],[17.217936,48.134945],[17.217823,48.135053],[17.218161,48.135199],[17.21803,48.135474],[17.2188,48.135633],[17.221195,48.13047],[17.212979,48.127005],[17.212298,48.127698],[17.209942,48.128735],[17.209456,48.128517],[17.209092,48.128881],[17.211497,48.12987],[17.209541,48.131913],[17.210103,48.13212],[17.210415,48.131788],[17.211404,48.132182],[17.211134,48.132501],[17.211831,48.132758],[17.212089,48.132479],[17.213059,48.132845],[17.212815,48.133122],[17.21355,48.133393],[17.213711,48.133205],[17.214841,48.133675],[17.214705,48.133819],[17.215031,48.13394]]],[[[17.194948,48.137112],[17.193917,48.139193],[17.193414,48.139068],[17.193565,48.13793],[17.193575,48.137679],[17.194193,48.137735],[17.194557,48.137168],[17.193618,48.137092],[17.19361,48.136584],[17.193562,48.132949],[17.194217,48.130709],[17.196698,48.130874],[17.197767,48.131052],[17.197478,48.131496],[17.196807,48.132604],[17.195314,48.136624],[17.195014,48.136624],[17.194948,48.137112]]]]}},{"type":"Feature","properties":{"kind":"okrsok","area":"yes","src":"flourish-2023","okrsok":"2","mcnorm":"podunajskebiskupice","obec":"Podunajské Biskupice","name":"Podunajské Biskupice okrsok 2","volici":"1098","ucast_rel":"69.21","vitaz":"PS"},"geometry":{"type":"MultiPolygon","coordinates":[[[[17.221195,48.13047],[17.223223,48.126291],[17.222142,48.125886],[17.21992,48.123908],[17.220442,48.123462],[17.220023,48.123207],[17.219555,48.12358],[17.218966,48.123057],[17.218748,48.123154],[17.218383,48.122834],[17.2148,48.124658],[17.215244,48.124994],[17.214387,48.1254],[17.213987,48.125104],[17.212711,48.12589],[17.213197,48.126283],[17.212687,48.126867],[17.212979,48.127005],[17.221195,48.13047]]],[[[17.210103,48.13212],[17.210415,48.131788],[17.211404,48.132182],[17.211134,48.132501],[17.21067,48.13233],[17.210103,48.13212]]],[[[17.211831,48.132758],[17.212089,48.132479],[17.213059,48.132845],[17.212815,48.133122],[17.211831,48.132758]]],[[[17.21355,48.133393],[17.213711,48.133205],[17.214841,48.133675],[17.214705,48.133819],[17.21355,48.133393]]],[[[17.214564,48.134418],[17.215031,48.13394],[17.215319,48.134025],[17.21554,48.133809],[17.21599,48.134006],[17.215793,48.134197],[17.217233,48.134782],[17.217378,48.134629],[17.21787,48.134848],[17.217833,48.134894],[17.217936,48.134945],[17.217823,48.135053],[17.218161,48.135199],[17.21803,48.135474],[17.2188,48.135633],[17.218559,48.136152],[17.215415,48.134787],[17.214564,48.134418]]]]}},{"type":"Feature","properties":{"kind":"okrsok","area":"yes","src":"flourish-2023","okrsok":"3","mcnorm":"podunajskebiskupice","obec":"Podunajské Biskupice","name":"Podunajské Biskupice okrsok 3","volici":"1044","ucast_rel":"81.22","vitaz":"PS"},"geometry":{"type":"MultiPolygon","coordinates":[[[[17.212414,48.11524],[17.215585,48.115287],[17.21672,48.115732],[17.215557,48.116859],[17.216814,48.117535],[17.218023,48.116389],[17.221024,48.117679],[17.221034,48.117773],[17.224213,48.119094],[17.224982,48.120803],[17.224749,48.121733],[17.220071,48.12283],[17.220339,48.122988],[17.220023,48.123207],[17.219555,48.12358],[17.218966,48.123057],[17.218748,48.123154],[17.218383,48.122834],[17.217661,48.122201],[17.21808,48.122007],[17.216908,48.121305],[17.217302,48.120941],[17.216537,48.12073],[17.216258,48.120977],[17.213209,48.11938],[17.213464,48.119023],[17.213033,48.118719],[17.211485,48.11953],[17.211047,48.119181],[17.212414,48.11524]]],[[[17.212687,48.126867],[17.212426,48.126717],[17.212049,48.126984],[17.211296,48.12649],[17.205023,48.129862],[17.206335,48.130551],[17.206821,48.129984],[17.209092,48.128881],[17.209456,48.128517],[17.209942,48.128735],[17.212298,48.127698],[17.212979,48.127005],[17.212687,48.126867]]]]}},{"type":"Feature","properties":{"kind":"okrsok","area":"yes","src":"flourish-2023","okrsok":"4","mcnorm":"podunajskebiskupice","obec":"Podunajské Biskupice","name":"Podunajské Biskupice okrsok 4","volici":"1109","ucast_rel":"65.64","vitaz":"PS"},"geometry":{"type":"MultiPolygon","coordinates":[[[[17.197436,48.101989],[17.198104,48.101949],[17.198322,48.102468],[17.19859,48.102436],[17.200909,48.101551],[17.200083,48.098729],[17.197254,48.099232],[17.197557,48.100035],[17.196768,48.100229],[17.197436,48.101989]]],[[[17.205373,48.11953],[17.205773,48.120645],[17.206654,48.120409],[17.206022,48.119355],[17.205373,48.11953]]],[[[17.211485,48.11953],[17.210358,48.119964],[17.204699,48.121877],[17.206806,48.124224],[17.207495,48.123997],[17.20738,48.123764],[17.207917,48.123328],[17.208318,48.123466],[17.208536,48.123223],[17.20946,48.123774],[17.208026,48.124763],[17.209484,48.125866],[17.210115,48.125493],[17.211296,48.12649],[17.212049,48.126984],[17.212426,48.126717],[17.212687,48.126867],[17.213197,48.126283],[17.212711,48.12589],[17.213987,48.125104],[17.214387,48.1254],[17.215244,48.124994],[17.2148,48.124658],[17.218383,48.122834],[17.217661,48.122201],[17.21808,48.122007],[17.216908,48.121305],[17.216908,48.121305],[17.216908,48.121305],[17.217302,48.120941],[17.216537,48.12073],[17.216258,48.120977],[17.213209,48.11938],[17.213464,48.119023],[17.213033,48.118719],[17.211485,48.11953]]]]}},{"type":"Feature","properties":{"kind":"okrsok","area":"yes","src":"flourish-2023","okrsok":"5","mcnorm":"podunajskebiskupice","obec":"Podunajské Biskupice","name":"Podunajské Biskupice okrsok 5","volici":"971","ucast_rel":"71.98","vitaz":"PS"},"geometry":{"type":"MultiPolygon","coordinates":[[[[17.204699,48.121877],[17.200244,48.123383],[17.198981,48.12408],[17.197791,48.123383],[17.196406,48.124437],[17.197524,48.125134],[17.195799,48.126934],[17.194755,48.129106],[17.196989,48.130225],[17.196698,48.130874],[17.197767,48.131052],[17.198022,48.130671],[17.198495,48.130776],[17.198726,48.130444],[17.198447,48.130282],[17.199267,48.129718],[17.199795,48.130055],[17.200694,48.128991],[17.200372,48.128885],[17.200512,48.128774],[17.200827,48.128835],[17.200724,48.129187],[17.201374,48.129309],[17.201052,48.130225],[17.202151,48.130464],[17.201477,48.131964],[17.201854,48.132102],[17.201562,48.132507],[17.201978,48.132693],[17.2025,48.131753],[17.203023,48.131323],[17.204371,48.13153],[17.205023,48.129862],[17.211296,48.12649],[17.210115,48.125493],[17.209484,48.125866],[17.208026,48.124763],[17.20946,48.123774],[17.208536,48.123223],[17.208318,48.123466],[17.207917,48.123328],[17.20738,48.123764],[17.207495,48.123997],[17.206806,48.124224],[17.204699,48.121877],[17.204699,48.121877],[17.204699,48.121877]]]]}},{"type":"Feature","properties":{"kind":"okrsok","area":"yes","src":"flourish-2023","okrsok":"6","mcnorm":"podunajskebiskupice","obec":"Podunajské Biskupice","name":"Podunajské Biskupice okrsok 6","volici":"958","ucast_rel":"67.32","vitaz":"PS"},"geometry":{"type":"MultiPolygon","coordinates":[[[[17.196267,48.136891],[17.196624,48.136865],[17.1968,48.136563],[17.198246,48.136673],[17.198105,48.136962],[17.199488,48.137101],[17.199488,48.136244],[17.20097,48.134031],[17.200545,48.133836],[17.201978,48.132693],[17.201562,48.132507],[17.201152,48.132734],[17.198456,48.13168],[17.198563,48.131555],[17.198007,48.131386],[17.197861,48.131601],[17.197478,48.131496],[17.196807,48.132604],[17.195314,48.136624],[17.196359,48.136631],[17.196267,48.136891]]],[[[17.194217,48.130709],[17.196698,48.130874],[17.196989,48.130225],[17.194755,48.129106],[17.194217,48.130709]]],[[[17.194557,48.137168],[17.193618,48.137092],[17.19361,48.136584],[17.19361,48.136584],[17.189602,48.136357],[17.189902,48.137473],[17.190428,48.137394],[17.194193,48.137735],[17.194557,48.137168]]],[[[17.186688,48.130069],[17.187598,48.130614],[17.188029,48.131071],[17.188498,48.131653],[17.188948,48.133318],[17.189042,48.134482],[17.188854,48.135559],[17.187101,48.13549],[17.187119,48.134476],[17.188254,48.133506],[17.188357,48.133011],[17.188217,48.132642],[17.186951,48.13139],[17.186416,48.130827],[17.186688,48.130069]]],[[[17.198495,48.130776],[17.200679,48.131712],[17.200921,48.131486],[17.201586,48.131721],[17.202151,48.130464],[17.201052,48.130225],[17.201374,48.129309],[17.200724,48.129187],[17.200827,48.128835],[17.200512,48.128774],[17.200372,48.128885],[17.200694,48.128991],[17.199795,48.130055],[17.199267,48.129718],[17.198447,48.130282],[17.198726,48.130444],[17.198495,48.130776]]],[[[17.200764,48.136041],[17.201978,48.136511],[17.203237,48.135277],[17.20431,48.134225],[17.203946,48.134035],[17.204644,48.133363],[17.204741,48.133269],[17.205233,48.132614],[17.205099,48.131569],[17.205087,48.130693],[17.205289,48.130002],[17.205023,48.129862],[17.204371,48.13153],[17.203023,48.131323],[17.2025,48.131753],[17.202183,48.132324],[17.204286,48.133139],[17.20363,48.133779],[17.203282,48.133837],[17.202452,48.133974],[17.200764,48.136041]]]]}},{"type":"Feature","properties":{"kind":"okrsok","area":"yes","src":"flourish-2023","okrsok":"7","mcnorm":"podunajskebiskupice","obec":"Podunajské Biskupice","name":"Podunajské Biskupice okrsok 7","volici":"1077","ucast_rel":"71.21","vitaz":"PS"},"geometry":{"type":"MultiPolygon","coordinates":[[[[17.21067,48.13233],[17.210231,48.132782],[17.210656,48.132961],[17.209484,48.134189],[17.209879,48.134375],[17.210067,48.134695],[17.210765,48.135007],[17.21068,48.135178],[17.213388,48.136365],[17.214148,48.135591],[17.213777,48.135392],[17.21439,48.134776],[17.214056,48.134602],[17.214318,48.134302],[17.214564,48.134418],[17.215031,48.13394],[17.21067,48.13233]]]]}},{"type":"Feature","properties":{"kind":"okrsok","area":"yes","src":"flourish-2023","okrsok":"8","mcnorm":"podunajskebiskupice","obec":"Podunajské Biskupice","name":"Podunajské Biskupice okrsok 8","volici":"1002","ucast_rel":"69.16","vitaz":"PS"},"geometry":{"type":"MultiPolygon","coordinates":[[[[17.210067,48.134695],[17.209028,48.13568],[17.213036,48.137399],[17.213814,48.136556],[17.213388,48.136365],[17.21068,48.135178],[17.210765,48.135007],[17.210067,48.134695]]],[[[17.214148,48.135591],[17.214785,48.135417],[17.215415,48.134787],[17.214564,48.134418],[17.214318,48.134302],[17.214056,48.134602],[17.21439,48.134776],[17.213777,48.135392],[17.214148,48.135591]]]]}},{"type":"Feature","properties":{"kind":"okrsok","area":"yes","src":"flourish-2023","okrsok":"9","mcnorm":"podunajskebiskupice","obec":"Podunajské Biskupice","name":"Podunajské Biskupice okrsok 9","volici":"940","ucast_rel":"70.53","vitaz":"Smer"},"geometry":{"type":"MultiPolygon","coordinates":[[[[17.209541,48.131913],[17.206806,48.134742],[17.209028,48.13568],[17.210067,48.134695],[17.209879,48.134375],[17.209484,48.134189],[17.210656,48.132961],[17.210231,48.132782],[17.21067,48.13233],[17.209541,48.131913]]]]}},{"type":"Feature","properties":{"kind":"okrsok","area":"yes","src":"flourish-2023","okrsok":"10","mcnorm":"podunajskebiskupice","obec":"Podunajské Biskupice","name":"Podunajské Biskupice okrsok 10","volici":"1023","ucast_rel":"65","vitaz":"Smer"},"geometry":{"type":"MultiPolygon","coordinates":[[[[17.213814,48.136556],[17.213036,48.137399],[17.216364,48.138916],[17.217872,48.135854],[17.215415,48.134787],[17.214785,48.135417],[17.214148,48.135591],[17.213388,48.136365],[17.213814,48.136556]]]]}},{"type":"Feature","properties":{"kind":"okrsok","area":"yes","src":"flourish-2023","okrsok":"11","mcnorm":"podunajskebiskupice","obec":"Podunajské Biskupice","name":"Podunajské Biskupice okrsok 11","volici":"897","ucast_rel":"77.36","vitaz":"PS"},"geometry":{"type":"MultiPolygon","coordinates":[[[[17.197861,48.131601],[17.198007,48.131386],[17.198563,48.131555],[17.198563,48.131555],[17.198563,48.131555],[17.198518,48.131607],[17.198456,48.13168],[17.198582,48.131729],[17.201152,48.132734],[17.201562,48.132507],[17.201854,48.132102],[17.201477,48.131964],[17.201586,48.131721],[17.200921,48.131486],[17.200679,48.131712],[17.198495,48.130776],[17.198022,48.130671],[17.197478,48.131496],[17.197861,48.131601]]],[[[17.201369,48.133179],[17.202008,48.133441],[17.202124,48.133332],[17.203282,48.133837],[17.20363,48.133779],[17.204286,48.133139],[17.202183,48.132324],[17.201978,48.132693],[17.201369,48.133179]]],[[[17.202659,48.135844],[17.201978,48.136511],[17.20235,48.136855],[17.203042,48.136953],[17.203508,48.136197],[17.204116,48.135642],[17.203237,48.135277],[17.202659,48.135844]]],[[[17.203946,48.134035],[17.20431,48.134225],[17.206529,48.13508],[17.206806,48.134742],[17.207089,48.13445],[17.204644,48.133363],[17.203946,48.134035]]]]}},{"type":"Feature","properties":{"kind":"okrsok","area":"yes","src":"flourish-2023","okrsok":"12","mcnorm":"podunajskebiskupice","obec":"Podunajské Biskupice","name":"Podunajské Biskupice okrsok 12","volici":"788","ucast_rel":"70.93","vitaz":"PS"},"geometry":{"type":"MultiPolygon","coordinates":[[[[17.199488,48.137101],[17.1999,48.137133],[17.200764,48.136041],[17.202452,48.133974],[17.203282,48.133837],[17.202124,48.133332],[17.202008,48.133441],[17.201369,48.133179],[17.200545,48.133836],[17.20097,48.134031],[17.199488,48.136244],[17.199488,48.137101]]]]}},{"type":"Feature","properties":{"kind":"okrsok","area":"yes","src":"flourish-2023","okrsok":"13","mcnorm":"podunajskebiskupice","obec":"Podunajské Biskupice","name":"Podunajské Biskupice okrsok 13","volici":"735","ucast_rel":"72.92","vitaz":"Smer"},"geometry":{"type":"MultiPolygon","coordinates":[[[[17.206335,48.130551],[17.209541,48.131913],[17.211497,48.12987],[17.209092,48.128881],[17.206821,48.129984],[17.206335,48.130551]]]]}},{"type":"Feature","properties":{"kind":"okrsok","area":"yes","src":"flourish-2023","okrsok":"14","mcnorm":"podunajskebiskupice","obec":"Podunajské Biskupice","name":"Podunajské Biskupice okrsok 14","volici":"887","ucast_rel":"74.06","vitaz":"PS"},"geometry":{"type":"MultiPolygon","coordinates":[[[[17.204627,48.137051],[17.205459,48.13625],[17.206529,48.13508],[17.20431,48.134225],[17.203237,48.135277],[17.204116,48.135642],[17.203508,48.136197],[17.203314,48.136512],[17.204627,48.137051]]],[[[17.207089,48.13445],[17.209541,48.131913],[17.206335,48.130551],[17.205289,48.130002],[17.205087,48.130693],[17.205099,48.131569],[17.205233,48.132614],[17.204741,48.133269],[17.204644,48.133363],[17.207089,48.13445]]]]}},{"type":"Feature","properties":{"kind":"okrsok","area":"yes","src":"flourish-2023","okrsok":"18","mcnorm":"podunajskebiskupice","obec":"Podunajské Biskupice","name":"Podunajské Biskupice okrsok 18","volici":"900","ucast_rel":"69.66","vitaz":"remíza"},"geometry":{"type":"MultiPolygon","coordinates":[[[[17.200546,48.137197],[17.200053,48.13771],[17.200082,48.138947],[17.202086,48.13966],[17.202839,48.139579],[17.202863,48.139117],[17.203106,48.138687],[17.203801,48.137916],[17.201757,48.137149],[17.200546,48.137197]]]]}},{"type":"Feature","properties":{"kind":"okrsok","area":"yes","src":"flourish-2023","okrsok":"16","mcnorm":"podunajskebiskupice","obec":"Podunajské Biskupice","name":"Podunajské Biskupice okrsok 16","volici":"854","ucast_rel":"78.45","vitaz":"PS"},"geometry":{"type":"MultiPolygon","coordinates":[[[[17.190428,48.137394],[17.193575,48.137679],[17.193565,48.13793],[17.190472,48.137729],[17.190428,48.137394]]],[[[17.197591,48.137407],[17.196622,48.137281],[17.196573,48.136973],[17.195912,48.13703],[17.195113,48.138786],[17.195122,48.140075],[17.193044,48.140889],[17.195867,48.142731],[17.197871,48.14197],[17.198126,48.142221],[17.198685,48.142075],[17.198552,48.14171],[17.197483,48.141167],[17.197167,48.141273],[17.196657,48.140543],[17.19662,48.139854],[17.197349,48.139133],[17.197896,48.138379],[17.198167,48.137482],[17.19822,48.137164],[17.197636,48.13712],[17.197591,48.137407]]]]}},{"type":"Feature","properties":{"kind":"okrsok","area":"yes","src":"flourish-2023","okrsok":"17","mcnorm":"podunajskebiskupice","obec":"Podunajské Biskupice","name":"Podunajské Biskupice okrsok 17","volici":"1153","ucast_rel":"64.96","vitaz":"Smer"},"geometry":{"type":"MultiPolygon","coordinates":[[[[17.198552,48.14171],[17.198919,48.141666],[17.198919,48.141406],[17.201895,48.140993],[17.202162,48.140604],[17.202781,48.14058],[17.202839,48.139579],[17.202086,48.13966],[17.200082,48.138947],[17.200053,48.13771],[17.198167,48.137482],[17.197896,48.138379],[17.197349,48.139133],[17.19662,48.139854],[17.196657,48.140543],[17.197167,48.141273],[17.197483,48.141167],[17.198552,48.14171]]]]}},{"type":"Feature","properties":{"kind":"okrsok","area":"yes","src":"flourish-2023","okrsok":"19","mcnorm":"podunajskebiskupice","obec":"Podunajské Biskupice","name":"Podunajské Biskupice okrsok 19","volici":"1191","ucast_rel":"69.43","vitaz":"PS"},"geometry":{"type":"MultiPolygon","coordinates":[[[[17.198126,48.142221],[17.199271,48.143457],[17.200085,48.144008],[17.20255,48.143603],[17.202465,48.143286],[17.202805,48.142995],[17.202441,48.141933],[17.20204,48.141828],[17.201895,48.140993],[17.198919,48.141406],[17.198919,48.141666],[17.198552,48.14171],[17.198685,48.142075],[17.198126,48.142221]]]]}},{"type":"Feature","properties":{"kind":"okrsok","area":"yes","src":"flourish-2023","okrsok":"2","mcnorm":"raca","obec":"Rača","name":"Rača okrsok 2","volici":"965","ucast_rel":"79.89","vitaz":"PS"},"geometry":{"type":"MultiPolygon","coordinates":[[[[17.158302,48.216113],[17.158797,48.216264],[17.159289,48.215953],[17.159493,48.216133],[17.15971,48.216035],[17.159827,48.216087],[17.16,48.216083],[17.16238,48.217523],[17.16221,48.217669],[17.163473,48.2183],[17.164651,48.217224],[17.165562,48.217103],[17.166837,48.217418],[17.167639,48.216755],[17.163157,48.214517],[17.161263,48.215945],[17.159896,48.215864],[17.159368,48.215901],[17.158433,48.215897],[17.158302,48.216113]],[[17.161839,48.216839],[17.162555,48.216256],[17.163454,48.216669],[17.162762,48.217324],[17.161839,48.216839]]],[[[17.157363,48.215837],[17.158433,48.215897],[17.158496,48.215722],[17.158162,48.215604],[17.158289,48.215394],[17.157901,48.21505],[17.157624,48.215234],[17.157342,48.215582],[17.157494,48.215647],[17.157363,48.215837]]]]}},{"type":"Feature","properties":{"kind":"okrsok","area":"yes","src":"flourish-2023","okrsok":"3","mcnorm":"raca","obec":"Rača","name":"Rača okrsok 3","volici":"1118","ucast_rel":"77.28","vitaz":"PS"},"geometry":{"type":"MultiPolygon","coordinates":[[[[17.148867,48.215992],[17.149207,48.215709],[17.149414,48.215846],[17.150227,48.215102],[17.149851,48.214859],[17.150106,48.214689],[17.149656,48.214446],[17.148248,48.215595],[17.148867,48.215992]]],[[[17.156227,48.213613],[17.156607,48.213379],[17.156328,48.213136],[17.157142,48.212707],[17.157445,48.212084],[17.156455,48.211226],[17.155041,48.211991],[17.154816,48.211817],[17.154524,48.211983],[17.154773,48.212173],[17.155174,48.212262],[17.155948,48.212811],[17.155535,48.213078],[17.156227,48.213613]]],[[[17.163157,48.214517],[17.161617,48.213759],[17.15982,48.212594],[17.158144,48.213767],[17.157913,48.213581],[17.15733,48.213945],[17.158344,48.214803],[17.157901,48.21505],[17.158289,48.215394],[17.158162,48.215604],[17.158496,48.215722],[17.158433,48.215897],[17.159368,48.215901],[17.159896,48.215864],[17.161263,48.215945],[17.163157,48.214517]]],[[[17.158302,48.216113],[17.158095,48.216321],[17.157962,48.216288],[17.157312,48.216891],[17.159401,48.217725],[17.159996,48.217077],[17.161441,48.21872],[17.16183,48.219335],[17.161222,48.220322],[17.162449,48.220686],[17.165194,48.221552],[17.165425,48.221131],[17.164647,48.220832],[17.164344,48.221059],[17.162959,48.220403],[17.163226,48.220241],[17.163384,48.219643],[17.163166,48.219586],[17.162413,48.219877],[17.162291,48.219351],[17.162801,48.219044],[17.162534,48.218801],[17.163473,48.2183],[17.16221,48.217669],[17.16221,48.217669],[17.16221,48.217669],[17.16238,48.217523],[17.16,48.216083],[17.159827,48.216087],[17.15971,48.216035],[17.159493,48.216133],[17.159289,48.215953],[17.158797,48.216264],[17.158302,48.216113]]]]}},{"type":"Feature","properties":{"kind":"okrsok","area":"yes","src":"flourish-2023","okrsok":"4","mcnorm":"raca","obec":"Rača","name":"Rača okrsok 4","volici":"821","ucast_rel":"81.72","vitaz":"PS"},"geometry":{"type":"MultiPolygon","coordinates":[[[[17.156607,48.213379],[17.15733,48.213945],[17.157913,48.213581],[17.158144,48.213767],[17.15982,48.212594],[17.158007,48.21104],[17.157127,48.2114],[17.157236,48.211627],[17.157043,48.211735],[17.157445,48.212084],[17.157142,48.212707],[17.156328,48.213136],[17.156607,48.213379]]],[[[17.162555,48.216256],[17.161839,48.216839],[17.162762,48.217324],[17.163454,48.216669],[17.162555,48.216256]]]]}},{"type":"Feature","properties":{"kind":"okrsok","area":"yes","src":"flourish-2023","okrsok":"5","mcnorm":"raca","obec":"Rača","name":"Rača okrsok 5","volici":"976","ucast_rel":"77.04","vitaz":"PS"},"geometry":{"type":"MultiPolygon","coordinates":[[[[17.156227,48.213613],[17.155834,48.21331],[17.15511,48.213672],[17.154782,48.214198],[17.157624,48.215234],[17.157901,48.21505],[17.158344,48.214803],[17.15733,48.213945],[17.156607,48.213379],[17.156227,48.213613]]],[[[17.151934,48.213996],[17.151607,48.214643],[17.151789,48.214688],[17.151564,48.215319],[17.150022,48.216557],[17.149208,48.216185],[17.148188,48.216873],[17.146827,48.217213],[17.144581,48.218176],[17.144143,48.218006],[17.14271,48.21905],[17.143232,48.219568],[17.141204,48.220466],[17.142479,48.221696],[17.142989,48.2224],[17.145006,48.222133],[17.146536,48.222529],[17.147204,48.221833],[17.146755,48.221008],[17.146499,48.220539],[17.147702,48.219948],[17.148078,48.220353],[17.149062,48.220118],[17.149269,48.219721],[17.148843,48.219592],[17.148394,48.219705],[17.14803,48.219317],[17.149074,48.218702],[17.149839,48.218301],[17.150246,48.218245],[17.150374,48.217816],[17.149202,48.218148],[17.148412,48.218241],[17.148024,48.217852],[17.149682,48.217047],[17.150274,48.216576],[17.151087,48.216565],[17.15188,48.215032],[17.152129,48.214712],[17.152262,48.214154],[17.151934,48.213996]]]]}},{"type":"Feature","properties":{"kind":"okrsok","area":"yes","src":"flourish-2023","okrsok":"6","mcnorm":"raca","obec":"Rača","name":"Rača okrsok 6","volici":"1022","ucast_rel":"74.65","vitaz":"PS"},"geometry":{"type":"MultiPolygon","coordinates":[[[[17.149269,48.219721],[17.149748,48.21994],[17.14919,48.220692],[17.148789,48.221607],[17.148437,48.221599],[17.147987,48.222133],[17.149323,48.222343],[17.150708,48.220314],[17.152505,48.220427],[17.152821,48.219586],[17.15372,48.218421],[17.151971,48.217878],[17.153355,48.215871],[17.157312,48.216891],[17.157962,48.216288],[17.158095,48.216321],[17.158302,48.216113],[17.158433,48.215897],[17.157363,48.215837],[17.157494,48.215647],[17.157342,48.215582],[17.157624,48.215234],[17.154782,48.214198],[17.15511,48.213672],[17.155834,48.21331],[17.155535,48.213078],[17.155948,48.212811],[17.155174,48.212262],[17.154773,48.212173],[17.153179,48.213098],[17.152772,48.212903],[17.15259,48.213166],[17.1529,48.213272],[17.152833,48.213365],[17.152955,48.213405],[17.152657,48.213939],[17.151758,48.213705],[17.151631,48.213834],[17.151934,48.213996],[17.152262,48.214154],[17.152129,48.214712],[17.15188,48.215032],[17.151087,48.216565],[17.150274,48.216576],[17.149682,48.217047],[17.148024,48.217852],[17.148412,48.218241],[17.149202,48.218148],[17.150374,48.217816],[17.150246,48.218245],[17.149839,48.218301],[17.149074,48.218702],[17.14803,48.219317],[17.148394,48.219705],[17.148843,48.219592],[17.149269,48.219721]]]]}},{"type":"Feature","properties":{"kind":"okrsok","area":"yes","src":"flourish-2023","okrsok":"7","mcnorm":"raca","obec":"Rača","name":"Rača okrsok 7","volici":"1075","ucast_rel":"79.81","vitaz":"PS"},"geometry":{"type":"MultiPolygon","coordinates":[[[[17.148867,48.215992],[17.149208,48.216185],[17.150022,48.216557],[17.151564,48.215319],[17.151789,48.214688],[17.151607,48.214643],[17.151934,48.213996],[17.151631,48.213834],[17.151758,48.213705],[17.151886,48.213557],[17.1516,48.213411],[17.151813,48.213164],[17.150313,48.212282],[17.150608,48.212088],[17.150374,48.212019],[17.149848,48.212359],[17.149348,48.211977],[17.147659,48.210698],[17.146882,48.211184],[17.146639,48.211006],[17.14687,48.210811],[17.146639,48.210674],[17.146955,48.210439],[17.145267,48.20912],[17.145728,48.208869],[17.145394,48.208614],[17.145133,48.208699],[17.144993,48.208456],[17.144629,48.207918],[17.144277,48.207942],[17.144131,48.207736],[17.144052,48.207238],[17.144016,48.206639],[17.14506,48.206056],[17.144562,48.205724],[17.143202,48.206485],[17.142753,48.206072],[17.14155,48.206688],[17.140494,48.205935],[17.139935,48.206259],[17.139461,48.206137],[17.137931,48.205668],[17.137433,48.206607],[17.138575,48.206922],[17.138878,48.207473],[17.139692,48.207351],[17.140275,48.20757],[17.141441,48.2074],[17.141672,48.207724],[17.142437,48.207489],[17.142789,48.208153],[17.142838,48.208525],[17.141247,48.208986],[17.140919,48.209148],[17.141599,48.209763],[17.14206,48.210225],[17.143821,48.209577],[17.144441,48.210152],[17.14206,48.211131],[17.142479,48.211519],[17.140026,48.212017],[17.138751,48.212644],[17.138028,48.213219],[17.139437,48.214134],[17.140785,48.213219],[17.141368,48.21334],[17.143129,48.212321],[17.143749,48.21262],[17.144295,48.212305],[17.14387,48.211576],[17.145376,48.211091],[17.146748,48.212377],[17.146421,48.212742],[17.147635,48.213486],[17.149656,48.214446],[17.150106,48.214689],[17.149851,48.214859],[17.150227,48.215102],[17.149414,48.215846],[17.149207,48.215709],[17.148867,48.215992]]]]}},{"type":"Feature","properties":{"kind":"okrsok","area":"yes","src":"flourish-2023","okrsok":"8","mcnorm":"raca","obec":"Rača","name":"Rača okrsok 8","volici":"1130","ucast_rel":"60.97","vitaz":"PS"},"geometry":{"type":"MultiPolygon","coordinates":[[[[17.152657,48.213939],[17.152955,48.213405],[17.152833,48.213365],[17.1529,48.213272],[17.15259,48.213166],[17.152772,48.212903],[17.153179,48.213098],[17.154773,48.212173],[17.154524,48.211983],[17.154816,48.211817],[17.155041,48.211991],[17.156455,48.211226],[17.157043,48.211735],[17.157236,48.211627],[17.157127,48.2114],[17.158007,48.21104],[17.157084,48.21022],[17.155044,48.211354],[17.154752,48.211176],[17.1544,48.211386],[17.153768,48.210795],[17.153489,48.210925],[17.150796,48.208824],[17.150687,48.208331],[17.149897,48.208808],[17.151695,48.210257],[17.151913,48.210144],[17.152168,48.210443],[17.150905,48.211196],[17.15116,48.211333],[17.149612,48.212178],[17.149848,48.212359],[17.150374,48.212019],[17.150608,48.212088],[17.150608,48.212088],[17.150608,48.212088],[17.150313,48.212282],[17.151813,48.213164],[17.1516,48.213411],[17.151886,48.213557],[17.151758,48.213705],[17.152657,48.213939]]]]}},{"type":"Feature","properties":{"kind":"okrsok","area":"yes","src":"flourish-2023","okrsok":"10","mcnorm":"raca","obec":"Rača","name":"Rača okrsok 10","volici":"1237","ucast_rel":"79.46","vitaz":"PS"},"geometry":{"type":"MultiPolygon","coordinates":[[[[17.145853,48.205227],[17.14646,48.20555],[17.147432,48.206457],[17.146703,48.206862],[17.146217,48.206522],[17.14578,48.206554],[17.144085,48.207442],[17.144131,48.207736],[17.144277,48.207942],[17.144629,48.207918],[17.14499,48.20774],[17.146745,48.207825],[17.147067,48.207635],[17.14816,48.208586],[17.148695,48.20831],[17.149077,48.208675],[17.148604,48.209063],[17.148749,48.209217],[17.147541,48.209889],[17.14779,48.210091],[17.147529,48.210273],[17.147347,48.210144],[17.146955,48.210439],[17.146639,48.210674],[17.14687,48.210811],[17.146639,48.211006],[17.146882,48.211184],[17.147659,48.210698],[17.149071,48.209585],[17.149478,48.209322],[17.149606,48.209419],[17.150215,48.209064],[17.149897,48.208808],[17.149897,48.208808],[17.149897,48.208808],[17.149897,48.208808],[17.150687,48.208331],[17.149946,48.207404],[17.149399,48.206789],[17.148828,48.206433],[17.148974,48.205728],[17.149047,48.205121],[17.148925,48.204806],[17.148209,48.204077],[17.146703,48.203672],[17.146071,48.203802],[17.1451,48.204417],[17.145245,48.204854],[17.145853,48.205227]]]]}},{"type":"Feature","properties":{"kind":"okrsok","area":"yes","src":"flourish-2023","okrsok":"9","mcnorm":"raca","obec":"Rača","name":"Rača okrsok 9","volici":"952","ucast_rel":"75.84","vitaz":"PS"},"geometry":{"type":"MultiPolygon","coordinates":[[[[17.149612,48.212178],[17.149612,48.212178],[17.15116,48.211333],[17.150905,48.211196],[17.152168,48.210443],[17.151913,48.210144],[17.151695,48.210257],[17.150215,48.209064],[17.149606,48.209419],[17.149478,48.209322],[17.149071,48.209585],[17.147659,48.210698],[17.149348,48.211977],[17.149612,48.212178]]],[[[17.146955,48.210439],[17.147347,48.210144],[17.147529,48.210273],[17.14779,48.210091],[17.147541,48.209889],[17.148749,48.209217],[17.148604,48.209063],[17.149077,48.208675],[17.148695,48.20831],[17.14816,48.208586],[17.147067,48.207635],[17.146745,48.207825],[17.14499,48.20774],[17.144629,48.207918],[17.144993,48.208456],[17.145133,48.208699],[17.145394,48.208614],[17.145728,48.208869],[17.145267,48.20912],[17.146955,48.210439]]]]}},{"type":"Feature","properties":{"kind":"okrsok","area":"yes","src":"flourish-2023","okrsok":"11","mcnorm":"raca","obec":"Rača","name":"Rača okrsok 11","volici":"876","ucast_rel":"86.52","vitaz":"PS"},"geometry":{"type":"MultiPolygon","coordinates":[[[[17.155014,48.205737],[17.15468,48.205936],[17.154282,48.205601],[17.153414,48.206074],[17.153593,48.20626],[17.152741,48.206703],[17.152562,48.20653],[17.151319,48.207541],[17.150552,48.208163],[17.150687,48.208331],[17.150796,48.208824],[17.153489,48.210925],[17.153768,48.210795],[17.1544,48.211386],[17.154752,48.211176],[17.155044,48.211354],[17.157084,48.21022],[17.15867,48.211608],[17.15867,48.211608],[17.159492,48.211194],[17.161435,48.210738],[17.161395,48.210319],[17.160901,48.209897],[17.1599,48.208909],[17.160155,48.20875],[17.156619,48.205677],[17.156778,48.205576],[17.15434,48.203421],[17.153852,48.203687],[17.154246,48.203993],[17.154636,48.203776],[17.154927,48.204044],[17.154656,48.2042],[17.155006,48.204519],[17.155158,48.204418],[17.155429,48.204689],[17.155309,48.204768],[17.155675,48.205092],[17.154863,48.20557],[17.155054,48.205713],[17.155275,48.205595],[17.155816,48.20608],[17.155601,48.2062],[17.155486,48.20612],[17.15514,48.206316],[17.154873,48.206091],[17.155211,48.205903],[17.155014,48.205737],[17.155014,48.205737]]]]}},{"type":"Feature","properties":{"kind":"okrsok","area":"yes","src":"flourish-2023","okrsok":"12","mcnorm":"raca","obec":"Rača","name":"Rača okrsok 12","volici":"1066","ucast_rel":"78.33","vitaz":"PS"},"geometry":{"type":"MultiPolygon","coordinates":[[[[17.150552,48.208163],[17.152562,48.20653],[17.152741,48.206703],[17.153593,48.20626],[17.153414,48.206074],[17.154282,48.205601],[17.15468,48.205936],[17.155014,48.205737],[17.155014,48.205737],[17.155014,48.205737],[17.155211,48.205903],[17.154873,48.206091],[17.15514,48.206316],[17.155486,48.20612],[17.155601,48.2062],[17.155816,48.20608],[17.155275,48.205595],[17.155054,48.205713],[17.154863,48.20557],[17.154863,48.20557],[17.154863,48.20557],[17.155675,48.205092],[17.155309,48.204768],[17.155429,48.204689],[17.155158,48.204418],[17.155006,48.204519],[17.154656,48.2042],[17.154927,48.204044],[17.154636,48.203776],[17.154246,48.203993],[17.153852,48.203687],[17.153852,48.203687],[17.153852,48.203687],[17.15434,48.203421],[17.153619,48.202687],[17.151246,48.200606],[17.149143,48.201976],[17.14546,48.203029],[17.146071,48.203802],[17.146703,48.203672],[17.148209,48.204077],[17.148925,48.204806],[17.149047,48.205121],[17.148974,48.205728],[17.148828,48.206433],[17.149399,48.206789],[17.149946,48.207404],[17.150552,48.208163]]]]}},{"type":"Feature","properties":{"kind":"okrsok","area":"yes","src":"flourish-2023","okrsok":"13","mcnorm":"raca","obec":"Rača","name":"Rača okrsok 13","volici":"1138","ucast_rel":"76.62","vitaz":"PS"},"geometry":{"type":"MultiPolygon","coordinates":[[[[17.14546,48.203029],[17.144059,48.20159],[17.144365,48.20148],[17.144123,48.201208],[17.145639,48.200571],[17.143371,48.198236],[17.14039,48.199492],[17.144875,48.203637],[17.144492,48.203874],[17.1451,48.204417],[17.146071,48.203802],[17.14546,48.203029]]]]}},{"type":"Feature","properties":{"kind":"okrsok","area":"yes","src":"flourish-2023","okrsok":"14","mcnorm":"raca","obec":"Rača","name":"Rača okrsok 14","volici":"1133","ucast_rel":"73.78","vitaz":"PS"},"geometry":{"type":"MultiPolygon","coordinates":[[[[17.149143,48.201976],[17.147984,48.200019],[17.146709,48.198252],[17.143346,48.19511],[17.141333,48.195959],[17.143371,48.198236],[17.145639,48.200571],[17.144123,48.201208],[17.144365,48.20148],[17.144059,48.20159],[17.14546,48.203029],[17.149143,48.201976]]],[[[17.123348,48.204639],[17.122597,48.204069],[17.125165,48.20266],[17.126284,48.202176],[17.126773,48.201786],[17.127524,48.200942],[17.127149,48.200592],[17.128005,48.200057],[17.131802,48.198871],[17.132338,48.19881],[17.133072,48.198944],[17.13476,48.198278],[17.134336,48.197625],[17.137507,48.196321],[17.138324,48.19722],[17.134924,48.198665],[17.135012,48.19895],[17.134715,48.199527],[17.134389,48.199541],[17.134128,48.199397],[17.133844,48.199357],[17.131856,48.19945],[17.131296,48.199535],[17.131143,48.199849],[17.131156,48.200189],[17.130154,48.200435],[17.128791,48.201215],[17.128669,48.201565],[17.12818,48.201833],[17.127935,48.201833],[17.125279,48.20316],[17.123348,48.204639]]]]}},{"type":"Feature","properties":{"kind":"okrsok","area":"yes","src":"flourish-2023","okrsok":"15","mcnorm":"raca","obec":"Rača","name":"Rača okrsok 15","volici":"1080","ucast_rel":"76.75","vitaz":"PS"},"geometry":{"type":"MultiPolygon","coordinates":[[[[17.141333,48.195959],[17.139877,48.196554],[17.139189,48.195722],[17.138832,48.195874],[17.138144,48.195144],[17.13687,48.19562],[17.14039,48.199492],[17.143371,48.198236],[17.141333,48.195959]]],[[[17.133844,48.199357],[17.133194,48.199374],[17.131856,48.19945],[17.131296,48.199535],[17.131245,48.199611],[17.131143,48.199849],[17.131156,48.200189],[17.131551,48.200333],[17.132914,48.200299],[17.133411,48.200554],[17.134621,48.200104],[17.134621,48.19973],[17.134389,48.199541],[17.134128,48.199397],[17.133844,48.199357]]]]}},{"type":"Feature","properties":{"kind":"okrsok","area":"yes","src":"flourish-2023","okrsok":"16","mcnorm":"raca","obec":"Rača","name":"Rača okrsok 16","volici":"1230","ucast_rel":"79.67","vitaz":"PS"},"geometry":{"type":"MultiPolygon","coordinates":[[[[17.139877,48.196554],[17.141333,48.195959],[17.143346,48.19511],[17.142524,48.194216],[17.143505,48.193651],[17.141084,48.191515],[17.138574,48.189545],[17.137096,48.188389],[17.136523,48.188067],[17.135924,48.188432],[17.137625,48.189901],[17.135115,48.191133],[17.133777,48.192127],[17.136529,48.192704],[17.137969,48.193732],[17.137154,48.194114],[17.138144,48.195144],[17.138832,48.195874],[17.139189,48.195722],[17.139877,48.196554]]]]}},{"type":"Feature","properties":{"kind":"okrsok","area":"yes","src":"flourish-2023","okrsok":"17","mcnorm":"raca","obec":"Rača","name":"Rača okrsok 17","volici":"823","ucast_rel":"65.49","vitaz":"Smer"},"geometry":{"type":"MultiPolygon","coordinates":[[[[17.158724,48.201554],[17.162954,48.202547],[17.164267,48.201885],[17.16349,48.199796],[17.161782,48.200076],[17.161884,48.200348],[17.159948,48.200645],[17.158724,48.201554]]]]}},{"type":"Feature","properties":{"kind":"okrsok","area":"yes","src":"flourish-2023","okrsok":"18","mcnorm":"raca","obec":"Rača","name":"Rača okrsok 18","volici":"771","ucast_rel":"76.91","vitaz":"PS"},"geometry":{"type":"MultiPolygon","coordinates":[[[[17.166509,48.201274],[17.171835,48.200297],[17.173772,48.200042],[17.174307,48.20028],[17.176549,48.19865],[17.174027,48.197053],[17.173249,48.197206],[17.171542,48.198344],[17.170395,48.199252],[17.165987,48.200102],[17.166509,48.201274]]]]}},{"type":"Feature","properties":{"kind":"okrsok","area":"yes","src":"flourish-2023","okrsok":"19","mcnorm":"raca","obec":"Rača","name":"Rača okrsok 19","volici":"775","ucast_rel":"69.29","vitaz":"Smer"},"geometry":{"type":"MultiPolygon","coordinates":[[[[17.164267,48.201885],[17.166509,48.201274],[17.165987,48.200102],[17.170395,48.199252],[17.171542,48.198344],[17.173249,48.197206],[17.166191,48.198616],[17.164891,48.199363],[17.16349,48.199796],[17.164267,48.201885]]]]}},{"type":"Feature","properties":{"kind":"okrsok","area":"yes","src":"flourish-2023","okrsok":"1","mcnorm":"rusovce","obec":"Rusovce","name":"Rusovce okrsok 1","volici":"908","ucast_rel":"86.89","vitaz":"PS"},"geometry":{"type":"MultiPolygon","coordinates":[[[[17.164955,48.033934],[17.163101,48.036388],[17.154717,48.044191],[17.157629,48.046453],[17.156877,48.04719],[17.157081,48.047296],[17.156648,48.047692],[17.157049,48.047901],[17.156921,48.048144],[17.156807,48.048097],[17.156227,48.048693],[17.156839,48.049012],[17.156176,48.049157],[17.155979,48.049362],[17.155278,48.049042],[17.155469,48.048855],[17.155087,48.048684],[17.155437,48.048361],[17.1538,48.047539],[17.1535,48.047811],[17.152781,48.047475],[17.152513,48.047722],[17.15273,48.047841],[17.152539,48.049042],[17.152946,48.049059],[17.156106,48.050558],[17.157813,48.050831],[17.159037,48.050439],[17.159903,48.049843],[17.160285,48.050047],[17.161126,48.049161],[17.161789,48.048029],[17.160298,48.047466],[17.160196,48.047181],[17.16003,48.046806],[17.160585,48.046023],[17.161018,48.045686],[17.161795,48.044443],[17.161304,48.043646],[17.160814,48.043399],[17.161859,48.042398],[17.161521,48.042232],[17.162241,48.041534],[17.161865,48.041142],[17.161336,48.040937],[17.16177,48.040494],[17.163222,48.039762],[17.164929,48.038194],[17.167427,48.036524],[17.164955,48.033934]]]]}},{"type":"Feature","properties":{"kind":"okrsok","area":"yes","src":"flourish-2023","okrsok":"2","mcnorm":"rusovce","obec":"Rusovce","name":"Rusovce okrsok 2","volici":"856","ucast_rel":"77.1","vitaz":"PS"},"geometry":{"type":"MultiPolygon","coordinates":[[[[17.156176,48.049157],[17.156839,48.049012],[17.156227,48.048693],[17.156807,48.048097],[17.156921,48.048144],[17.157049,48.047901],[17.156648,48.047692],[17.157081,48.047296],[17.156877,48.04719],[17.157629,48.046453],[17.154717,48.044191],[17.15315,48.045703],[17.152347,48.046947],[17.152093,48.046896],[17.151481,48.047322],[17.151698,48.04753],[17.149939,48.049242],[17.150398,48.049523],[17.149876,48.050673],[17.146152,48.053309],[17.146391,48.053476],[17.14587,48.053885],[17.14562,48.053739],[17.145059,48.054157],[17.145276,48.054284],[17.143938,48.055336],[17.144422,48.055634],[17.143703,48.055996],[17.142734,48.055404],[17.141027,48.056571],[17.138835,48.057601],[17.138937,48.057857],[17.139485,48.057712],[17.139676,48.058019],[17.141091,48.057808],[17.14147,48.057725],[17.141683,48.0579],[17.14325,48.057448],[17.144346,48.056584],[17.145181,48.055928],[17.146302,48.05592],[17.147525,48.054915],[17.147124,48.054595],[17.147493,48.054331],[17.148398,48.053718],[17.149105,48.052922],[17.149519,48.053164],[17.149939,48.052892],[17.149041,48.052317],[17.149417,48.052019],[17.150538,48.050792],[17.151443,48.049285],[17.152105,48.049506],[17.152539,48.049042],[17.15273,48.047841],[17.152513,48.047722],[17.152781,48.047475],[17.1535,48.047811],[17.1538,48.047539],[17.155437,48.048361],[17.155087,48.048684],[17.155469,48.048855],[17.155278,48.049042],[17.155979,48.049362],[17.156176,48.049157]]]]}},{"type":"Feature","properties":{"kind":"okrsok","area":"yes","src":"flourish-2023","okrsok":"3","mcnorm":"rusovce","obec":"Rusovce","name":"Rusovce okrsok 3","volici":"861","ucast_rel":"72.12","vitaz":"PS"},"geometry":{"type":"MultiPolygon","coordinates":[[[[17.152093,48.046896],[17.15133,48.046423],[17.146845,48.049276],[17.141723,48.052734],[17.141079,48.053284],[17.142347,48.054003],[17.141532,48.054697],[17.141392,48.054808],[17.140194,48.054186],[17.139863,48.054574],[17.138907,48.056039],[17.138034,48.057567],[17.138404,48.057746],[17.138835,48.057601],[17.141027,48.056571],[17.142734,48.055404],[17.142115,48.055015],[17.142688,48.054521],[17.143938,48.055336],[17.145276,48.054284],[17.145059,48.054157],[17.14562,48.053739],[17.146152,48.053309],[17.149876,48.050673],[17.150398,48.049523],[17.149939,48.049242],[17.151698,48.04753],[17.151481,48.047322],[17.152093,48.046896]]]]}},{"type":"Feature","properties":{"kind":"okrsok","area":"yes","src":"flourish-2023","okrsok":"4","mcnorm":"rusovce","obec":"Rusovce","name":"Rusovce okrsok 4","volici":"813","ucast_rel":"72.32","vitaz":"PS"},"geometry":{"type":"MultiPolygon","coordinates":[[[[17.141079,48.053284],[17.140194,48.054186],[17.141392,48.054808],[17.142347,48.054003],[17.141079,48.053284]]],[[[17.143703,48.055996],[17.144422,48.055634],[17.143938,48.055336],[17.142688,48.054521],[17.142115,48.055015],[17.143703,48.055996]]],[[[17.14562,48.053739],[17.14587,48.053885],[17.146391,48.053476],[17.146152,48.053309],[17.14562,48.053739]]],[[[17.138034,48.057567],[17.137592,48.058242],[17.136674,48.059843],[17.140726,48.062926],[17.141707,48.062679],[17.142357,48.06055],[17.143962,48.060524],[17.145211,48.058408],[17.146115,48.057642],[17.147874,48.057242],[17.148332,48.057403],[17.149237,48.057659],[17.149645,48.057301],[17.149422,48.056505],[17.14995,48.056015],[17.150339,48.055432],[17.150868,48.054683],[17.151314,48.054355],[17.15111,48.054167],[17.151492,48.053793],[17.149939,48.052892],[17.149939,48.052892],[17.149939,48.052892],[17.149519,48.053164],[17.149105,48.052922],[17.148398,48.053718],[17.147124,48.054595],[17.147525,48.054915],[17.147525,48.054915],[17.147525,48.054915],[17.146302,48.05592],[17.145181,48.055928],[17.14325,48.057448],[17.141683,48.0579],[17.14147,48.057725],[17.141091,48.057808],[17.139676,48.058019],[17.139485,48.057712],[17.138937,48.057857],[17.138835,48.057601],[17.138404,48.057746],[17.138034,48.057567]]]]}},{"type":"Feature","properties":{"kind":"okrsok","area":"yes","src":"flourish-2023","okrsok":"1","mcnorm":"ruzinov","obec":"Ružinov","name":"Ružinov okrsok 1","volici":"886","ucast_rel":"77.31","vitaz":"PS"},"geometry":{"type":"MultiPolygon","coordinates":[[[[17.133132,48.150591],[17.134473,48.149616],[17.132087,48.145651],[17.131636,48.145699],[17.131074,48.147264],[17.13063,48.147288],[17.130279,48.145845],[17.124048,48.146515],[17.124648,48.148279],[17.125959,48.148098],[17.125902,48.147833],[17.12609,48.147505],[17.126936,48.147697],[17.12679,48.147986],[17.130912,48.148959],[17.130567,48.149903],[17.131674,48.150137],[17.131951,48.149638],[17.132646,48.149778],[17.132771,48.150032],[17.1325,48.150259],[17.133132,48.150591]]],[[[17.133884,48.15396],[17.134386,48.15384],[17.134482,48.153617],[17.134137,48.153531],[17.133884,48.15396]]],[[[17.130217,48.152263],[17.130645,48.15252],[17.132337,48.151204],[17.13123,48.150565],[17.130907,48.150872],[17.131596,48.151273],[17.130217,48.152263]]],[[[17.128885,48.153263],[17.128665,48.15412],[17.129637,48.153388],[17.128885,48.153263]]]]}},{"type":"Feature","properties":{"kind":"okrsok","area":"yes","src":"flourish-2023","okrsok":"2","mcnorm":"ruzinov","obec":"Ružinov","name":"Ružinov okrsok 2","volici":"883","ucast_rel":"73.15","vitaz":"PS"},"geometry":{"type":"MultiPolygon","coordinates":[[[[17.133466,48.151328],[17.134417,48.152715],[17.135514,48.152415],[17.135148,48.153621],[17.134051,48.154485],[17.134062,48.154855],[17.134208,48.154855],[17.136454,48.152945],[17.135849,48.151925],[17.135849,48.151925],[17.135413,48.15119],[17.134804,48.150164],[17.134177,48.150324],[17.133736,48.150946],[17.133466,48.151328]]],[[[17.141292,48.147149],[17.14113,48.147462],[17.140727,48.147379],[17.139871,48.14886],[17.140205,48.148965],[17.139818,48.149557],[17.139463,48.14946],[17.138565,48.150582],[17.139077,48.150916],[17.1395,48.150561],[17.141652,48.147236],[17.141292,48.147149]]]]}},{"type":"Feature","properties":{"kind":"okrsok","area":"yes","src":"flourish-2023","okrsok":"3","mcnorm":"ruzinov","obec":"Ružinov","name":"Ružinov okrsok 3","volici":"844","ucast_rel":"73.57","vitaz":"PS"},"geometry":{"type":"MultiPolygon","coordinates":[[[[17.129721,48.152048],[17.125855,48.152032],[17.125636,48.153837],[17.128665,48.15412],[17.128885,48.153263],[17.129637,48.153388],[17.130645,48.15252],[17.130217,48.152263],[17.131596,48.151273],[17.130907,48.150872],[17.13005,48.151338],[17.129721,48.152048]]],[[[17.133052,48.153191],[17.134814,48.153426],[17.135148,48.153621],[17.135514,48.152415],[17.134417,48.152715],[17.133633,48.151572],[17.132824,48.152105],[17.132489,48.153739],[17.129637,48.153388],[17.128665,48.15412],[17.134062,48.154855],[17.134051,48.154485],[17.134401,48.15421],[17.133884,48.15396],[17.13408,48.153629],[17.132958,48.153508],[17.133052,48.153191]]]]}},{"type":"Feature","properties":{"kind":"okrsok","area":"yes","src":"flourish-2023","okrsok":"4","mcnorm":"ruzinov","obec":"Ružinov","name":"Ružinov okrsok 4","volici":"761","ucast_rel":"78.31","vitaz":"PS"},"geometry":{"type":"MultiPolygon","coordinates":[[[[17.12679,48.147986],[17.128138,48.152042],[17.129704,48.152048],[17.129721,48.152048],[17.13005,48.151338],[17.130567,48.149903],[17.130912,48.148959],[17.129212,48.148558],[17.128838,48.149571],[17.128927,48.149592],[17.128671,48.15032],[17.128336,48.150293],[17.128148,48.149508],[17.128074,48.149215],[17.128338,48.148351],[17.12679,48.147986]]],[[[17.131074,48.147264],[17.131636,48.145699],[17.130869,48.145785],[17.130722,48.146838],[17.13053,48.146877],[17.13063,48.147288],[17.131074,48.147264]]]]}},{"type":"Feature","properties":{"kind":"okrsok","area":"yes","src":"flourish-2023","okrsok":"5","mcnorm":"ruzinov","obec":"Ružinov","name":"Ružinov okrsok 5","volici":"759","ucast_rel":"77.07","vitaz":"PS"},"geometry":{"type":"MultiPolygon","coordinates":[[[[17.125855,48.152032],[17.128138,48.152042],[17.12679,48.147986],[17.126936,48.147697],[17.12609,48.147505],[17.125902,48.147833],[17.125959,48.148098],[17.124648,48.148279],[17.125855,48.152032]]],[[[17.128336,48.150293],[17.128671,48.15032],[17.128927,48.149592],[17.128838,48.149571],[17.129212,48.148558],[17.128338,48.148351],[17.128074,48.149215],[17.128148,48.149508],[17.128336,48.150293]]],[[[17.132726,48.150904],[17.133466,48.151328],[17.133736,48.150946],[17.133132,48.150591],[17.1325,48.150259],[17.132771,48.150032],[17.132646,48.149778],[17.131951,48.149638],[17.131674,48.150137],[17.130567,48.149903],[17.13005,48.151338],[17.130907,48.150872],[17.13123,48.150565],[17.132337,48.151204],[17.132726,48.150904]]]]}},{"type":"Feature","properties":{"kind":"okrsok","area":"yes","src":"flourish-2023","okrsok":"6","mcnorm":"ruzinov","obec":"Ružinov","name":"Ružinov okrsok 6","volici":"958","ucast_rel":"77.97","vitaz":"PS"},"geometry":{"type":"MultiPolygon","coordinates":[[[[17.134226,48.149206],[17.134984,48.149004],[17.135239,48.149399],[17.135533,48.149315],[17.135612,48.147944],[17.134459,48.147924],[17.134076,48.148039],[17.133738,48.147446],[17.133242,48.147571],[17.134226,48.149206]]],[[[17.133738,48.147446],[17.134694,48.147328],[17.134567,48.146935],[17.134743,48.146919],[17.134729,48.146719],[17.135278,48.146651],[17.135249,48.146438],[17.133291,48.146641],[17.133738,48.147446]]],[[[17.141292,48.147149],[17.141652,48.147236],[17.14666,48.148409],[17.149673,48.14886],[17.150105,48.147996],[17.148976,48.147512],[17.147082,48.147459],[17.144158,48.146962],[17.141494,48.146818],[17.140798,48.146634],[17.140592,48.146981],[17.13571,48.145822],[17.135793,48.146248],[17.136186,48.146238],[17.136711,48.146363],[17.136838,48.146147],[17.137216,48.146241],[17.137064,48.14649],[17.137486,48.146595],[17.137628,48.146333],[17.137962,48.146412],[17.13777,48.146762],[17.139115,48.147099],[17.139316,48.146723],[17.139635,48.146801],[17.139463,48.147076],[17.13988,48.147184],[17.140047,48.146939],[17.140351,48.147014],[17.140233,48.14724],[17.140727,48.147379],[17.14113,48.147462],[17.141292,48.147149]]]]}},{"type":"Feature","properties":{"kind":"okrsok","area":"yes","src":"flourish-2023","okrsok":"7","mcnorm":"ruzinov","obec":"Ružinov","name":"Ružinov okrsok 7","volici":"930","ucast_rel":"79.03","vitaz":"PS"},"geometry":{"type":"MultiPolygon","coordinates":[[[[17.135533,48.149315],[17.135572,48.149489],[17.135298,48.14976],[17.136402,48.150382],[17.136495,48.150294],[17.136804,48.150477],[17.136588,48.150647],[17.136892,48.150873],[17.13646,48.15121],[17.136102,48.150998],[17.135413,48.15119],[17.135413,48.15119],[17.135849,48.151925],[17.136226,48.151841],[17.136652,48.152248],[17.137128,48.152517],[17.138732,48.15122],[17.135533,48.149315]]],[[[17.134002,48.145475],[17.132982,48.145547],[17.133051,48.146189],[17.133291,48.146641],[17.135249,48.146438],[17.135278,48.146651],[17.134729,48.146719],[17.134743,48.146919],[17.134567,48.146935],[17.134694,48.147328],[17.134694,48.147328],[17.134694,48.147328],[17.133738,48.147446],[17.134076,48.148039],[17.134459,48.147924],[17.135612,48.147944],[17.135533,48.149315],[17.136622,48.149011],[17.13777,48.146762],[17.137962,48.146412],[17.137628,48.146333],[17.137486,48.146595],[17.136907,48.147675],[17.136318,48.147577],[17.136348,48.147433],[17.135985,48.147361],[17.136186,48.146238],[17.135793,48.146248],[17.13571,48.145822],[17.134002,48.145475]]]]}},{"type":"Feature","properties":{"kind":"okrsok","area":"yes","src":"flourish-2023","okrsok":"8","mcnorm":"ruzinov","obec":"Ružinov","name":"Ružinov okrsok 8","volici":"756","ucast_rel":"97.48","vitaz":"PS"},"geometry":{"type":"MultiPolygon","coordinates":[[[[17.133854,48.150067],[17.134034,48.150176],[17.134707,48.150006],[17.134594,48.149855],[17.135266,48.149685],[17.135298,48.14976],[17.135572,48.149489],[17.135533,48.149315],[17.135239,48.149399],[17.134984,48.149004],[17.134226,48.149206],[17.134473,48.149616],[17.133854,48.150067]]],[[[17.135533,48.149315],[17.138732,48.15122],[17.139077,48.150916],[17.138565,48.150582],[17.139463,48.14946],[17.139818,48.149557],[17.140205,48.148965],[17.139871,48.14886],[17.140727,48.147379],[17.140233,48.14724],[17.140351,48.147014],[17.140047,48.146939],[17.13988,48.147184],[17.139463,48.147076],[17.139635,48.146801],[17.139316,48.146723],[17.139115,48.147099],[17.13777,48.146762],[17.136622,48.149011],[17.135533,48.149315]]]]}},{"type":"Feature","properties":{"kind":"okrsok","area":"yes","src":"flourish-2023","okrsok":"9","mcnorm":"ruzinov","obec":"Ružinov","name":"Ružinov okrsok 9","volici":"967","ucast_rel":"79.11","vitaz":"PS"},"geometry":{"type":"MultiPolygon","coordinates":[[[[17.135413,48.15119],[17.135413,48.15119],[17.135413,48.15119],[17.136102,48.150998],[17.13646,48.15121],[17.136892,48.150873],[17.136588,48.150647],[17.136804,48.150477],[17.136495,48.150294],[17.136402,48.150382],[17.135298,48.14976],[17.135266,48.149685],[17.134594,48.149855],[17.134707,48.150006],[17.134804,48.150164],[17.135156,48.150757],[17.135413,48.15119]]],[[[17.135985,48.147361],[17.136348,48.147433],[17.136318,48.147577],[17.136907,48.147675],[17.137486,48.146595],[17.137064,48.14649],[17.137216,48.146241],[17.136838,48.146147],[17.136711,48.146363],[17.136186,48.146238],[17.135985,48.147361]]],[[[17.132087,48.145651],[17.133242,48.147571],[17.133738,48.147446],[17.133291,48.146641],[17.133051,48.146189],[17.132982,48.145547],[17.134002,48.145475],[17.13571,48.145822],[17.140592,48.146981],[17.140798,48.146634],[17.141494,48.146818],[17.144158,48.146962],[17.144277,48.146607],[17.145003,48.145887],[17.14728,48.145638],[17.147417,48.144473],[17.141805,48.144394],[17.141589,48.143844],[17.136506,48.144368],[17.136035,48.142076],[17.130206,48.142273],[17.132087,48.145651]]],[[[17.13053,48.146877],[17.130722,48.146838],[17.130869,48.145785],[17.130279,48.145845],[17.13053,48.146877]]],[[[17.137128,48.152517],[17.136652,48.152248],[17.136226,48.151841],[17.135849,48.151925],[17.136454,48.152945],[17.137128,48.152517]]]]}},{"type":"Feature","properties":{"kind":"okrsok","area":"yes","src":"flourish-2023","okrsok":"10","mcnorm":"ruzinov","obec":"Ružinov","name":"Ružinov okrsok 10","volici":"827","ucast_rel":"76.9","vitaz":"PS"},"geometry":{"type":"MultiPolygon","coordinates":[[[[17.133466,48.151328],[17.132726,48.150904],[17.132337,48.151204],[17.130645,48.15252],[17.129637,48.153388],[17.132489,48.153739],[17.132824,48.152105],[17.133633,48.151572],[17.133466,48.151328]]],[[[17.133132,48.150591],[17.133132,48.150591],[17.133854,48.150067],[17.134034,48.150176],[17.134707,48.150006],[17.134804,48.150164],[17.134177,48.150324],[17.133736,48.150946],[17.133132,48.150591],[17.133132,48.150591]]],[[[17.134401,48.15421],[17.135148,48.153621],[17.134814,48.153426],[17.133052,48.153191],[17.132958,48.153508],[17.13408,48.153629],[17.134137,48.153531],[17.134482,48.153617],[17.134386,48.15384],[17.133884,48.15396],[17.134401,48.15421]]]]}},{"type":"Feature","properties":{"kind":"okrsok","area":"yes","src":"flourish-2023","okrsok":"11","mcnorm":"ruzinov","obec":"Ružinov","name":"Ružinov okrsok 11","volici":"714","ucast_rel":"77.45","vitaz":"PS"},"geometry":{"type":"MultiPolygon","coordinates":[[[[17.130228,48.1551],[17.129968,48.15507],[17.129941,48.155185],[17.130304,48.155461],[17.130483,48.155342],[17.131872,48.155548],[17.132834,48.155931],[17.134208,48.154855],[17.134062,48.154855],[17.134062,48.154855],[17.130687,48.154395],[17.130486,48.155296],[17.130187,48.155254],[17.130228,48.1551]]]]}},{"type":"Feature","properties":{"kind":"okrsok","area":"yes","src":"flourish-2023","okrsok":"12","mcnorm":"ruzinov","obec":"Ružinov","name":"Ružinov okrsok 12","volici":"607","ucast_rel":"71.82","vitaz":"PS"},"geometry":{"type":"MultiPolygon","coordinates":[[[[17.128606,48.154893],[17.129784,48.155803],[17.12947,48.156013],[17.131237,48.157198],[17.132834,48.155931],[17.131872,48.155548],[17.130483,48.155342],[17.130304,48.155461],[17.129941,48.155185],[17.129968,48.15507],[17.130228,48.1551],[17.130187,48.155254],[17.130486,48.155296],[17.130629,48.154658],[17.127054,48.154247],[17.126691,48.15444],[17.126382,48.154408],[17.126141,48.155196],[17.126563,48.155497],[17.126887,48.155281],[17.127422,48.155658],[17.128606,48.154893]]]]}},{"type":"Feature","properties":{"kind":"okrsok","area":"yes","src":"flourish-2023","okrsok":"13","mcnorm":"ruzinov","obec":"Ružinov","name":"Ružinov okrsok 13","volici":"665","ucast_rel":"74.13","vitaz":"PS"},"geometry":{"type":"MultiPolygon","coordinates":[[[[17.131237,48.157198],[17.12947,48.156013],[17.129784,48.155803],[17.128606,48.154893],[17.127422,48.155658],[17.126887,48.155281],[17.126563,48.155497],[17.126141,48.155196],[17.126382,48.154408],[17.126691,48.15444],[17.127054,48.154247],[17.130629,48.154658],[17.130687,48.154395],[17.128665,48.15412],[17.125636,48.153837],[17.124866,48.155751],[17.127947,48.158176],[17.128631,48.158219],[17.128705,48.157913],[17.128365,48.157653],[17.128846,48.157383],[17.129409,48.157808],[17.130592,48.157714],[17.131237,48.157198]]]]}},{"type":"Feature","properties":{"kind":"okrsok","area":"yes","src":"flourish-2023","okrsok":"14","mcnorm":"ruzinov","obec":"Ružinov","name":"Ružinov okrsok 14","volici":"1047","ucast_rel":"88.63","vitaz":"PS"},"geometry":{"type":"MultiPolygon","coordinates":[[[[17.134933,48.158336],[17.134497,48.158876],[17.135394,48.159191],[17.135485,48.158741],[17.136611,48.158929],[17.136711,48.158653],[17.136711,48.157957],[17.137439,48.155395],[17.136462,48.155284],[17.136098,48.156676],[17.134889,48.156521],[17.134293,48.156024],[17.132108,48.157814],[17.130592,48.157714],[17.130592,48.157714],[17.129409,48.157808],[17.128846,48.157383],[17.128365,48.157653],[17.128705,48.157913],[17.128705,48.157913],[17.128705,48.157913],[17.128659,48.158105],[17.128631,48.158219],[17.131214,48.158383],[17.133536,48.158538],[17.134624,48.157604],[17.1358,48.157725],[17.135585,48.158344],[17.135281,48.158395],[17.134933,48.158336],[17.134933,48.158336]]]]}},{"type":"Feature","properties":{"kind":"okrsok","area":"yes","src":"flourish-2023","okrsok":"15","mcnorm":"ruzinov","obec":"Ružinov","name":"Ružinov okrsok 15","volici":"1148","ucast_rel":"75.69","vitaz":"PS"},"geometry":{"type":"MultiPolygon","coordinates":[[[[17.136611,48.158929],[17.136744,48.159189],[17.137083,48.159277],[17.136948,48.15981],[17.137376,48.15998],[17.138342,48.158703],[17.138822,48.157731],[17.138383,48.157493],[17.139029,48.156797],[17.139426,48.156223],[17.139617,48.15561],[17.137439,48.155395],[17.136711,48.157957],[17.137365,48.158023],[17.137265,48.158294],[17.136711,48.158239],[17.136711,48.158653],[17.136611,48.158929]]],[[[17.134933,48.158336],[17.134933,48.158336],[17.135281,48.158395],[17.135585,48.158344],[17.1358,48.157725],[17.134624,48.157604],[17.133536,48.158538],[17.134497,48.158876],[17.134933,48.158336]]]]}},{"type":"Feature","properties":{"kind":"okrsok","area":"yes","src":"flourish-2023","okrsok":"16","mcnorm":"ruzinov","obec":"Ružinov","name":"Ružinov okrsok 16","volici":"1050","ucast_rel":"80.95","vitaz":"PS"},"geometry":{"type":"MultiPolygon","coordinates":[[[[17.130592,48.157714],[17.132108,48.157814],[17.134293,48.156024],[17.13462,48.155731],[17.136257,48.156068],[17.136462,48.155284],[17.134208,48.154855],[17.134208,48.154855],[17.134208,48.154855],[17.132834,48.155931],[17.131237,48.157198],[17.130592,48.157714]]],[[[17.135485,48.158741],[17.135394,48.159191],[17.136948,48.15981],[17.137083,48.159277],[17.136744,48.159189],[17.136611,48.158929],[17.135485,48.158741]]],[[[17.136711,48.157957],[17.136711,48.158239],[17.137265,48.158294],[17.137365,48.158023],[17.136711,48.157957]]],[[[17.138201,48.158889],[17.138992,48.159123],[17.139182,48.158902],[17.139728,48.159117],[17.13895,48.160017],[17.138396,48.159802],[17.137995,48.160227],[17.140818,48.16135],[17.141459,48.160553],[17.140714,48.160277],[17.141409,48.159526],[17.140987,48.159343],[17.141335,48.159012],[17.14006,48.158355],[17.139762,48.158736],[17.139472,48.158603],[17.139778,48.158217],[17.138822,48.157731],[17.138342,48.158703],[17.138201,48.158889]]]]}},{"type":"Feature","properties":{"kind":"okrsok","area":"yes","src":"flourish-2023","okrsok":"17","mcnorm":"ruzinov","obec":"Ružinov","name":"Ružinov okrsok 17","volici":"1167","ucast_rel":"80.37","vitaz":"PS"},"geometry":{"type":"MultiPolygon","coordinates":[[[[17.134293,48.156024],[17.134889,48.156521],[17.136098,48.156676],[17.136257,48.156068],[17.13462,48.155731],[17.134293,48.156024]]],[[[17.137376,48.15998],[17.137995,48.160227],[17.138396,48.159802],[17.13895,48.160017],[17.139728,48.159117],[17.139182,48.158902],[17.138992,48.159123],[17.138201,48.158889],[17.137377,48.15998],[17.137376,48.15998]]],[[[17.139472,48.158603],[17.139762,48.158736],[17.14006,48.158355],[17.141335,48.159012],[17.140987,48.159343],[17.141409,48.159526],[17.140714,48.160277],[17.141459,48.160553],[17.144514,48.157245],[17.145176,48.156184],[17.139617,48.15561],[17.139426,48.156223],[17.139029,48.156797],[17.138383,48.157493],[17.138822,48.157731],[17.139778,48.158217],[17.139472,48.158603]]]]}},{"type":"Feature","properties":{"kind":"okrsok","area":"yes","src":"flourish-2023","okrsok":"18","mcnorm":"ruzinov","obec":"Ružinov","name":"Ružinov okrsok 18","volici":"996","ucast_rel":"68.97","vitaz":"PS"},"geometry":{"type":"MultiPolygon","coordinates":[[[[17.140383,48.154763],[17.140209,48.155328],[17.141678,48.155522],[17.141976,48.154536],[17.142966,48.154665],[17.143115,48.154458],[17.140627,48.153972],[17.140516,48.154332],[17.141339,48.154445],[17.141215,48.154884],[17.140383,48.154763]]],[[[17.148451,48.151034],[17.149113,48.149852],[17.146447,48.149167],[17.145652,48.150261],[17.148451,48.151034]]]]}},{"type":"Feature","properties":{"kind":"okrsok","area":"yes","src":"flourish-2023","okrsok":"19","mcnorm":"ruzinov","obec":"Ružinov","name":"Ružinov okrsok 19","volici":"987","ucast_rel":"79.63","vitaz":"PS"},"geometry":{"type":"MultiPolygon","coordinates":[[[[17.136462,48.155284],[17.137195,48.154663],[17.139267,48.154914],[17.139526,48.154723],[17.138996,48.154431],[17.13907,48.154088],[17.139493,48.153851],[17.140627,48.153972],[17.143115,48.154458],[17.145863,48.155044],[17.146592,48.154022],[17.145532,48.153762],[17.145689,48.153497],[17.145474,48.153437],[17.145872,48.152746],[17.147047,48.153066],[17.14761,48.152288],[17.145946,48.151807],[17.146377,48.151139],[17.1428,48.150145],[17.141964,48.151498],[17.141649,48.151746],[17.140391,48.151128],[17.139348,48.151161],[17.13905,48.151398],[17.140846,48.152426],[17.139254,48.153732],[17.138648,48.153431],[17.136462,48.155284]]]]}},{"type":"Feature","properties":{"kind":"okrsok","area":"yes","src":"flourish-2023","okrsok":"20","mcnorm":"ruzinov","obec":"Ružinov","name":"Ružinov okrsok 20","volici":"868","ucast_rel":"76.95","vitaz":"PS"},"geometry":{"type":"MultiPolygon","coordinates":[[[[17.136462,48.155284],[17.138648,48.153431],[17.140307,48.152117],[17.13905,48.151398],[17.139348,48.151161],[17.140391,48.151128],[17.142303,48.149316],[17.143048,48.147979],[17.143934,48.148184],[17.144146,48.14782],[17.141652,48.147236],[17.1395,48.150561],[17.139077,48.150916],[17.138732,48.15122],[17.137128,48.152517],[17.136454,48.152945],[17.134208,48.154855],[17.136462,48.155284]]],[[[17.139526,48.154723],[17.139973,48.154758],[17.140147,48.1543],[17.140516,48.154332],[17.140383,48.154763],[17.140209,48.155328],[17.141678,48.155522],[17.141568,48.155812],[17.139617,48.15561],[17.137439,48.155395],[17.136462,48.155284],[17.137195,48.154663],[17.139267,48.154914],[17.139526,48.154723]]],[[[17.145532,48.153762],[17.146592,48.154022],[17.147047,48.153066],[17.145872,48.152746],[17.145474,48.153437],[17.145689,48.153497],[17.145532,48.153762]]]]}},{"type":"Feature","properties":{"kind":"okrsok","area":"yes","src":"flourish-2023","okrsok":"21","mcnorm":"ruzinov","obec":"Ružinov","name":"Ružinov okrsok 21","volici":"854","ucast_rel":"75.64","vitaz":"PS"},"geometry":{"type":"MultiPolygon","coordinates":[[[[17.138648,48.153431],[17.139254,48.153732],[17.140846,48.152426],[17.140307,48.152117],[17.138648,48.153431]]],[[[17.140391,48.151128],[17.141649,48.151746],[17.141964,48.151498],[17.1428,48.150145],[17.146377,48.151139],[17.145946,48.151807],[17.14761,48.152288],[17.148451,48.151034],[17.145652,48.150261],[17.146447,48.149167],[17.145412,48.148892],[17.144932,48.149063],[17.143731,48.148721],[17.143934,48.148184],[17.143048,48.147979],[17.142303,48.149316],[17.140391,48.151128]]]]}},{"type":"Feature","properties":{"kind":"okrsok","area":"yes","src":"flourish-2023","okrsok":"22","mcnorm":"ruzinov","obec":"Ružinov","name":"Ružinov okrsok 22","volici":"939","ucast_rel":"73.37","vitaz":"PS"},"geometry":{"type":"MultiPolygon","coordinates":[[[[17.139526,48.154723],[17.139973,48.154758],[17.140147,48.1543],[17.140516,48.154332],[17.140627,48.153972],[17.139493,48.153851],[17.13907,48.154088],[17.138996,48.154431],[17.139526,48.154723]]],[[[17.140516,48.154332],[17.140383,48.154763],[17.141215,48.154884],[17.141339,48.154445],[17.140516,48.154332],[17.140516,48.154332],[17.140516,48.154332]]],[[[17.141976,48.154536],[17.141678,48.155522],[17.141568,48.155812],[17.145176,48.156184],[17.145863,48.155044],[17.143115,48.154458],[17.142966,48.154665],[17.141976,48.154536]]],[[[17.143934,48.148184],[17.143934,48.148184],[17.143934,48.148184],[17.143731,48.148721],[17.144932,48.149063],[17.145412,48.148892],[17.146447,48.149167],[17.149113,48.149852],[17.149673,48.14886],[17.14666,48.148409],[17.144146,48.14782],[17.143934,48.148184],[17.143934,48.148184]]]]}},{"type":"Feature","properties":{"kind":"okrsok","area":"yes","src":"flourish-2023","okrsok":"23","mcnorm":"ruzinov","obec":"Ružinov","name":"Ružinov okrsok 23","volici":"845","ucast_rel":"75.02","vitaz":"PS"},"geometry":{"type":"MultiPolygon","coordinates":[[[[17.145863,48.155044],[17.148347,48.155233],[17.149374,48.154173],[17.15093,48.154217],[17.151195,48.153068],[17.151725,48.15309],[17.15199,48.152096],[17.150599,48.152029],[17.151261,48.150273],[17.151758,48.150284],[17.151675,48.150936],[17.152437,48.150991],[17.152503,48.150726],[17.15305,48.150726],[17.153248,48.149389],[17.149673,48.14886],[17.149113,48.149852],[17.148451,48.151034],[17.14761,48.152288],[17.147047,48.153066],[17.146592,48.154022],[17.146592,48.154022],[17.146592,48.154022],[17.145863,48.155044]]]]}},{"type":"Feature","properties":{"kind":"okrsok","area":"yes","src":"flourish-2023","okrsok":"24","mcnorm":"ruzinov","obec":"Ružinov","name":"Ružinov okrsok 24","volici":"917","ucast_rel":"79.82","vitaz":"PS"},"geometry":{"type":"MultiPolygon","coordinates":[[[[17.150599,48.152029],[17.15199,48.152096],[17.152851,48.152148],[17.15305,48.150726],[17.152503,48.150726],[17.152437,48.150991],[17.151675,48.150936],[17.151758,48.150284],[17.151261,48.150273],[17.150599,48.152029]]],[[[17.156908,48.151264],[17.156759,48.152226],[17.15829,48.152336],[17.158506,48.151303],[17.156926,48.151169],[17.156908,48.151264]]]]}},{"type":"Feature","properties":{"kind":"okrsok","area":"yes","src":"flourish-2023","okrsok":"25","mcnorm":"ruzinov","obec":"Ružinov","name":"Ružinov okrsok 25","volici":"710","ucast_rel":"72.11","vitaz":"PS"},"geometry":{"type":"MultiPolygon","coordinates":[[[[17.145176,48.156184],[17.15497,48.156931],[17.155235,48.155562],[17.156163,48.155606],[17.156394,48.154457],[17.15305,48.154258],[17.153646,48.151032],[17.156908,48.151264],[17.157106,48.150226],[17.154474,48.150027],[17.15454,48.149508],[17.153248,48.149389],[17.15305,48.150726],[17.152851,48.152148],[17.15199,48.152096],[17.151725,48.15309],[17.151195,48.153068],[17.15093,48.154217],[17.149374,48.154173],[17.148347,48.155233],[17.145863,48.155044],[17.145176,48.156184]]],[[[17.162372,48.155937],[17.163158,48.153286],[17.162198,48.153242],[17.161751,48.155992],[17.162372,48.155937]]]]}},{"type":"Feature","properties":{"kind":"okrsok","area":"yes","src":"flourish-2023","okrsok":"26","mcnorm":"ruzinov","obec":"Ružinov","name":"Ružinov okrsok 26","volici":"759","ucast_rel":"73.12","vitaz":"PS"},"geometry":{"type":"MultiPolygon","coordinates":[[[[17.154474,48.150027],[17.157106,48.150226],[17.157148,48.149972],[17.157893,48.150022],[17.157851,48.150287],[17.159847,48.150441],[17.159689,48.151425],[17.160426,48.151485],[17.160741,48.149895],[17.15454,48.149508],[17.154474,48.150027]]],[[[17.164375,48.152132],[17.166114,48.150204],[17.164475,48.150105],[17.164342,48.150673],[17.163498,48.151728],[17.164375,48.152132]]]]}},{"type":"Feature","properties":{"kind":"okrsok","area":"yes","src":"flourish-2023","okrsok":"27","mcnorm":"ruzinov","obec":"Ružinov","name":"Ružinov okrsok 27","volici":"845","ucast_rel":"75.38","vitaz":"PS"},"geometry":{"type":"MultiPolygon","coordinates":[[[[17.157106,48.150226],[17.156926,48.151169],[17.158506,48.151303],[17.15829,48.152336],[17.160443,48.152518],[17.160625,48.151425],[17.162181,48.151535],[17.162306,48.150872],[17.161238,48.1508],[17.16142,48.149928],[17.160741,48.149895],[17.160426,48.151485],[17.159689,48.151425],[17.159847,48.150441],[17.157851,48.150287],[17.157893,48.150022],[17.157148,48.149972],[17.157106,48.150226]]],[[[17.161718,48.150464],[17.162678,48.150535],[17.162811,48.150011],[17.161817,48.14995],[17.161718,48.150464]]]]}},{"type":"Feature","properties":{"kind":"okrsok","area":"yes","src":"flourish-2023","okrsok":"28","mcnorm":"ruzinov","obec":"Ružinov","name":"Ružinov okrsok 28","volici":"778","ucast_rel":"76.34","vitaz":"PS"},"geometry":{"type":"MultiPolygon","coordinates":[[[[17.162306,48.150872],[17.163291,48.150961],[17.163109,48.15169],[17.163498,48.151728],[17.164342,48.150673],[17.164475,48.150105],[17.162811,48.150011],[17.162678,48.150535],[17.161718,48.150464],[17.161817,48.14995],[17.16142,48.149928],[17.161238,48.1508],[17.162306,48.150872]]],[[[17.162198,48.153242],[17.162297,48.15264],[17.161569,48.152596],[17.161453,48.153181],[17.159317,48.153037],[17.159436,48.152433],[17.158988,48.152395],[17.15877,48.153932],[17.162049,48.154161],[17.162198,48.153242]]]]}},{"type":"Feature","properties":{"kind":"okrsok","area":"yes","src":"flourish-2023","okrsok":"29","mcnorm":"ruzinov","obec":"Ružinov","name":"Ružinov okrsok 29","volici":"899","ucast_rel":"93.1","vitaz":"PS"},"geometry":{"type":"MultiPolygon","coordinates":[[[[17.163498,48.151728],[17.163498,48.151728],[17.163109,48.15169],[17.163291,48.150961],[17.162306,48.150872],[17.162181,48.151535],[17.160625,48.151425],[17.160443,48.152518],[17.159436,48.152433],[17.159317,48.153037],[17.161453,48.153181],[17.161569,48.152596],[17.162297,48.15264],[17.162198,48.153242],[17.163158,48.153286],[17.163655,48.153325],[17.164375,48.152132],[17.163498,48.151728],[17.163498,48.151728]]],[[[17.153646,48.151032],[17.15329,48.152959],[17.156684,48.153181],[17.156568,48.154021],[17.158737,48.154186],[17.15877,48.153932],[17.158988,48.152395],[17.15829,48.152336],[17.156759,48.152226],[17.156908,48.151264],[17.153646,48.151032]]]]}},{"type":"Feature","properties":{"kind":"okrsok","area":"yes","src":"flourish-2023","okrsok":"30","mcnorm":"ruzinov","obec":"Ružinov","name":"Ružinov okrsok 30","volici":"825","ucast_rel":"72.72","vitaz":"PS"},"geometry":{"type":"MultiPolygon","coordinates":[[[[17.161263,48.155984],[17.161006,48.157379],[17.163009,48.157544],[17.163655,48.153325],[17.163158,48.153286],[17.162372,48.155937],[17.161751,48.155992],[17.162049,48.154161],[17.15877,48.153932],[17.158737,48.154186],[17.161552,48.154418],[17.161339,48.155575],[17.160488,48.155495],[17.160414,48.15591],[17.161263,48.155984]]],[[[17.16017,48.155921],[17.159433,48.155865],[17.159176,48.15723],[17.159921,48.157285],[17.16017,48.155921]]]]}},{"type":"Feature","properties":{"kind":"okrsok","area":"yes","src":"flourish-2023","okrsok":"31","mcnorm":"ruzinov","obec":"Ružinov","name":"Ružinov okrsok 31","volici":"828","ucast_rel":"64.37","vitaz":"PS"},"geometry":{"type":"MultiPolygon","coordinates":[[[[17.161006,48.157379],[17.161263,48.155984],[17.160414,48.15591],[17.160488,48.155495],[17.161339,48.155575],[17.161552,48.154418],[17.159331,48.154235],[17.159106,48.155363],[17.156788,48.155186],[17.15692,48.154512],[17.156394,48.154457],[17.156163,48.155606],[17.155235,48.155562],[17.15497,48.156931],[17.156605,48.157053],[17.156904,48.155562],[17.157831,48.15565],[17.157533,48.157097],[17.159176,48.15723],[17.159433,48.155865],[17.16017,48.155921],[17.159921,48.157285],[17.161006,48.157379]]]]}},{"type":"Feature","properties":{"kind":"okrsok","area":"yes","src":"flourish-2023","okrsok":"32","mcnorm":"ruzinov","obec":"Ružinov","name":"Ružinov okrsok 32","volici":"869","ucast_rel":"76.52","vitaz":"PS"},"geometry":{"type":"MultiPolygon","coordinates":[[[[17.156605,48.157053],[17.157533,48.157097],[17.157831,48.15565],[17.156904,48.155562],[17.156605,48.157053]]],[[[17.156788,48.155186],[17.159106,48.155363],[17.159331,48.154235],[17.158737,48.154186],[17.156568,48.154021],[17.156568,48.154021],[17.156568,48.154021],[17.156684,48.153181],[17.15329,48.152959],[17.15305,48.154258],[17.156394,48.154457],[17.15692,48.154512],[17.156788,48.155186]]]]}},{"type":"Feature","properties":{"kind":"okrsok","area":"yes","src":"flourish-2023","okrsok":"33","mcnorm":"ruzinov","obec":"Ružinov","name":"Ružinov okrsok 33","volici":"871","ucast_rel":"77.95","vitaz":"PS"},"geometry":{"type":"MultiPolygon","coordinates":[[[[17.163455,48.154633],[17.165497,48.154786],[17.165696,48.153327],[17.163757,48.153157],[17.163655,48.153325],[17.163455,48.154633]]],[[[17.164737,48.151731],[17.167633,48.151847],[17.167468,48.15283],[17.171756,48.153095],[17.172236,48.150588],[17.166114,48.150204],[17.166114,48.150204],[17.166114,48.150204],[17.166114,48.150204],[17.164737,48.151731]]]]}},{"type":"Feature","properties":{"kind":"okrsok","area":"yes","src":"flourish-2023","okrsok":"34","mcnorm":"ruzinov","obec":"Ružinov","name":"Ružinov okrsok 34","volici":"859","ucast_rel":"73.8","vitaz":"PS"},"geometry":{"type":"MultiPolygon","coordinates":[[[[17.166557,48.157796],[17.168072,48.157903],[17.168254,48.156804],[17.169513,48.156893],[17.169604,48.156307],[17.170647,48.156385],[17.170539,48.157003],[17.17133,48.157045],[17.171649,48.155073],[17.169397,48.154896],[17.169347,48.155128],[17.167898,48.155018],[17.167608,48.156559],[17.166781,48.156498],[17.166557,48.157796]]]]}},{"type":"Feature","properties":{"kind":"okrsok","area":"yes","src":"flourish-2023","okrsok":"35","mcnorm":"ruzinov","obec":"Ružinov","name":"Ružinov okrsok 35","volici":"843","ucast_rel":"75.56","vitaz":"PS"},"geometry":{"type":"MultiPolygon","coordinates":[[[[17.168072,48.157903],[17.168312,48.157914],[17.168478,48.15682],[17.168254,48.156804],[17.168072,48.157903]]],[[[17.176744,48.154481],[17.176509,48.155998],[17.177038,48.156037],[17.177726,48.156848],[17.178239,48.15655],[17.178156,48.156263],[17.17838,48.156097],[17.177221,48.154507],[17.176922,48.152386],[17.176492,48.15227],[17.175962,48.152308],[17.1752,48.152071],[17.175316,48.15138],[17.172123,48.15118],[17.171756,48.153095],[17.171657,48.153568],[17.173362,48.153789],[17.17328,48.154297],[17.173956,48.154333],[17.173752,48.155479],[17.174323,48.155512],[17.174535,48.154364],[17.176744,48.154481]]],[[[17.169555,48.156622],[17.170592,48.1567],[17.170647,48.156385],[17.169604,48.156307],[17.169555,48.156622]]]]}},{"type":"Feature","properties":{"kind":"okrsok","area":"yes","src":"flourish-2023","okrsok":"36","mcnorm":"ruzinov","obec":"Ružinov","name":"Ružinov okrsok 36","volici":"760","ucast_rel":"75.26","vitaz":"PS"},"geometry":{"type":"MultiPolygon","coordinates":[[[[17.17328,48.154297],[17.17287,48.156674],[17.172394,48.156644],[17.172261,48.157417],[17.174356,48.157539],[17.174422,48.157279],[17.176194,48.157406],[17.176326,48.156732],[17.174786,48.156633],[17.174935,48.155904],[17.176509,48.155998],[17.176561,48.15566],[17.174323,48.155512],[17.173752,48.155479],[17.173752,48.155479],[17.173752,48.155479],[17.173956,48.154333],[17.17328,48.154297]]]]}},{"type":"Feature","properties":{"kind":"okrsok","area":"yes","src":"flourish-2023","okrsok":"37","mcnorm":"ruzinov","obec":"Ružinov","name":"Ružinov okrsok 37","volici":"854","ucast_rel":"69.78","vitaz":"PS"},"geometry":{"type":"MultiPolygon","coordinates":[[[[17.171649,48.155073],[17.17133,48.157045],[17.171177,48.158138],[17.178623,48.158591],[17.179038,48.156821],[17.178239,48.15655],[17.177726,48.156848],[17.177038,48.156037],[17.176509,48.155998],[17.174935,48.155904],[17.174786,48.156633],[17.176326,48.156732],[17.176194,48.157406],[17.174422,48.157279],[17.174356,48.157539],[17.172261,48.157417],[17.172394,48.156644],[17.17287,48.156674],[17.173204,48.154738],[17.171723,48.15464],[17.171649,48.155073]]],[[[17.174323,48.155512],[17.176561,48.15566],[17.176744,48.154481],[17.174535,48.154364],[17.174323,48.155512]]]]}},{"type":"Feature","properties":{"kind":"okrsok","area":"yes","src":"flourish-2023","okrsok":"38","mcnorm":"ruzinov","obec":"Ružinov","name":"Ružinov okrsok 38","volici":"1117","ucast_rel":"76.18","vitaz":"PS"},"geometry":{"type":"MultiPolygon","coordinates":[[[[17.165497,48.154786],[17.167898,48.155018],[17.168915,48.155095],[17.169046,48.154491],[17.167155,48.154392],[17.167337,48.15344],[17.167006,48.153423],[17.16713,48.152809],[17.167468,48.15283],[17.167633,48.151847],[17.164737,48.151731],[17.164375,48.152132],[17.163757,48.153157],[17.165696,48.153327],[17.165497,48.154786]]],[[[17.171534,48.15413],[17.171446,48.154613],[17.171723,48.15464],[17.173204,48.154738],[17.17328,48.154297],[17.173362,48.153789],[17.171657,48.153568],[17.171756,48.153095],[17.167468,48.15283],[17.167408,48.153139],[17.168411,48.153199],[17.168328,48.153587],[17.16803,48.153559],[17.167963,48.153905],[17.171534,48.15413]]],[[[17.175316,48.15138],[17.175443,48.150751],[17.172236,48.150588],[17.172123,48.15118],[17.175316,48.15138]]]]}},{"type":"Feature","properties":{"kind":"okrsok","area":"yes","src":"flourish-2023","okrsok":"39","mcnorm":"ruzinov","obec":"Ružinov","name":"Ružinov okrsok 39","volici":"1126","ucast_rel":"75.75","vitaz":"PS"},"geometry":{"type":"MultiPolygon","coordinates":[[[[17.163009,48.157544],[17.166557,48.157796],[17.166781,48.156498],[17.167608,48.156559],[17.167898,48.155018],[17.165497,48.154786],[17.163455,48.154633],[17.163009,48.157544]]],[[[17.167337,48.15344],[17.167155,48.154392],[17.169046,48.154491],[17.168915,48.155095],[17.169347,48.155128],[17.169397,48.154896],[17.171649,48.155073],[17.171723,48.15464],[17.171446,48.154613],[17.171534,48.15413],[17.167963,48.153905],[17.16803,48.153559],[17.168328,48.153587],[17.168411,48.153199],[17.167408,48.153139],[17.167468,48.15283],[17.16713,48.152809],[17.167006,48.153423],[17.167337,48.15344]]],[[[17.169513,48.156893],[17.168478,48.15682],[17.168312,48.157914],[17.171177,48.158138],[17.17133,48.157045],[17.170539,48.157003],[17.170592,48.1567],[17.169555,48.156622],[17.169513,48.156893]]]]}},{"type":"Feature","properties":{"kind":"okrsok","area":"yes","src":"flourish-2023","okrsok":"40","mcnorm":"ruzinov","obec":"Ružinov","name":"Ružinov okrsok 40","volici":"1389","ucast_rel":"77.17","vitaz":"PS"},"geometry":{"type":"MultiPolygon","coordinates":[[[[17.179038,48.156821],[17.180244,48.156034],[17.178702,48.153567],[17.177839,48.153036],[17.176922,48.152386],[17.177221,48.154507],[17.17838,48.156097],[17.17838,48.156097],[17.17838,48.156097],[17.178156,48.156263],[17.178239,48.15655],[17.179038,48.156821]]],[[[17.184726,48.145916],[17.180414,48.147476],[17.175356,48.149241],[17.175215,48.148926],[17.174684,48.149053],[17.174867,48.14939],[17.173697,48.149739],[17.173714,48.149899],[17.174386,48.15011],[17.17412,48.150392],[17.174103,48.150683],[17.175443,48.150751],[17.177885,48.150768],[17.17883,48.151797],[17.178159,48.152154],[17.178594,48.152516],[17.178316,48.15266],[17.178486,48.152834],[17.178955,48.15258],[17.181053,48.154253],[17.180704,48.15448],[17.181616,48.155199],[17.18218,48.158975],[17.184987,48.157603],[17.188951,48.155014],[17.187848,48.15378],[17.185045,48.15523],[17.18279,48.153305],[17.18133,48.15295],[17.180895,48.149601],[17.182421,48.148826],[17.185622,48.146591],[17.186666,48.145462],[17.185789,48.145119],[17.185478,48.145446],[17.184726,48.145916]],[[17.178793,48.15024],[17.178217,48.149487],[17.180373,48.148738],[17.180294,48.149449],[17.179411,48.149767],[17.179556,48.149955],[17.178793,48.15024]]],[[[17.169489,48.144948],[17.169439,48.145155],[17.170308,48.145224],[17.170248,48.14541],[17.168817,48.145299],[17.168635,48.146395],[17.168594,48.147153],[17.167922,48.147119],[17.167822,48.147573],[17.168146,48.147717],[17.167847,48.148132],[17.167499,48.148054],[17.167358,48.148287],[17.16793,48.148381],[17.167748,48.148807],[17.169655,48.149133],[17.169406,48.149758],[17.170352,48.149852],[17.170232,48.150462],[17.172236,48.150588],[17.17321,48.150638],[17.173345,48.149814],[17.172242,48.149836],[17.172109,48.149454],[17.17201,48.148857],[17.172698,48.148641],[17.172449,48.14827],[17.171297,48.148143],[17.171085,48.147659],[17.171367,48.147642],[17.171334,48.147277],[17.170928,48.14726],[17.170555,48.146469],[17.17092,48.146336],[17.171052,48.145302],[17.171367,48.143564],[17.171143,48.143542],[17.171193,48.143293],[17.171019,48.143282],[17.171243,48.142264],[17.169037,48.142176],[17.169087,48.144024],[17.168589,48.143974],[17.168469,48.144843],[17.169489,48.144948]]]]}},{"type":"Feature","properties":{"kind":"okrsok","area":"yes","src":"flourish-2023","okrsok":"41","mcnorm":"ruzinov","obec":"Ružinov","name":"Ružinov okrsok 41","volici":"1306","ucast_rel":"79.4","vitaz":"PS"},"geometry":{"type":"MultiPolygon","coordinates":[[[[17.180244,48.156034],[17.180696,48.155893],[17.181867,48.15688],[17.181616,48.155199],[17.180704,48.15448],[17.181053,48.154253],[17.178955,48.15258],[17.178486,48.152834],[17.178316,48.15266],[17.178594,48.152516],[17.178159,48.152154],[17.17883,48.151797],[17.177885,48.150768],[17.175443,48.150751],[17.175316,48.15138],[17.1752,48.152071],[17.175962,48.152308],[17.176492,48.15227],[17.176922,48.152386],[17.178702,48.153567],[17.180244,48.156034]]],[[[17.178217,48.149487],[17.178793,48.15024],[17.179556,48.149955],[17.179411,48.149767],[17.180294,48.149449],[17.180373,48.148738],[17.178217,48.149487]]],[[[17.171243,48.142264],[17.171019,48.143282],[17.171193,48.143293],[17.171193,48.143293],[17.171193,48.143293],[17.171143,48.143542],[17.171367,48.143564],[17.171367,48.143564],[17.171367,48.143564],[17.171367,48.143564],[17.171097,48.145055],[17.173345,48.14528],[17.173229,48.14575],[17.171322,48.145601],[17.171255,48.145977],[17.170969,48.14595],[17.17092,48.146336],[17.170555,48.146469],[17.170767,48.146919],[17.172914,48.147083],[17.172765,48.147775],[17.171367,48.147642],[17.171085,48.147659],[17.171297,48.148143],[17.172449,48.14827],[17.172698,48.148641],[17.17201,48.148857],[17.172109,48.149454],[17.172242,48.149836],[17.173345,48.149814],[17.17321,48.150638],[17.17321,48.150638],[17.174103,48.150683],[17.17412,48.150392],[17.174386,48.15011],[17.173714,48.149899],[17.173697,48.149739],[17.174867,48.14939],[17.174684,48.149053],[17.174903,48.149001],[17.174717,48.148132],[17.174991,48.148043],[17.174958,48.147888],[17.17349,48.147772],[17.173565,48.14749],[17.173382,48.147479],[17.173449,48.147219],[17.174916,48.14733],[17.175115,48.146491],[17.174746,48.145623],[17.173909,48.145545],[17.17395,48.145269],[17.17531,48.145379],[17.175393,48.145058],[17.175136,48.145031],[17.175401,48.143913],[17.175899,48.143957],[17.17604,48.143426],[17.176757,48.143802],[17.178863,48.145174],[17.179361,48.145661],[17.180919,48.144842],[17.183639,48.143558],[17.184485,48.143038],[17.184296,48.142461],[17.182929,48.142187],[17.180773,48.141589],[17.179646,48.141279],[17.173708,48.140881],[17.168003,48.140527],[17.166046,48.139951],[17.163924,48.140151],[17.163227,48.141213],[17.162072,48.141158],[17.162221,48.142098],[17.163394,48.142082],[17.163867,48.142093],[17.164812,48.142115],[17.165136,48.142109],[17.169037,48.142176],[17.171243,48.142264]]],[[[17.167748,48.148807],[17.1674,48.14876],[17.167192,48.149379],[17.169406,48.149758],[17.169655,48.149133],[17.167748,48.148807]]],[[[17.186666,48.145462],[17.187143,48.144915],[17.186073,48.144455],[17.185659,48.144843],[17.185493,48.144771],[17.184879,48.145003],[17.184697,48.144793],[17.184009,48.145092],[17.184365,48.14554],[17.180319,48.147189],[17.180153,48.146967],[17.175215,48.148926],[17.175356,48.149241],[17.180414,48.147476],[17.184726,48.145916],[17.185478,48.145446],[17.185789,48.145119],[17.186666,48.145462]]]]}},{"type":"Feature","properties":{"kind":"okrsok","area":"yes","src":"flourish-2023","okrsok":"42","mcnorm":"ruzinov","obec":"Ružinov","name":"Ružinov okrsok 42","volici":"1409","ucast_rel":"78.42","vitaz":"PS"},"geometry":{"type":"MultiPolygon","coordinates":[[[[17.16502,48.145017],[17.165451,48.143042],[17.165235,48.143028],[17.165277,48.14279],[17.164995,48.142768],[17.165136,48.142109],[17.164812,48.142115],[17.164705,48.14274],[17.164862,48.142751],[17.164829,48.143017],[17.163701,48.142912],[17.163867,48.142093],[17.163394,48.142082],[17.162913,48.145025],[17.162084,48.144981],[17.162126,48.144704],[17.161777,48.144699],[17.160981,48.145412],[17.160069,48.146007],[17.160219,48.146112],[17.160061,48.14617],[17.159659,48.146052],[17.159485,48.146248],[17.16033,48.146408],[17.160264,48.14658],[17.161259,48.146785],[17.161193,48.146945],[17.161583,48.147],[17.161657,48.146834],[17.162445,48.147017],[17.162412,48.147288],[17.162752,48.147349],[17.162702,48.14757],[17.162287,48.147498],[17.162022,48.148494],[17.162453,48.148561],[17.162187,48.149972],[17.162811,48.150011],[17.164475,48.150105],[17.164967,48.150134],[17.165132,48.149144],[17.166276,48.149177],[17.167719,48.146953],[17.167719,48.145825],[17.167822,48.14583],[17.168469,48.144843],[17.168589,48.143974],[17.166027,48.143797],[17.166027,48.143797],[17.165754,48.145083],[17.16502,48.145017]],[[17.165803,48.146815],[17.163034,48.14645],[17.163083,48.146245],[17.16339,48.146278],[17.16344,48.146052],[17.164999,48.14624],[17.16543,48.1464],[17.16587,48.146489],[17.165803,48.146815]],[[17.162366,48.146787],[17.162101,48.146738],[17.162126,48.146624],[17.161873,48.146574],[17.162039,48.145819],[17.161595,48.14578],[17.161641,48.145578],[17.162084,48.145614],[17.162146,48.14536],[17.162424,48.145388],[17.162362,48.145601],[17.162719,48.145637],[17.162366,48.146787]]],[[[17.1674,48.14876],[17.167089,48.148696],[17.166707,48.149255],[17.167192,48.149379],[17.1674,48.14876]]],[[[17.157793,48.144668],[17.159999,48.144845],[17.160297,48.144303],[17.160082,48.143761],[17.157926,48.14375],[17.157793,48.144668]]],[[[17.155654,48.145305],[17.155795,48.144464],[17.155123,48.144469],[17.155181,48.144015],[17.153033,48.144038],[17.152975,48.144458],[17.154824,48.144486],[17.154733,48.145266],[17.155654,48.145305]]]]}},{"type":"Feature","properties":{"kind":"okrsok","area":"yes","src":"flourish-2023","okrsok":"43","mcnorm":"ruzinov","obec":"Ružinov","name":"Ružinov okrsok 43","volici":"1357","ucast_rel":"79.88","vitaz":"PS"},"geometry":{"type":"MultiPolygon","coordinates":[[[[17.158639,48.148229],[17.158556,48.148893],[17.157876,48.149136],[17.157821,48.149713],[17.160741,48.149895],[17.16142,48.149928],[17.161817,48.14995],[17.162187,48.149972],[17.162453,48.148561],[17.162022,48.148494],[17.162287,48.147498],[17.162702,48.14757],[17.162752,48.147349],[17.162412,48.147288],[17.162445,48.147017],[17.161657,48.146834],[17.161583,48.147],[17.161193,48.146945],[17.161259,48.146785],[17.160264,48.14658],[17.16033,48.146408],[17.159883,48.146324],[17.159227,48.148037],[17.158436,48.147991],[17.158411,48.148207],[17.158639,48.148229]]],[[[17.162101,48.146738],[17.162366,48.146787],[17.162719,48.145637],[17.162362,48.145601],[17.162362,48.145601],[17.162362,48.145601],[17.162424,48.145388],[17.162146,48.14536],[17.162084,48.145614],[17.161641,48.145578],[17.161595,48.14578],[17.162039,48.145819],[17.162039,48.145819],[17.162039,48.145819],[17.161873,48.146574],[17.162126,48.146624],[17.162101,48.146738]]],[[[17.163083,48.146245],[17.163034,48.14645],[17.165803,48.146815],[17.16587,48.146489],[17.16543,48.1464],[17.164999,48.14624],[17.16344,48.146052],[17.16339,48.146278],[17.163083,48.146245]]],[[[17.164967,48.150134],[17.166114,48.150204],[17.166276,48.149177],[17.165132,48.149144],[17.164967,48.150134]]],[[[17.162126,48.144704],[17.162084,48.144981],[17.162913,48.145025],[17.163394,48.142082],[17.162221,48.142098],[17.161777,48.144699],[17.162126,48.144704]]],[[[17.154808,48.148384],[17.155985,48.148328],[17.155836,48.146668],[17.154742,48.146591],[17.154808,48.148384]]],[[[17.163701,48.142912],[17.164829,48.143017],[17.164862,48.142751],[17.164705,48.14274],[17.164812,48.142115],[17.163867,48.142093],[17.163701,48.142912]]],[[[17.16502,48.145017],[17.165754,48.145083],[17.165906,48.144365],[17.165179,48.144285],[17.16502,48.145017]]],[[[17.165451,48.143042],[17.165232,48.144043],[17.165961,48.144107],[17.166027,48.143797],[17.166027,48.143797],[17.166027,48.143797],[17.166249,48.143812],[17.166301,48.14352],[17.166433,48.143232],[17.169071,48.143427],[17.169037,48.142176],[17.165136,48.142109],[17.164995,48.142768],[17.165277,48.14279],[17.165235,48.143028],[17.165451,48.143042]]],[[[17.169489,48.144948],[17.168894,48.144886],[17.168817,48.145299],[17.170248,48.14541],[17.170308,48.145224],[17.169439,48.145155],[17.169489,48.144948]]],[[[17.170969,48.14595],[17.171255,48.145977],[17.171322,48.145601],[17.173229,48.14575],[17.173345,48.14528],[17.171097,48.145055],[17.170969,48.14595]]],[[[17.170767,48.146919],[17.170928,48.14726],[17.171334,48.147277],[17.171367,48.147642],[17.172765,48.147775],[17.172914,48.147083],[17.170767,48.146919]]],[[[17.174903,48.149001],[17.175215,48.148926],[17.17588,48.148662],[17.17558,48.147808],[17.175795,48.146679],[17.177006,48.146691],[17.177122,48.145717],[17.176276,48.145661],[17.176757,48.143802],[17.17604,48.143426],[17.175899,48.143957],[17.175401,48.143913],[17.175136,48.145031],[17.175393,48.145058],[17.17531,48.145379],[17.17395,48.145269],[17.173909,48.145545],[17.174746,48.145623],[17.175115,48.146491],[17.174916,48.14733],[17.173449,48.147219],[17.173382,48.147479],[17.173565,48.14749],[17.17349,48.147772],[17.174958,48.147888],[17.174991,48.148043],[17.174991,48.148043],[17.174991,48.148043],[17.174717,48.148132],[17.174903,48.149001]]],[[[17.155861,48.139641],[17.15834,48.140172],[17.158809,48.139105],[17.156514,48.139071],[17.156514,48.139071],[17.156773,48.138845],[17.156408,48.138158],[17.155861,48.137893],[17.15475,48.138335],[17.154949,48.138911],[17.1548,48.139464],[17.155861,48.139641]]],[[[17.16116,48.141102],[17.162072,48.141158],[17.16252,48.139984],[17.162586,48.138944],[17.160198,48.137096],[17.159717,48.137356],[17.160795,48.138169],[17.160496,48.138352],[17.160762,48.13854],[17.160977,48.138374],[17.161674,48.138894],[17.161425,48.139038],[17.161931,48.139409],[17.161782,48.140034],[17.16116,48.141102]]]]}},{"type":"Feature","properties":{"kind":"okrsok","area":"yes","src":"flourish-2023","okrsok":"44","mcnorm":"ruzinov","obec":"Ružinov","name":"Ružinov okrsok 44","volici":"1361","ucast_rel":"79.13","vitaz":"PS"},"geometry":{"type":"MultiPolygon","coordinates":[[[[17.15454,48.149508],[17.157821,48.149713],[17.157876,48.149136],[17.158556,48.148893],[17.158639,48.148229],[17.158411,48.148207],[17.158436,48.147991],[17.159227,48.148037],[17.159883,48.146324],[17.159485,48.146248],[17.159659,48.146052],[17.160061,48.14617],[17.160219,48.146112],[17.160069,48.146007],[17.160981,48.145412],[17.161777,48.144699],[17.162221,48.142098],[17.162072,48.141158],[17.16116,48.141102],[17.161782,48.140034],[17.161931,48.139409],[17.161425,48.139038],[17.161674,48.138894],[17.160977,48.138374],[17.160762,48.13854],[17.160496,48.138352],[17.160795,48.138169],[17.159717,48.137356],[17.159273,48.137168],[17.156408,48.138158],[17.156773,48.138845],[17.156514,48.139071],[17.158809,48.139105],[17.157913,48.141141],[17.16115,48.14118],[17.160832,48.142613],[17.156487,48.142701],[17.156686,48.143764],[17.157926,48.14375],[17.160082,48.143761],[17.160297,48.144303],[17.159999,48.144845],[17.157793,48.144668],[17.155795,48.144464],[17.155654,48.145305],[17.154733,48.145266],[17.154742,48.146591],[17.155836,48.146668],[17.155985,48.148328],[17.154808,48.148384],[17.15454,48.149508]]],[[[17.165179,48.144285],[17.165906,48.144365],[17.165961,48.144107],[17.165264,48.144046],[17.165232,48.144043],[17.165179,48.144285]]],[[[17.166249,48.143812],[17.168589,48.143974],[17.169087,48.144024],[17.169071,48.143427],[17.169071,48.143427],[17.166433,48.143232],[17.166301,48.14352],[17.166249,48.143812]]],[[[17.167192,48.149379],[17.167058,48.150263],[17.168672,48.150364],[17.168799,48.149654],[17.167192,48.149379]]]]}},{"type":"Feature","properties":{"kind":"okrsok","area":"yes","src":"flourish-2023","okrsok":"45","mcnorm":"ruzinov","obec":"Ružinov","name":"Ružinov okrsok 45","volici":"1993","ucast_rel":"36.72","vitaz":"PS"},"geometry":{"type":"MultiPolygon","coordinates":[[[[17.188267,48.139699],[17.188269,48.139863],[17.187755,48.139913],[17.187684,48.139579],[17.187222,48.139663],[17.186144,48.140283],[17.184004,48.141566],[17.184485,48.143038],[17.183639,48.143558],[17.180919,48.144842],[17.179361,48.145661],[17.178863,48.145174],[17.176757,48.143802],[17.176276,48.145661],[17.177122,48.145717],[17.177006,48.146691],[17.175795,48.146679],[17.17558,48.147808],[17.17588,48.148662],[17.180153,48.146967],[17.180153,48.146967],[17.180319,48.147189],[17.184365,48.14554],[17.184009,48.145092],[17.184697,48.144793],[17.184879,48.145003],[17.185493,48.144771],[17.185659,48.144843],[17.186073,48.144455],[17.187143,48.144915],[17.188988,48.144095],[17.188648,48.143818],[17.189145,48.143503],[17.189518,48.143105],[17.189933,48.142253],[17.189392,48.14199],[17.188664,48.14269],[17.186591,48.141749],[17.187346,48.141021],[17.188241,48.140247],[17.188485,48.139704],[17.188267,48.139699]],[[17.184784,48.143332],[17.184469,48.143182],[17.186019,48.14171],[17.186732,48.14207],[17.185455,48.143215],[17.185049,48.143071],[17.184784,48.143332]],[[17.187509,48.143801],[17.187048,48.144157],[17.18684,48.144078],[17.186447,48.143924],[17.187736,48.142665],[17.188557,48.142991],[17.187723,48.143635],[17.187415,48.143471],[17.18722,48.143673],[17.187509,48.143801]]],[[[17.168672,48.150364],[17.170232,48.150462],[17.170352,48.149852],[17.169406,48.149758],[17.168799,48.149654],[17.168672,48.150364],[17.168672,48.150364]]],[[[17.166114,48.150204],[17.167058,48.150263],[17.167192,48.149379],[17.166707,48.149255],[17.167089,48.148696],[17.1674,48.14876],[17.167748,48.148807],[17.16793,48.148381],[17.167358,48.148287],[17.167499,48.148054],[17.167847,48.148132],[17.168146,48.147717],[17.167822,48.147573],[17.167922,48.147119],[17.168594,48.147153],[17.168635,48.146395],[17.168817,48.145299],[17.168894,48.144886],[17.168469,48.144843],[17.167822,48.14583],[17.167719,48.145825],[17.167719,48.146953],[17.166276,48.149177],[17.166114,48.150204]]]]}},{"type":"Feature","properties":{"kind":"okrsok","area":"yes","src":"flourish-2023","okrsok":"46","mcnorm":"ruzinov","obec":"Ružinov","name":"Ružinov okrsok 46","volici":"1333","ucast_rel":"66.99","vitaz":"PS"},"geometry":{"type":"MultiPolygon","coordinates":[[[[17.18684,48.144078],[17.187048,48.144157],[17.187509,48.143801],[17.18722,48.143673],[17.187415,48.143471],[17.187723,48.143635],[17.188557,48.142991],[17.187736,48.142665],[17.186777,48.143602],[17.186447,48.143924],[17.18684,48.144078]]],[[[17.184469,48.143182],[17.184784,48.143332],[17.185049,48.143071],[17.185455,48.143215],[17.186732,48.14207],[17.186019,48.14171],[17.184469,48.143182]]],[[[17.188648,48.143818],[17.188988,48.144095],[17.189812,48.143637],[17.19215,48.141003],[17.189364,48.13911],[17.188933,48.139431],[17.187684,48.139579],[17.187755,48.139913],[17.188269,48.139863],[17.188267,48.139699],[17.188485,48.139704],[17.188485,48.139704],[17.188485,48.139704],[17.188241,48.140247],[17.187346,48.141021],[17.186591,48.141749],[17.188664,48.14269],[17.189392,48.14199],[17.189933,48.142253],[17.189518,48.143105],[17.189145,48.143503],[17.188648,48.143818]]],[[[17.162072,48.141158],[17.163227,48.141213],[17.163924,48.140151],[17.166046,48.139951],[17.168003,48.140527],[17.173708,48.140881],[17.179646,48.141279],[17.180773,48.141589],[17.182929,48.142187],[17.184296,48.142461],[17.184004,48.141566],[17.183394,48.141147],[17.181437,48.140859],[17.179712,48.139841],[17.178319,48.138468],[17.178385,48.137162],[17.179413,48.136078],[17.180243,48.135547],[17.18137,48.135015],[17.179745,48.134174],[17.178584,48.135148],[17.177589,48.13703],[17.177655,48.138402],[17.178816,48.139819],[17.179778,48.140881],[17.177821,48.140792],[17.175732,48.140128],[17.172183,48.140217],[17.172415,48.139509],[17.171917,48.138955],[17.171718,48.137826],[17.172282,48.136698],[17.172813,48.136897],[17.175433,48.133776],[17.174703,48.132957],[17.173775,48.133975],[17.171586,48.133665],[17.169032,48.1361],[17.168269,48.137251],[17.166577,48.13869],[17.165715,48.139177],[17.164289,48.139686],[17.162586,48.138944],[17.16252,48.139984],[17.162072,48.141158]]],[[[17.157389,48.136078],[17.158783,48.135502],[17.157688,48.134329],[17.15593,48.135281],[17.157389,48.136078]]],[[[17.156295,48.134484],[17.158783,48.132802],[17.161602,48.132337],[17.161204,48.131296],[17.156494,48.131783],[17.155267,48.133798],[17.156295,48.134484]]],[[[17.162531,48.128795],[17.169032,48.128994],[17.172813,48.1303],[17.175367,48.130278],[17.175267,48.130765],[17.177788,48.130876],[17.177589,48.132093],[17.181105,48.132293],[17.181437,48.129725],[17.174571,48.12968],[17.174703,48.127909],[17.164554,48.127776],[17.164587,48.127068],[17.162862,48.126913],[17.162531,48.128795]]]]}},{"type":"Feature","properties":{"kind":"okrsok","area":"yes","src":"flourish-2023","okrsok":"47","mcnorm":"ruzinov","obec":"Ružinov","name":"Ružinov okrsok 47","volici":"676","ucast_rel":"83.87","vitaz":"PS"},"geometry":{"type":"MultiPolygon","coordinates":[[[[17.155938,48.157908],[17.155938,48.157908],[17.15581,48.158713],[17.15452,48.158618],[17.154371,48.159735],[17.157589,48.160001],[17.157472,48.160853],[17.159463,48.161041],[17.159645,48.159857],[17.160507,48.159923],[17.160574,48.159503],[17.157738,48.159282],[17.157987,48.15802],[17.15736,48.157987],[17.157533,48.157097],[17.156605,48.157053],[17.156461,48.157947],[17.155938,48.157908]]]]}},{"type":"Feature","properties":{"kind":"okrsok","area":"yes","src":"flourish-2023","okrsok":"48","mcnorm":"ruzinov","obec":"Ružinov","name":"Ružinov okrsok 48","volici":"624","ucast_rel":"72.91","vitaz":"PS"},"geometry":{"type":"MultiPolygon","coordinates":[[[[17.154371,48.159735],[17.154222,48.160663],[17.157472,48.160853],[17.157589,48.160001],[17.154371,48.159735]]],[[[17.15497,48.156931],[17.154794,48.157864],[17.155333,48.157903],[17.155399,48.15751],[17.156517,48.157599],[17.156605,48.157053],[17.15497,48.156931]]],[[[17.15736,48.157987],[17.157987,48.15802],[17.157738,48.159282],[17.15821,48.159318],[17.15831,48.158655],[17.159123,48.158722],[17.15923,48.158168],[17.162779,48.158406],[17.163009,48.157544],[17.161006,48.157379],[17.159921,48.157285],[17.159176,48.15723],[17.157533,48.157097],[17.15736,48.157987]]]]}},{"type":"Feature","properties":{"kind":"okrsok","area":"yes","src":"flourish-2023","okrsok":"49","mcnorm":"ruzinov","obec":"Ružinov","name":"Ružinov okrsok 49","volici":"589","ucast_rel":"73.34","vitaz":"PS"},"geometry":{"type":"MultiPolygon","coordinates":[[[[17.159463,48.161041],[17.160922,48.161139],[17.1619,48.160276],[17.160939,48.159944],[17.161121,48.158904],[17.161784,48.158948],[17.161883,48.158346],[17.15923,48.158168],[17.159123,48.158722],[17.15831,48.158655],[17.15821,48.159318],[17.160574,48.159503],[17.160507,48.159923],[17.159645,48.159857],[17.159463,48.161041]]]]}},{"type":"Feature","properties":{"kind":"okrsok","area":"yes","src":"flourish-2023","okrsok":"50","mcnorm":"ruzinov","obec":"Ružinov","name":"Ružinov okrsok 50","volici":"844","ucast_rel":"77.72","vitaz":"PS"},"geometry":{"type":"MultiPolygon","coordinates":[[[[17.144119,48.162676],[17.144524,48.162273],[17.141157,48.160929],[17.140818,48.16135],[17.144119,48.162676]]],[[[17.143131,48.160342],[17.143434,48.160096],[17.143695,48.160226],[17.143397,48.160464],[17.143948,48.160793],[17.144275,48.160511],[17.145735,48.161258],[17.14554,48.161462],[17.146742,48.161966],[17.146448,48.162314],[17.146846,48.162499],[17.147368,48.162715],[17.148604,48.161526],[17.148148,48.161349],[17.148504,48.160995],[17.149392,48.161366],[17.150113,48.161012],[17.149433,48.160558],[17.149657,48.160326],[17.150097,48.160359],[17.150329,48.159153],[17.14911,48.159087],[17.148911,48.160243],[17.148007,48.161172],[17.147128,48.160818],[17.147319,48.160619],[17.146083,48.160132],[17.145461,48.160796],[17.144723,48.16042],[17.144085,48.160221],[17.145179,48.159004],[17.143523,48.158318],[17.142356,48.159582],[17.142924,48.159822],[17.142625,48.160115],[17.143131,48.160342]]],[[[17.146939,48.163809],[17.14735,48.163326],[17.146404,48.162934],[17.145947,48.16341],[17.146939,48.163809]]],[[[17.157827,48.166956],[17.161919,48.165354],[17.161928,48.164977],[17.157711,48.165079],[17.157827,48.166956]]]]}},{"type":"Feature","properties":{"kind":"okrsok","area":"yes","src":"flourish-2023","okrsok":"51","mcnorm":"ruzinov","obec":"Ružinov","name":"Ružinov okrsok 51","volici":"797","ucast_rel":"70.63","vitaz":"PS"},"geometry":{"type":"MultiPolygon","coordinates":[[[[17.142788,48.16108],[17.141785,48.160682],[17.141905,48.160543],[17.141579,48.160422],[17.141459,48.160553],[17.141157,48.160929],[17.144524,48.162273],[17.144749,48.162013],[17.145089,48.162201],[17.144965,48.162329],[17.146404,48.162934],[17.14735,48.163326],[17.146939,48.163809],[17.146939,48.163809],[17.148217,48.164322],[17.149264,48.163232],[17.147795,48.162304],[17.147368,48.162715],[17.146846,48.162499],[17.146448,48.162314],[17.146448,48.162314],[17.146448,48.162314],[17.146573,48.162167],[17.144828,48.161567],[17.145312,48.161041],[17.144275,48.160511],[17.144275,48.160511],[17.143948,48.160793],[17.143397,48.160464],[17.142879,48.160988],[17.143201,48.161124],[17.142952,48.161387],[17.142633,48.161257],[17.142788,48.16108]]],[[[17.154794,48.157864],[17.15452,48.158618],[17.155203,48.158668],[17.155333,48.157903],[17.154794,48.157864]]],[[[17.150329,48.159153],[17.151389,48.159221],[17.151538,48.158325],[17.152169,48.15837],[17.152251,48.157639],[17.151688,48.157595],[17.151842,48.156693],[17.149483,48.156513],[17.14911,48.159087],[17.150329,48.159153]]]]}},{"type":"Feature","properties":{"kind":"okrsok","area":"yes","src":"flourish-2023","okrsok":"52","mcnorm":"ruzinov","obec":"Ružinov","name":"Ružinov okrsok 52","volici":"798","ucast_rel":"69.92","vitaz":"PS"},"geometry":{"type":"MultiPolygon","coordinates":[[[[17.144516,48.162836],[17.144965,48.162329],[17.145089,48.162201],[17.144749,48.162013],[17.144524,48.162273],[17.144119,48.162676],[17.144516,48.162836]]],[[[17.142952,48.161387],[17.143201,48.161124],[17.142879,48.160988],[17.142879,48.160988],[17.142879,48.160988],[17.143397,48.160464],[17.143695,48.160226],[17.143434,48.160096],[17.143131,48.160342],[17.142625,48.160115],[17.142924,48.159822],[17.142356,48.159582],[17.141579,48.160422],[17.141905,48.160543],[17.141785,48.160682],[17.142788,48.16108],[17.142633,48.161257],[17.142952,48.161387]]],[[[17.144828,48.161567],[17.146573,48.162167],[17.146742,48.161966],[17.14554,48.161462],[17.145735,48.161258],[17.145312,48.161041],[17.144828,48.161567]]],[[[17.155203,48.158668],[17.15581,48.158713],[17.155938,48.157908],[17.156461,48.157947],[17.156517,48.157599],[17.155399,48.15751],[17.155333,48.157903],[17.155203,48.158668]]],[[[17.151538,48.158325],[17.151445,48.158884],[17.15403,48.159078],[17.153748,48.160626],[17.154222,48.160663],[17.154371,48.159735],[17.15452,48.158618],[17.154794,48.157864],[17.15497,48.156931],[17.151842,48.156693],[17.151688,48.157595],[17.152251,48.157639],[17.152169,48.15837],[17.151538,48.158325]]]]}},{"type":"Feature","properties":{"kind":"okrsok","area":"yes","src":"flourish-2023","okrsok":"53","mcnorm":"ruzinov","obec":"Ružinov","name":"Ružinov okrsok 53","volici":"886","ucast_rel":"78.21","vitaz":"PS"},"geometry":{"type":"MultiPolygon","coordinates":[[[[17.148007,48.161172],[17.148911,48.160243],[17.14911,48.159087],[17.149483,48.156513],[17.145176,48.156184],[17.144514,48.157245],[17.143523,48.158318],[17.145179,48.159004],[17.144085,48.160221],[17.144723,48.16042],[17.145461,48.160796],[17.146083,48.160132],[17.147319,48.160619],[17.147128,48.160818],[17.148007,48.161172]]],[[[17.150113,48.161012],[17.150941,48.160386],[17.153748,48.160626],[17.15403,48.159078],[17.151445,48.158884],[17.151389,48.159221],[17.150329,48.159153],[17.150097,48.160359],[17.149657,48.160326],[17.149433,48.160558],[17.150113,48.161012]]]]}},{"type":"Feature","properties":{"kind":"okrsok","area":"yes","src":"flourish-2023","okrsok":"54","mcnorm":"ruzinov","obec":"Ružinov","name":"Ružinov okrsok 54","volici":"1091","ucast_rel":"78.64","vitaz":"PS"},"geometry":{"type":"MultiPolygon","coordinates":[[[[17.15769,48.164263],[17.153188,48.16439],[17.153064,48.163881],[17.152931,48.163638],[17.151986,48.163572],[17.152086,48.162532],[17.15386,48.162631],[17.154222,48.160663],[17.153748,48.160626],[17.150941,48.160386],[17.150113,48.161012],[17.149392,48.161366],[17.148504,48.160995],[17.148148,48.161349],[17.148604,48.161526],[17.147795,48.162304],[17.149264,48.163232],[17.148217,48.164322],[17.152333,48.166043],[17.152599,48.165529],[17.153305,48.165176],[17.157711,48.165079],[17.15769,48.164263]]],[[[17.144965,48.162329],[17.144516,48.162836],[17.145369,48.163178],[17.145947,48.16341],[17.146404,48.162934],[17.144965,48.162329]]],[[[17.155451,48.160735],[17.155386,48.161116],[17.157509,48.161249],[17.157592,48.160864],[17.157472,48.160853],[17.155451,48.160735]]],[[[17.161883,48.158346],[17.161784,48.158948],[17.161121,48.158904],[17.160939,48.159944],[17.1619,48.160276],[17.162708,48.158992],[17.162779,48.158406],[17.161883,48.158346]]]]}},{"type":"Feature","properties":{"kind":"okrsok","area":"yes","src":"flourish-2023","okrsok":"55","mcnorm":"ruzinov","obec":"Ružinov","name":"Ružinov okrsok 55","volici":"1014","ucast_rel":"74.65","vitaz":"PS"},"geometry":{"type":"MultiPolygon","coordinates":[[[[17.151986,48.163572],[17.152931,48.163638],[17.155297,48.163177],[17.159732,48.161876],[17.160922,48.161139],[17.159463,48.161041],[17.157592,48.160864],[17.157509,48.161249],[17.155386,48.161116],[17.155451,48.160735],[17.154222,48.160663],[17.15386,48.162631],[17.152086,48.162532],[17.151986,48.163572]]]]}},{"type":"Feature","properties":{"kind":"okrsok","area":"yes","src":"flourish-2023","okrsok":"56","mcnorm":"ruzinov","obec":"Ružinov","name":"Ružinov okrsok 56","volici":"816","ucast_rel":"72.54","vitaz":"PS"},"geometry":{"type":"MultiPolygon","coordinates":[[[[17.15769,48.164263],[17.157711,48.165079],[17.161928,48.164977],[17.161919,48.165354],[17.162608,48.165142],[17.162592,48.164125],[17.162616,48.163879],[17.16314,48.163907],[17.16352,48.162043],[17.162295,48.161939],[17.162364,48.16141],[17.164538,48.161548],[17.165125,48.157694],[17.163009,48.157544],[17.162779,48.158406],[17.162708,48.158992],[17.1619,48.160276],[17.160922,48.161139],[17.159732,48.161876],[17.157648,48.162487],[17.15769,48.164263]]],[[[17.164133,48.165064],[17.167075,48.164989],[17.16727,48.163656],[17.164409,48.163441],[17.164133,48.165064]]]]}},{"type":"Feature","properties":{"kind":"okrsok","area":"yes","src":"flourish-2023","okrsok":"57","mcnorm":"ruzinov","obec":"Ružinov","name":"Ružinov okrsok 57","volici":"790","ucast_rel":"72.27","vitaz":"PS"},"geometry":{"type":"MultiPolygon","coordinates":[[[[17.162608,48.165142],[17.164133,48.165064],[17.164133,48.165064],[17.164409,48.163441],[17.16727,48.163656],[17.16727,48.163656],[17.167075,48.164989],[17.167809,48.164977],[17.168154,48.163077],[17.169603,48.163158],[17.16988,48.16173],[17.168085,48.161604],[17.167947,48.162697],[17.166549,48.162617],[17.16648,48.163008],[17.165151,48.162939],[17.165255,48.162283],[17.163497,48.162157],[17.16314,48.163907],[17.162616,48.163879],[17.162592,48.164125],[17.162608,48.165142]]]]}},{"type":"Feature","properties":{"kind":"okrsok","area":"yes","src":"flourish-2023","okrsok":"58","mcnorm":"ruzinov","obec":"Ružinov","name":"Ružinov okrsok 58","volici":"738","ucast_rel":"90.1","vitaz":"PS"},"geometry":{"type":"MultiPolygon","coordinates":[[[[17.170233,48.164608],[17.171165,48.164194],[17.171476,48.162456],[17.170578,48.162387],[17.170233,48.164608]]],[[[17.164538,48.161548],[17.167058,48.161707],[17.167317,48.159831],[17.166316,48.159762],[17.166557,48.157796],[17.165125,48.157694],[17.164538,48.161548]]],[[[17.15769,48.164263],[17.157648,48.162487],[17.159732,48.161876],[17.155297,48.163177],[17.152931,48.163638],[17.153064,48.163881],[17.153188,48.16439],[17.15769,48.164263]]]]}},{"type":"Feature","properties":{"kind":"okrsok","area":"yes","src":"flourish-2023","okrsok":"59","mcnorm":"ruzinov","obec":"Ružinov","name":"Ružinov okrsok 59","volici":"765","ucast_rel":"74.11","vitaz":"PS"},"geometry":{"type":"MultiPolygon","coordinates":[[[[17.165255,48.162283],[17.165151,48.162939],[17.16648,48.163008],[17.166549,48.162617],[17.166332,48.162602],[17.166463,48.161851],[17.167653,48.161932],[17.168312,48.157914],[17.168072,48.157903],[17.168072,48.157903],[17.166557,48.157796],[17.166316,48.159762],[17.167317,48.159831],[17.167058,48.161707],[17.165368,48.1616],[17.165255,48.162283]]],[[[17.170391,48.163594],[17.16967,48.163558],[17.169377,48.164801],[17.170233,48.164608],[17.170391,48.163594]]]]}},{"type":"Feature","properties":{"kind":"okrsok","area":"yes","src":"flourish-2023","okrsok":"60","mcnorm":"ruzinov","obec":"Ružinov","name":"Ružinov okrsok 60","volici":"761","ucast_rel":"75.42","vitaz":"PS"},"geometry":{"type":"MultiPolygon","coordinates":[[[[17.167809,48.164977],[17.169377,48.164801],[17.16967,48.163558],[17.170391,48.163594],[17.170578,48.162387],[17.169762,48.16234],[17.169603,48.163158],[17.168154,48.163077],[17.167809,48.164977]]],[[[17.166549,48.162617],[17.167947,48.162697],[17.168085,48.161604],[17.167711,48.161578],[17.167653,48.161932],[17.166463,48.161851],[17.166332,48.162602],[17.166549,48.162617]]]]}},{"type":"Feature","properties":{"kind":"okrsok","area":"yes","src":"flourish-2023","okrsok":"61","mcnorm":"ruzinov","obec":"Ružinov","name":"Ružinov okrsok 61","volici":"692","ucast_rel":"77.89","vitaz":"PS"},"geometry":{"type":"MultiPolygon","coordinates":[[[[17.163497,48.162157],[17.165255,48.162283],[17.165368,48.1616],[17.164538,48.161548],[17.162364,48.16141],[17.162295,48.161939],[17.16352,48.162043],[17.163497,48.162157]]],[[[17.171165,48.164194],[17.172855,48.163418],[17.173214,48.161392],[17.171834,48.161337],[17.171737,48.161963],[17.172607,48.162028],[17.172496,48.162534],[17.171476,48.162456],[17.171165,48.164194]]]]}},{"type":"Feature","properties":{"kind":"okrsok","area":"yes","src":"flourish-2023","okrsok":"62","mcnorm":"ruzinov","obec":"Ružinov","name":"Ružinov okrsok 62","volici":"666","ucast_rel":"72.67","vitaz":"PS"},"geometry":{"type":"MultiPolygon","coordinates":[[[[17.170715,48.159384],[17.170715,48.159384],[17.170398,48.161005],[17.171889,48.161116],[17.172027,48.160259],[17.176431,48.160508],[17.176362,48.160886],[17.176873,48.160922],[17.177249,48.158508],[17.175728,48.158415],[17.17543,48.160107],[17.172781,48.159951],[17.172986,48.158873],[17.172327,48.158823],[17.172206,48.15949],[17.170715,48.159384]]]]}},{"type":"Feature","properties":{"kind":"okrsok","area":"yes","src":"flourish-2023","okrsok":"63","mcnorm":"ruzinov","obec":"Ružinov","name":"Ružinov okrsok 63","volici":"783","ucast_rel":"72.41","vitaz":"PS"},"geometry":{"type":"MultiPolygon","coordinates":[[[[17.167992,48.159867],[17.168603,48.159914],[17.16881,48.158638],[17.170018,48.158735],[17.169811,48.160015],[17.170582,48.160067],[17.170715,48.159384],[17.170715,48.159384],[17.170715,48.159384],[17.170715,48.159384],[17.172206,48.15949],[17.172327,48.158823],[17.172986,48.158873],[17.172781,48.159951],[17.17543,48.160107],[17.175728,48.158415],[17.171177,48.158138],[17.168312,48.157914],[17.167992,48.159867]]]]}},{"type":"Feature","properties":{"kind":"okrsok","area":"yes","src":"flourish-2023","okrsok":"64","mcnorm":"ruzinov","obec":"Ružinov","name":"Ružinov okrsok 64","volici":"724","ucast_rel":"72.51","vitaz":"PS"},"geometry":{"type":"MultiPolygon","coordinates":[[[[17.172855,48.163418],[17.176755,48.161627],[17.176873,48.160922],[17.176362,48.160886],[17.176431,48.160508],[17.172027,48.160259],[17.171889,48.161116],[17.170398,48.161005],[17.170582,48.160067],[17.169811,48.160015],[17.170018,48.158735],[17.16881,48.158638],[17.168603,48.159914],[17.167992,48.159867],[17.167711,48.161578],[17.168085,48.161604],[17.16988,48.16173],[17.169762,48.16234],[17.170578,48.162387],[17.171476,48.162456],[17.172496,48.162534],[17.172607,48.162028],[17.171737,48.161963],[17.171834,48.161337],[17.173214,48.161392],[17.172855,48.163418]]]]}},{"type":"Feature","properties":{"kind":"okrsok","area":"yes","src":"flourish-2023","okrsok":"65","mcnorm":"ruzinov","obec":"Ružinov","name":"Ružinov okrsok 65","volici":"1312","ucast_rel":"76.37","vitaz":"PS"},"geometry":{"type":"MultiPolygon","coordinates":[[[[17.153305,48.165176],[17.152599,48.165529],[17.152333,48.166043],[17.155623,48.167506],[17.159139,48.170455],[17.159622,48.170133],[17.160354,48.170511],[17.161226,48.169764],[17.16072,48.1695],[17.16103,48.169217],[17.161554,48.169484],[17.162508,48.168669],[17.162963,48.168913],[17.162604,48.169212],[17.162722,48.169277],[17.162287,48.169673],[17.162107,48.169815],[17.162831,48.170205],[17.162552,48.170448],[17.162325,48.170347],[17.161434,48.171153],[17.160716,48.170789],[17.160399,48.17107],[17.160312,48.171429],[17.161332,48.172316],[17.162093,48.172156],[17.162297,48.172269],[17.162452,48.172133],[17.16276,48.172292],[17.162608,48.172442],[17.162728,48.172518],[17.162901,48.172354],[17.162977,48.172393],[17.16384,48.171652],[17.163653,48.171551],[17.163115,48.172021],[17.16181,48.171358],[17.162314,48.17098],[17.162135,48.170874],[17.162328,48.170727],[17.162514,48.170828],[17.163077,48.170338],[17.164516,48.171114],[17.165497,48.170257],[17.163846,48.169384],[17.163674,48.16953],[17.163426,48.169406],[17.163597,48.169252],[17.16306,48.168968],[17.163295,48.168757],[17.162673,48.16837],[17.16208,48.167661],[17.161919,48.165354],[17.161919,48.165354],[17.157827,48.166956],[17.157711,48.165079],[17.153305,48.165176]],[[17.161413,48.167007],[17.161451,48.166841],[17.161565,48.166854],[17.16152,48.167019],[17.161413,48.167007]]],[[[17.168724,48.169187],[17.168843,48.169242],[17.169267,48.168823],[17.169181,48.168782],[17.169436,48.168584],[17.168215,48.167962],[17.167766,48.167883],[17.167585,48.167975],[17.167221,48.1677],[17.167473,48.167576],[17.16715,48.16726],[17.166594,48.16752],[17.166967,48.167999],[17.167074,48.167946],[17.167278,48.168107],[17.167167,48.168167],[17.167284,48.168278],[17.167164,48.168349],[17.167602,48.168595],[17.167433,48.168731],[17.168178,48.169113],[17.168337,48.168957],[17.168724,48.169187]]]]}},{"type":"Feature","properties":{"kind":"okrsok","area":"yes","src":"flourish-2023","okrsok":"66","mcnorm":"ruzinov","obec":"Ružinov","name":"Ružinov okrsok 66","volici":"1200","ucast_rel":"70.16","vitaz":"PS"},"geometry":{"type":"MultiPolygon","coordinates":[[[[17.168803,48.176348],[17.169891,48.175472],[17.169891,48.175472],[17.166515,48.173749],[17.166791,48.173519],[17.166577,48.173413],[17.167709,48.172506],[17.167882,48.172612],[17.168033,48.172469],[17.167847,48.17235],[17.168316,48.171968],[17.168751,48.172193],[17.168952,48.172037],[17.166294,48.170656],[17.166135,48.17078],[17.166501,48.171005],[17.165845,48.171549],[17.165307,48.171231],[17.165141,48.171378],[17.165321,48.171475],[17.165176,48.171609],[17.165528,48.171788],[17.164264,48.172856],[17.163912,48.172672],[17.16376,48.172815],[17.163332,48.172584],[17.164734,48.171374],[17.164934,48.171503],[17.165096,48.171353],[17.164893,48.171238],[17.165876,48.170437],[17.165497,48.170257],[17.164516,48.171114],[17.16384,48.171652],[17.16384,48.171652],[17.16384,48.171652],[17.162977,48.172393],[17.162901,48.172354],[17.162728,48.172518],[17.162608,48.172442],[17.162608,48.172442],[17.162608,48.172442],[17.16276,48.172292],[17.162452,48.172133],[17.162297,48.172269],[17.162093,48.172156],[17.161332,48.172316],[17.163736,48.174408],[17.165635,48.176072],[17.165897,48.175841],[17.16629,48.176062],[17.165952,48.176343],[17.167312,48.177609],[17.168803,48.176348]]],[[[17.171592,48.173936],[17.171978,48.173623],[17.170225,48.172734],[17.169901,48.173015],[17.171592,48.173936]]],[[[17.192121,48.175286],[17.192934,48.176059],[17.193641,48.176223],[17.19535,48.173393],[17.192663,48.17262],[17.191813,48.174124],[17.192639,48.174344],[17.192121,48.175286]]]]}},{"type":"Feature","properties":{"kind":"okrsok","area":"yes","src":"flourish-2023","okrsok":"67","mcnorm":"ruzinov","obec":"Ružinov","name":"Ružinov okrsok 67","volici":"1220","ucast_rel":"68.44","vitaz":"PS"},"geometry":{"type":"MultiPolygon","coordinates":[[[[17.169891,48.175472],[17.171592,48.173936],[17.169901,48.173015],[17.170225,48.172734],[17.168952,48.172037],[17.168751,48.172193],[17.168316,48.171968],[17.167847,48.17235],[17.168033,48.172469],[17.167882,48.172612],[17.167709,48.172506],[17.166577,48.173413],[17.166791,48.173519],[17.166515,48.173749],[17.169891,48.175472]]],[[[17.16384,48.171652],[17.164516,48.171114],[17.163077,48.170338],[17.162514,48.170828],[17.162328,48.170727],[17.162135,48.170874],[17.162314,48.17098],[17.16181,48.171358],[17.163115,48.172021],[17.163653,48.171551],[17.16384,48.171652]]],[[[17.161226,48.169764],[17.160354,48.170511],[17.159622,48.170133],[17.159139,48.170455],[17.160312,48.171429],[17.160399,48.17107],[17.160716,48.170789],[17.161434,48.171153],[17.162325,48.170347],[17.162552,48.170448],[17.162738,48.170286],[17.162831,48.170205],[17.16265,48.170108],[17.162107,48.169815],[17.162107,48.169815],[17.162107,48.169815],[17.162287,48.169673],[17.162722,48.169277],[17.162604,48.169212],[17.162963,48.168913],[17.162508,48.168669],[17.161554,48.169484],[17.16103,48.169217],[17.16072,48.1695],[17.161226,48.169764]]]]}},{"type":"Feature","properties":{"kind":"okrsok","area":"yes","src":"flourish-2023","okrsok":"68","mcnorm":"ruzinov","obec":"Ružinov","name":"Ružinov okrsok 68","volici":"1061","ucast_rel":"75.96","vitaz":"PS"},"geometry":{"type":"MultiPolygon","coordinates":[[[[17.163846,48.169384],[17.165497,48.170257],[17.165876,48.170437],[17.164893,48.171238],[17.165096,48.171353],[17.164934,48.171503],[17.164734,48.171374],[17.163332,48.172584],[17.16376,48.172815],[17.163912,48.172672],[17.164264,48.172856],[17.165528,48.171788],[17.165176,48.171609],[17.165321,48.171475],[17.165141,48.171378],[17.165307,48.171231],[17.165845,48.171549],[17.166501,48.171005],[17.166135,48.17078],[17.166294,48.170656],[17.168952,48.172037],[17.170225,48.172734],[17.171978,48.173623],[17.173287,48.172557],[17.174308,48.171332],[17.172665,48.170476],[17.171823,48.171185],[17.172306,48.171452],[17.17163,48.171968],[17.168924,48.170577],[17.168413,48.171019],[17.167599,48.170573],[17.167785,48.170412],[17.167585,48.170301],[17.168185,48.169813],[17.168365,48.169924],[17.168703,48.169638],[17.168385,48.169468],[17.168724,48.169187],[17.168337,48.168957],[17.168178,48.169113],[17.167433,48.168731],[17.167253,48.168897],[17.166522,48.168533],[17.166259,48.168676],[17.166018,48.16851],[17.166515,48.168216],[17.16639,48.168077],[17.166625,48.167962],[17.166218,48.167543],[17.165956,48.167658],[17.166266,48.167981],[17.165521,48.168437],[17.165141,48.168054],[17.164893,48.168483],[17.164064,48.167658],[17.16375,48.167774],[17.163912,48.167951],[17.162824,48.168464],[17.163295,48.168757],[17.16306,48.168968],[17.163597,48.169252],[17.163597,48.169252],[17.163426,48.169406],[17.163674,48.16953],[17.163846,48.169384]],[[17.167436,48.170705],[17.167718,48.170865],[17.167576,48.170987],[17.167283,48.170826],[17.167436,48.170705]]],[[[17.162027,48.166906],[17.162944,48.166841],[17.163828,48.16639],[17.164518,48.167071],[17.16496,48.166878],[17.165195,48.167092],[17.165015,48.167177],[17.165412,48.167566],[17.16594,48.167345],[17.165723,48.167143],[17.165519,48.167237],[17.164936,48.166588],[17.166827,48.165722],[17.166344,48.165299],[17.16604,48.165294],[17.166019,48.165465],[17.165792,48.165469],[17.165412,48.165552],[17.164673,48.165571],[17.16468,48.165313],[17.163997,48.165327],[17.163997,48.165561],[17.163251,48.165575],[17.163244,48.16535],[17.163233,48.16511],[17.162608,48.165142],[17.161919,48.165354],[17.162027,48.166906]]],[[[17.161413,48.167007],[17.16152,48.167019],[17.161565,48.166854],[17.161451,48.166841],[17.161413,48.167007]]],[[[17.168803,48.176348],[17.169611,48.176776],[17.170267,48.1762],[17.169825,48.175998],[17.170218,48.175671],[17.169891,48.175472],[17.168803,48.176348]]]]}},{"type":"Feature","properties":{"kind":"okrsok","area":"yes","src":"flourish-2023","okrsok":"69","mcnorm":"ruzinov","obec":"Ružinov","name":"Ružinov okrsok 69","volici":"1043","ucast_rel":"82.93","vitaz":"PS"},"geometry":{"type":"MultiPolygon","coordinates":[[[[17.169436,48.168584],[17.170198,48.168101],[17.171127,48.167218],[17.170576,48.166982],[17.171324,48.16616],[17.17239,48.166554],[17.17285,48.166167],[17.169895,48.165163],[17.16964,48.165366],[17.169012,48.165605],[17.169143,48.165716],[17.167838,48.16624],[17.167072,48.165389],[17.167075,48.164989],[17.164133,48.165064],[17.163233,48.16511],[17.163233,48.16511],[17.163233,48.16511],[17.163244,48.16535],[17.163251,48.165575],[17.163251,48.165575],[17.163997,48.165561],[17.163997,48.165327],[17.16468,48.165313],[17.16468,48.165313],[17.164677,48.165442],[17.164673,48.165571],[17.165403,48.165552],[17.165412,48.165552],[17.165792,48.165469],[17.166019,48.165465],[17.16604,48.165294],[17.16604,48.165294],[17.166041,48.165294],[17.166344,48.165299],[17.166706,48.165617],[17.166827,48.165722],[17.166827,48.165722],[17.166827,48.165722],[17.167383,48.166383],[17.167079,48.166526],[17.16721,48.166692],[17.16594,48.167345],[17.165412,48.167566],[17.165412,48.167566],[17.164376,48.167969],[17.164893,48.168483],[17.165141,48.168054],[17.165521,48.168437],[17.166266,48.167981],[17.165956,48.167658],[17.166218,48.167543],[17.166327,48.167655],[17.166594,48.16752],[17.16715,48.16726],[17.167569,48.167074],[17.16779,48.167318],[17.168259,48.167152],[17.168584,48.167414],[17.168225,48.167599],[17.168439,48.167746],[17.168215,48.167962],[17.169436,48.168584]]],[[[17.168924,48.170577],[17.17163,48.171968],[17.172306,48.171452],[17.171823,48.171185],[17.172665,48.170476],[17.174308,48.171332],[17.174783,48.170651],[17.173803,48.170191],[17.174134,48.169878],[17.173264,48.16939],[17.173913,48.168717],[17.171759,48.167658],[17.171562,48.167668],[17.170741,48.168243],[17.169401,48.169624],[17.169796,48.169811],[17.168924,48.170577]]]]}},{"type":"Feature","properties":{"kind":"okrsok","area":"yes","src":"flourish-2023","okrsok":"70","mcnorm":"ruzinov","obec":"Ružinov","name":"Ružinov okrsok 70","volici":"1155","ucast_rel":"74.63","vitaz":"PS"},"geometry":{"type":"MultiPolygon","coordinates":[[[[17.16208,48.167661],[17.162673,48.16837],[17.162824,48.168464],[17.163912,48.167951],[17.16375,48.167774],[17.164064,48.167658],[17.164376,48.167969],[17.165412,48.167566],[17.165015,48.167177],[17.165015,48.167177],[17.165015,48.167177],[17.165195,48.167092],[17.16496,48.166878],[17.164739,48.166975],[17.164518,48.167071],[17.163828,48.16639],[17.162944,48.166841],[17.162027,48.166906],[17.16208,48.167661]]],[[[17.16594,48.167345],[17.16721,48.166692],[17.167079,48.166526],[17.167383,48.166383],[17.166827,48.165722],[17.164936,48.166588],[17.165411,48.167117],[17.165519,48.167237],[17.165723,48.167143],[17.165906,48.167314],[17.16594,48.167345]]],[[[17.167838,48.16624],[17.169143,48.165716],[17.169012,48.165605],[17.16964,48.165366],[17.169895,48.165163],[17.169377,48.164801],[17.167809,48.164977],[17.167075,48.164989],[17.167072,48.165389],[17.167838,48.16624]]],[[[17.168215,48.167962],[17.168439,48.167746],[17.168225,48.167599],[17.168584,48.167414],[17.168259,48.167152],[17.16779,48.167318],[17.167569,48.167074],[17.16715,48.16726],[17.167473,48.167576],[17.167221,48.1677],[17.167585,48.167975],[17.167766,48.167883],[17.168215,48.167962]]],[[[17.166018,48.16851],[17.166259,48.168676],[17.166522,48.168533],[17.167253,48.168897],[17.167433,48.168731],[17.167602,48.168595],[17.167164,48.168349],[17.167284,48.168278],[17.167167,48.168167],[17.167278,48.168107],[17.167074,48.167946],[17.166967,48.167999],[17.166594,48.16752],[17.166327,48.167655],[17.166625,48.167962],[17.16639,48.168077],[17.166515,48.168216],[17.166018,48.16851]]],[[[17.17985,48.179144],[17.179394,48.180129],[17.181672,48.180939],[17.184281,48.180681],[17.186076,48.177533],[17.187581,48.173712],[17.185717,48.17316],[17.185179,48.173878],[17.183343,48.173289],[17.181907,48.176299],[17.181313,48.176686],[17.17956,48.175913],[17.179256,48.176263],[17.178994,48.176171],[17.178731,48.176465],[17.178524,48.176428],[17.177542,48.177596],[17.177192,48.17751],[17.176598,48.178099],[17.176129,48.177915],[17.173713,48.17682],[17.170212,48.175181],[17.169891,48.175472],[17.169891,48.175472],[17.169891,48.175472],[17.170218,48.175671],[17.169825,48.175998],[17.170267,48.1762],[17.169611,48.176776],[17.170413,48.177252],[17.170579,48.177823],[17.17138,48.178486],[17.17218,48.178845],[17.172788,48.17832],[17.174472,48.179103],[17.177012,48.17994],[17.177468,48.179278],[17.177868,48.179397],[17.178421,48.178688],[17.178849,48.17878],[17.17985,48.179144]]],[[[17.167576,48.170987],[17.167718,48.170865],[17.167436,48.170705],[17.167283,48.170826],[17.167576,48.170987]]],[[[17.168413,48.171019],[17.167599,48.170573],[17.167785,48.170412],[17.167585,48.170301],[17.168185,48.169813],[17.168365,48.169924],[17.168703,48.169638],[17.168385,48.169468],[17.168724,48.169187],[17.168843,48.169242],[17.169267,48.168823],[17.169181,48.168782],[17.169436,48.168584],[17.170198,48.168101],[17.171127,48.167218],[17.170576,48.166982],[17.171324,48.16616],[17.17239,48.166554],[17.172946,48.166802],[17.171759,48.167658],[17.171562,48.167668],[17.170741,48.168243],[17.169401,48.169624],[17.169796,48.169811],[17.168924,48.170577],[17.168413,48.171019]]]]}},{"type":"Feature","properties":{"kind":"okrsok","area":"yes","src":"flourish-2023","okrsok":"1","mcnorm":"staremesto","obec":"Staré Mesto","name":"Staré Mesto okrsok 1","volici":"1126","ucast_rel":"82.85","vitaz":"PS"},"geometry":{"type":"MultiPolygon","coordinates":[[[[17.100658,48.147927],[17.102011,48.147157],[17.10191,48.147054],[17.102039,48.146619],[17.103551,48.145895],[17.104048,48.145709],[17.103792,48.14505],[17.103861,48.144166],[17.104393,48.1416],[17.103647,48.141398],[17.101604,48.141048],[17.09992,48.140928],[17.099243,48.140992],[17.098263,48.142125],[17.098608,48.142724],[17.098636,48.144631],[17.099471,48.146533],[17.100044,48.147413],[17.100658,48.147927]]]]}},{"type":"Feature","properties":{"kind":"okrsok","area":"yes","src":"flourish-2023","okrsok":"2","mcnorm":"staremesto","obec":"Staré Mesto","name":"Staré Mesto okrsok 2","volici":"995","ucast_rel":"78.19","vitaz":"PS"},"geometry":{"type":"MultiPolygon","coordinates":[[[[17.098263,48.142125],[17.098142,48.14232],[17.097411,48.142403],[17.096575,48.142748],[17.09672,48.142951],[17.096651,48.143241],[17.096299,48.143168],[17.096061,48.143506],[17.095747,48.143428],[17.095619,48.143976],[17.095309,48.143957],[17.095095,48.144616],[17.09524,48.144833],[17.095302,48.145565],[17.094004,48.145629],[17.092734,48.14668],[17.092382,48.146716],[17.092182,48.147283],[17.092723,48.147329],[17.092834,48.147499],[17.093031,48.147513],[17.093039,48.147345],[17.093293,48.147345],[17.09339,48.147432],[17.094011,48.147132],[17.093866,48.146943],[17.094294,48.146791],[17.094404,48.147026],[17.095536,48.14687],[17.095461,48.146616],[17.095813,48.146529],[17.095875,48.146658],[17.096392,48.14669],[17.09671,48.147777],[17.096351,48.148302],[17.095433,48.149161],[17.095602,48.149398],[17.095861,48.149343],[17.095937,48.149633],[17.096427,48.149518],[17.096392,48.149357],[17.096717,48.149126],[17.096896,48.149223],[17.096945,48.149523],[17.097338,48.149426],[17.097966,48.148896],[17.098843,48.148472],[17.100658,48.147927],[17.100044,48.147413],[17.099471,48.146533],[17.098636,48.144631],[17.098608,48.142724],[17.098263,48.142125]]]]}},{"type":"Feature","properties":{"kind":"okrsok","area":"yes","src":"flourish-2023","okrsok":"3","mcnorm":"staremesto","obec":"Staré Mesto","name":"Staré Mesto okrsok 3","volici":"864","ucast_rel":"89","vitaz":"PS"},"geometry":{"type":"MultiPolygon","coordinates":[[[[17.097145,48.151166],[17.097,48.15164],[17.097166,48.151769],[17.097138,48.152114],[17.097359,48.152119],[17.097359,48.15234],[17.09709,48.152358],[17.097145,48.152662],[17.098187,48.152952],[17.09894,48.151695],[17.09789,48.151525],[17.098013,48.151217],[17.098871,48.151267],[17.099078,48.151055],[17.099865,48.151087],[17.100003,48.151004],[17.099761,48.150668],[17.100189,48.150539],[17.100272,48.150788],[17.100914,48.150654],[17.101225,48.150875],[17.10168,48.15088],[17.102225,48.150571],[17.102481,48.150935],[17.102895,48.150769],[17.102985,48.15094],[17.102577,48.151092],[17.102854,48.151493],[17.103558,48.151221],[17.103634,48.151308],[17.10393,48.151207],[17.103861,48.151115],[17.104069,48.15105],[17.104662,48.151166],[17.104973,48.151064],[17.104828,48.150866],[17.106381,48.150286],[17.106857,48.150295],[17.107064,48.148591],[17.103585,48.149042],[17.10168,48.148573],[17.100658,48.147927],[17.098843,48.148472],[17.097966,48.148896],[17.097338,48.149426],[17.097145,48.151166]]]]}},{"type":"Feature","properties":{"kind":"okrsok","area":"yes","src":"flourish-2023","okrsok":"4","mcnorm":"staremesto","obec":"Staré Mesto","name":"Staré Mesto okrsok 4","volici":"975","ucast_rel":"75.48","vitaz":"PS"},"geometry":{"type":"MultiPolygon","coordinates":[[[[17.107064,48.148591],[17.106962,48.149431],[17.108448,48.149349],[17.109111,48.148842],[17.108317,48.1482],[17.10859,48.148041],[17.108507,48.147978],[17.109066,48.147269],[17.108625,48.146786],[17.108052,48.147108],[17.107486,48.147334],[17.107396,48.146974],[17.107023,48.146979],[17.106975,48.146272],[17.106685,48.145633],[17.106467,48.145515],[17.105939,48.145083],[17.105183,48.144789],[17.105166,48.144807],[17.10459,48.144576],[17.104576,48.144593],[17.104269,48.144478],[17.103861,48.144166],[17.103792,48.14505],[17.104048,48.145709],[17.103551,48.145895],[17.102039,48.146619],[17.10191,48.147054],[17.102011,48.147157],[17.100658,48.147927],[17.10168,48.148573],[17.103585,48.149042],[17.107064,48.148591]]]]}},{"type":"Feature","properties":{"kind":"okrsok","area":"yes","src":"flourish-2023","okrsok":"5","mcnorm":"staremesto","obec":"Staré Mesto","name":"Staré Mesto okrsok 5","volici":"1241","ucast_rel":"72.03","vitaz":"PS"},"geometry":{"type":"MultiPolygon","coordinates":[[[[17.113332,48.147596],[17.111444,48.146081],[17.111192,48.146273],[17.111356,48.146386],[17.11117,48.146512],[17.110989,48.146394],[17.110644,48.146657],[17.110278,48.146523],[17.11034,48.146475],[17.109833,48.146277],[17.109698,48.146212],[17.109342,48.146516],[17.108145,48.14589],[17.108255,48.145457],[17.107675,48.145466],[17.107165,48.145346],[17.107013,48.145577],[17.106685,48.145633],[17.106975,48.146272],[17.107023,48.146979],[17.107396,48.146974],[17.107486,48.147334],[17.108052,48.147108],[17.108625,48.146786],[17.109066,48.147269],[17.108507,48.147978],[17.10859,48.148041],[17.108317,48.1482],[17.109111,48.148842],[17.109567,48.149045],[17.110257,48.149146],[17.110796,48.149358],[17.111072,48.149321],[17.111555,48.149717],[17.113308,48.149063],[17.113819,48.149422],[17.114399,48.149128],[17.113778,48.148787],[17.114364,48.1484],[17.114047,48.14817],[17.113367,48.147624],[17.113236,48.1477],[17.113305,48.14775],[17.113343,48.147886],[17.11306,48.148061],[17.112922,48.147985],[17.112642,48.148163],[17.112456,48.148059],[17.112601,48.14796],[17.112673,48.148008],[17.113332,48.147596]]]]}},{"type":"Feature","properties":{"kind":"okrsok","area":"yes","src":"flourish-2023","okrsok":"6","mcnorm":"staremesto","obec":"Staré Mesto","name":"Staré Mesto okrsok 6","volici":"1194","ucast_rel":"71.77","vitaz":"PS"},"geometry":{"type":"MultiPolygon","coordinates":[[[[17.115458,48.146366],[17.1153,48.145883],[17.114737,48.145445],[17.114934,48.145286],[17.115628,48.145625],[17.115517,48.145851],[17.115817,48.146012],[17.116094,48.14609],[17.116853,48.145021],[17.11657,48.144948],[17.115327,48.144648],[17.113712,48.144372],[17.113878,48.144188],[17.112407,48.143607],[17.111931,48.144096],[17.112166,48.144151],[17.112566,48.14404],[17.112532,48.144275],[17.112394,48.144285],[17.11171,48.14434],[17.111144,48.144883],[17.109777,48.145233],[17.108514,48.145353],[17.108255,48.145457],[17.108145,48.14589],[17.109342,48.146516],[17.109698,48.146212],[17.11034,48.146475],[17.110278,48.146523],[17.110644,48.146657],[17.110989,48.146394],[17.11117,48.146512],[17.111356,48.146386],[17.111192,48.146273],[17.111444,48.146081],[17.113332,48.147596],[17.113332,48.147596],[17.113332,48.147596],[17.112673,48.148008],[17.112601,48.14796],[17.112456,48.148059],[17.112642,48.148163],[17.112922,48.147985],[17.11306,48.148061],[17.113343,48.147886],[17.113305,48.14775],[17.113236,48.1477],[17.113367,48.147624],[17.114364,48.1484],[17.113778,48.148787],[17.114399,48.149128],[17.114882,48.149372],[17.116094,48.148593],[17.116125,48.148455],[17.116287,48.148372],[17.116383,48.148209],[17.116708,48.148052],[17.116342,48.147679],[17.117212,48.147329],[17.116204,48.146357],[17.115811,48.146541],[17.115458,48.146366]]]]}},{"type":"Feature","properties":{"kind":"okrsok","area":"yes","src":"flourish-2023","okrsok":"7","mcnorm":"staremesto","obec":"Staré Mesto","name":"Staré Mesto okrsok 7","volici":"1252","ucast_rel":"78.99","vitaz":"PS"},"geometry":{"type":"MultiPolygon","coordinates":[[[[17.112137,48.143884],[17.109387,48.142712],[17.109629,48.142384],[17.109408,48.142292],[17.109546,48.142131],[17.108973,48.141896],[17.109318,48.140689],[17.108662,48.140616],[17.108165,48.141311],[17.106536,48.140676],[17.106371,48.141007],[17.104438,48.140325],[17.104393,48.1416],[17.103861,48.144166],[17.104269,48.144478],[17.104576,48.144593],[17.10459,48.144576],[17.105166,48.144807],[17.105183,48.144789],[17.105939,48.145083],[17.106467,48.145515],[17.106685,48.145633],[17.107013,48.145577],[17.107165,48.145346],[17.107675,48.145466],[17.108255,48.145457],[17.108514,48.145353],[17.109777,48.145233],[17.111144,48.144883],[17.11171,48.14434],[17.112394,48.144285],[17.112532,48.144275],[17.112566,48.14404],[17.112166,48.144151],[17.111931,48.144096],[17.112137,48.143884]]]]}},{"type":"Feature","properties":{"kind":"okrsok","area":"yes","src":"flourish-2023","okrsok":"8","mcnorm":"staremesto","obec":"Staré Mesto","name":"Staré Mesto okrsok 8","volici":"1037","ucast_rel":"74.15","vitaz":"PS"},"geometry":{"type":"MultiPolygon","coordinates":[[[[17.112601,48.143684],[17.112614,48.143463],[17.112842,48.143284],[17.112511,48.143086],[17.112842,48.142966],[17.112428,48.142533],[17.112828,48.142459],[17.112621,48.141639],[17.11229,48.141326],[17.112269,48.140635],[17.112394,48.140294],[17.111903,48.140193],[17.111703,48.14058],[17.11084,48.140479],[17.110827,48.140027],[17.109833,48.139935],[17.104462,48.139778],[17.104438,48.140325],[17.106371,48.141007],[17.106536,48.140676],[17.108165,48.141311],[17.108662,48.140616],[17.109318,48.140689],[17.108973,48.141896],[17.109546,48.142131],[17.109408,48.142292],[17.109629,48.142384],[17.109387,48.142712],[17.112137,48.143884],[17.112407,48.143607],[17.112601,48.143684]]],[[[17.128947,48.140265],[17.128411,48.138788],[17.123027,48.139585],[17.119031,48.139948],[17.11926,48.140974],[17.128947,48.140265]]]]}},{"type":"Feature","properties":{"kind":"okrsok","area":"yes","src":"flourish-2023","okrsok":"9","mcnorm":"staremesto","obec":"Staré Mesto","name":"Staré Mesto okrsok 9","volici":"1511","ucast_rel":"56.25","vitaz":"PS"},"geometry":{"type":"MultiPolygon","coordinates":[[[[17.112842,48.142966],[17.113111,48.14286],[17.113084,48.142819],[17.113795,48.142625],[17.114375,48.142162],[17.114806,48.141842],[17.115068,48.142049],[17.115393,48.141791],[17.115241,48.141732],[17.115441,48.141538],[17.115904,48.141506],[17.11609,48.141363],[17.115676,48.141368],[17.11598,48.140879],[17.116352,48.140953],[17.116518,48.140027],[17.112466,48.14005],[17.112394,48.140294],[17.112269,48.140635],[17.11229,48.141326],[17.112621,48.141639],[17.112828,48.142459],[17.112428,48.142533],[17.112842,48.142966]]],[[[17.11084,48.140479],[17.111703,48.14058],[17.111903,48.140193],[17.110827,48.140027],[17.11084,48.140479]]]]}},{"type":"Feature","properties":{"kind":"okrsok","area":"yes","src":"flourish-2023","okrsok":"10","mcnorm":"staremesto","obec":"Staré Mesto","name":"Staré Mesto okrsok 10","volici":"1052","ucast_rel":"95.24","vitaz":"PS"},"geometry":{"type":"MultiPolygon","coordinates":[[[[17.104462,48.139778],[17.098066,48.139953],[17.091964,48.140709],[17.087546,48.141575],[17.075756,48.143712],[17.076363,48.148134],[17.076419,48.152739],[17.077799,48.152749],[17.078006,48.152095],[17.078614,48.151735],[17.079069,48.15098],[17.079801,48.150612],[17.079718,48.150335],[17.079994,48.150289],[17.080036,48.150538],[17.080588,48.150428],[17.080671,48.150271],[17.080726,48.150022],[17.080381,48.14993],[17.080505,48.149764],[17.080823,48.149783],[17.081057,48.148991],[17.079276,48.148806],[17.079387,48.148318],[17.079856,48.148281],[17.080105,48.147673],[17.082065,48.146872],[17.08241,48.147121],[17.083225,48.146678],[17.082659,48.146181],[17.083004,48.145969],[17.083418,48.146338],[17.083667,48.145997],[17.084523,48.145767],[17.084978,48.146651],[17.086097,48.146697],[17.087091,48.145453],[17.088485,48.144366],[17.090998,48.143298],[17.095968,48.141713],[17.099243,48.140992],[17.09992,48.140928],[17.101604,48.141048],[17.103647,48.141398],[17.104393,48.1416],[17.104438,48.140325],[17.104462,48.139778]]]]}},{"type":"Feature","properties":{"kind":"okrsok","area":"yes","src":"flourish-2023","okrsok":"11","mcnorm":"staremesto","obec":"Staré Mesto","name":"Staré Mesto okrsok 11","volici":"1004","ucast_rel":"79.28","vitaz":"PS"},"geometry":{"type":"MultiPolygon","coordinates":[[[[17.076419,48.152739],[17.076432,48.15367],[17.078158,48.153522],[17.078987,48.153522],[17.079194,48.153117],[17.081568,48.152242],[17.081927,48.151367],[17.081872,48.150943],[17.082811,48.150731],[17.08386,48.150234],[17.085054,48.1494],[17.084654,48.14912],[17.085613,48.148723],[17.086028,48.148769],[17.086538,48.149166],[17.086207,48.150437],[17.087339,48.150667],[17.087891,48.150455],[17.088554,48.149856],[17.089465,48.149718],[17.089683,48.149377],[17.089489,48.149168],[17.089838,48.149062],[17.090283,48.149566],[17.090566,48.149322],[17.089986,48.148624],[17.0896,48.147722],[17.089676,48.147429],[17.091498,48.146545],[17.092154,48.146379],[17.092382,48.146716],[17.092734,48.14668],[17.094004,48.145629],[17.095302,48.145565],[17.09524,48.144833],[17.095095,48.144616],[17.095309,48.143957],[17.095619,48.143976],[17.095747,48.143428],[17.096061,48.143506],[17.096299,48.143168],[17.096651,48.143241],[17.09672,48.142951],[17.096575,48.142748],[17.097411,48.142403],[17.098142,48.14232],[17.098263,48.142125],[17.099243,48.140992],[17.095968,48.141713],[17.090998,48.143298],[17.088485,48.144366],[17.087091,48.145453],[17.086097,48.146697],[17.084978,48.146651],[17.084523,48.145767],[17.083667,48.145997],[17.083418,48.146338],[17.083004,48.145969],[17.082659,48.146181],[17.083225,48.146678],[17.08241,48.147121],[17.082065,48.146872],[17.080105,48.147673],[17.079856,48.148281],[17.079387,48.148318],[17.079276,48.148806],[17.081057,48.148991],[17.080823,48.149783],[17.080505,48.149764],[17.080381,48.14993],[17.080726,48.150022],[17.080671,48.150271],[17.080588,48.150428],[17.080036,48.150538],[17.079994,48.150289],[17.079718,48.150335],[17.079801,48.150612],[17.079801,48.150612],[17.079801,48.150612],[17.079069,48.15098],[17.078614,48.151735],[17.078006,48.152095],[17.077799,48.152749],[17.076419,48.152739]]]]}},{"type":"Feature","properties":{"kind":"okrsok","area":"yes","src":"flourish-2023","okrsok":"12","mcnorm":"staremesto","obec":"Staré Mesto","name":"Staré Mesto okrsok 12","volici":"846","ucast_rel":"79.43","vitaz":"PS"},"geometry":{"type":"MultiPolygon","coordinates":[[[[17.090283,48.149566],[17.090471,48.149926],[17.091659,48.150801],[17.092087,48.151869],[17.091956,48.152507],[17.091873,48.152608],[17.092597,48.152548],[17.093605,48.152415],[17.094047,48.152272],[17.094606,48.15259],[17.095821,48.152792],[17.094496,48.153437],[17.093861,48.154248],[17.092977,48.155206],[17.09393,48.155454],[17.094523,48.155491],[17.094841,48.154708],[17.095379,48.153907],[17.096332,48.153308],[17.097071,48.153234],[17.097209,48.153032],[17.09765,48.153175],[17.097727,48.152824],[17.097145,48.152662],[17.09709,48.152358],[17.097359,48.15234],[17.097359,48.152119],[17.097138,48.152114],[17.097166,48.151769],[17.097,48.15164],[17.097145,48.151166],[17.097338,48.149426],[17.096945,48.149523],[17.096896,48.149223],[17.096717,48.149126],[17.096392,48.149357],[17.096427,48.149518],[17.095937,48.149633],[17.095861,48.149343],[17.095602,48.149398],[17.095433,48.149161],[17.096351,48.148302],[17.09671,48.147777],[17.096392,48.14669],[17.095875,48.146658],[17.095813,48.146529],[17.095461,48.146616],[17.095536,48.14687],[17.095536,48.14687],[17.095536,48.14687],[17.094404,48.147026],[17.094294,48.146791],[17.093866,48.146943],[17.094011,48.147132],[17.09339,48.147432],[17.093293,48.147345],[17.093039,48.147345],[17.093031,48.147513],[17.092834,48.147499],[17.092723,48.147329],[17.092182,48.147283],[17.092382,48.146716],[17.092154,48.146379],[17.091498,48.146545],[17.089676,48.147429],[17.0896,48.147722],[17.089986,48.148624],[17.090566,48.149322],[17.090283,48.149566]]]]}},{"type":"Feature","properties":{"kind":"okrsok","area":"yes","src":"flourish-2023","okrsok":"13","mcnorm":"staremesto","obec":"Staré Mesto","name":"Staré Mesto okrsok 13","volici":"1065","ucast_rel":"77.74","vitaz":"PS"},"geometry":{"type":"MultiPolygon","coordinates":[[[[17.076432,48.15367],[17.076432,48.155614],[17.078434,48.155789],[17.081113,48.1552],[17.080906,48.153477],[17.081416,48.152787],[17.082024,48.152722],[17.082797,48.152547],[17.083791,48.153063],[17.085185,48.152455],[17.085434,48.151879],[17.085827,48.151566],[17.086483,48.15217],[17.086759,48.151935],[17.086449,48.151741],[17.087084,48.151603],[17.088023,48.151396],[17.088326,48.151414],[17.08892,48.150696],[17.089555,48.150272],[17.089831,48.150263],[17.090471,48.149926],[17.090283,48.149566],[17.089838,48.149062],[17.089489,48.149168],[17.089683,48.149377],[17.089465,48.149718],[17.088554,48.149856],[17.087891,48.150455],[17.087339,48.150667],[17.086207,48.150437],[17.086538,48.149166],[17.086028,48.148769],[17.085613,48.148723],[17.084654,48.14912],[17.085054,48.1494],[17.08386,48.150234],[17.082811,48.150731],[17.081872,48.150943],[17.081927,48.151367],[17.081568,48.152242],[17.079194,48.153117],[17.078987,48.153522],[17.078158,48.153522],[17.076432,48.15367]]]]}},{"type":"Feature","properties":{"kind":"okrsok","area":"yes","src":"flourish-2023","okrsok":"14","mcnorm":"staremesto","obec":"Staré Mesto","name":"Staré Mesto okrsok 14","volici":"1022","ucast_rel":"77.98","vitaz":"PS"},"geometry":{"type":"MultiPolygon","coordinates":[[[[17.085185,48.152455],[17.084854,48.15409],[17.084771,48.154366],[17.085779,48.154624],[17.085655,48.154256],[17.086635,48.153795],[17.08698,48.15409],[17.086469,48.154329],[17.087187,48.155048],[17.088306,48.154458],[17.089134,48.153519],[17.090611,48.153307],[17.091633,48.152874],[17.091873,48.152608],[17.091956,48.152507],[17.092087,48.151869],[17.091659,48.150801],[17.090471,48.149926],[17.089831,48.150263],[17.089555,48.150272],[17.08892,48.150696],[17.088326,48.151414],[17.088023,48.151396],[17.087084,48.151603],[17.086449,48.151741],[17.086759,48.151935],[17.086483,48.15217],[17.085827,48.151566],[17.085434,48.151879],[17.085185,48.152455]]]]}},{"type":"Feature","properties":{"kind":"okrsok","area":"yes","src":"flourish-2023","okrsok":"15","mcnorm":"staremesto","obec":"Staré Mesto","name":"Staré Mesto okrsok 15","volici":"1299","ucast_rel":"78.98","vitaz":"PS"},"geometry":{"type":"MultiPolygon","coordinates":[[[[17.087187,48.155048],[17.086469,48.154329],[17.08698,48.15409],[17.086635,48.153795],[17.085655,48.154256],[17.085779,48.154624],[17.084771,48.154366],[17.084854,48.15409],[17.085185,48.152455],[17.083791,48.153063],[17.082797,48.152547],[17.082024,48.152722],[17.081416,48.152787],[17.080906,48.153477],[17.081113,48.1552],[17.078434,48.155789],[17.076432,48.155614],[17.076239,48.163433],[17.079249,48.162715],[17.081541,48.162052],[17.083888,48.161002],[17.084792,48.16056],[17.085027,48.160712],[17.086928,48.15942],[17.087094,48.159061],[17.085907,48.158656],[17.086459,48.157956],[17.085575,48.157228],[17.087563,48.155386],[17.088972,48.154401],[17.089262,48.154428],[17.089372,48.154235],[17.089648,48.154226],[17.090325,48.153461],[17.090611,48.153307],[17.089134,48.153519],[17.088306,48.154458],[17.087187,48.155048]]]]}},{"type":"Feature","properties":{"kind":"okrsok","area":"yes","src":"flourish-2023","okrsok":"16","mcnorm":"staremesto","obec":"Staré Mesto","name":"Staré Mesto okrsok 16","volici":"1129","ucast_rel":"79.89","vitaz":"PS"},"geometry":{"type":"MultiPolygon","coordinates":[[[[17.076239,48.163433],[17.076325,48.16507],[17.077402,48.166414],[17.078313,48.167372],[17.076022,48.168992],[17.072708,48.170944],[17.074089,48.171828],[17.073896,48.174001],[17.076184,48.172639],[17.077965,48.170963],[17.0791,48.16971],[17.081033,48.167494],[17.082307,48.166391],[17.084074,48.165323],[17.08734,48.164232],[17.091917,48.163495],[17.091736,48.162689],[17.091322,48.162708],[17.091101,48.162938],[17.090321,48.163118],[17.090162,48.16297],[17.089534,48.162537],[17.088319,48.163297],[17.088023,48.162993],[17.088568,48.162758],[17.089113,48.162188],[17.088602,48.161884],[17.088257,48.162146],[17.087519,48.161713],[17.087898,48.161451],[17.087505,48.161211],[17.08716,48.161455],[17.086787,48.161626],[17.086649,48.161497],[17.084985,48.162381],[17.084744,48.162151],[17.084253,48.162395],[17.084474,48.162611],[17.083322,48.163177],[17.083083,48.162947],[17.082863,48.163046],[17.083094,48.16329],[17.081972,48.163864],[17.081296,48.163569],[17.081406,48.163357],[17.08113,48.16321],[17.080081,48.164094],[17.079777,48.164048],[17.079249,48.162715],[17.076239,48.163433]]]]}},{"type":"Feature","properties":{"kind":"okrsok","area":"yes","src":"flourish-2023","okrsok":"17","mcnorm":"staremesto","obec":"Staré Mesto","name":"Staré Mesto okrsok 17","volici":"1047","ucast_rel":"78.31","vitaz":"PS"},"geometry":{"type":"MultiPolygon","coordinates":[[[[17.095757,48.163016],[17.100556,48.162095],[17.101001,48.161956],[17.101001,48.161956],[17.101001,48.161956],[17.098736,48.159982],[17.098515,48.159678],[17.099385,48.159236],[17.099205,48.158297],[17.099426,48.158204],[17.099495,48.158048],[17.099261,48.157919],[17.098101,48.158112],[17.097673,48.157735],[17.095823,48.156519],[17.094152,48.156565],[17.094523,48.155491],[17.09393,48.155454],[17.092977,48.155206],[17.093861,48.154248],[17.094496,48.153437],[17.095821,48.152792],[17.094606,48.15259],[17.094047,48.152272],[17.093605,48.152415],[17.092597,48.152548],[17.091873,48.152608],[17.091633,48.152874],[17.090611,48.153307],[17.090325,48.153461],[17.089648,48.154226],[17.089372,48.154235],[17.089262,48.154428],[17.088972,48.154401],[17.087563,48.155386],[17.085575,48.157228],[17.086459,48.157956],[17.085907,48.158656],[17.087094,48.159061],[17.086928,48.15942],[17.085027,48.160712],[17.084792,48.16056],[17.083888,48.161002],[17.081541,48.162052],[17.079249,48.162715],[17.079777,48.164048],[17.080081,48.164094],[17.08113,48.16321],[17.081406,48.163357],[17.081296,48.163569],[17.081972,48.163864],[17.083094,48.16329],[17.082863,48.163046],[17.083083,48.162947],[17.083322,48.163177],[17.084474,48.162611],[17.084253,48.162395],[17.084744,48.162151],[17.084985,48.162381],[17.086649,48.161497],[17.086787,48.161626],[17.08716,48.161455],[17.087505,48.161211],[17.087898,48.161451],[17.087519,48.161713],[17.088257,48.162146],[17.088602,48.161884],[17.089113,48.162188],[17.088568,48.162758],[17.088023,48.162993],[17.088319,48.163297],[17.089534,48.162537],[17.090162,48.16297],[17.090321,48.163118],[17.091101,48.162938],[17.091322,48.162708],[17.091736,48.162689],[17.091917,48.163495],[17.092351,48.163425],[17.095757,48.163016]]]]}},{"type":"Feature","properties":{"kind":"okrsok","area":"yes","src":"flourish-2023","okrsok":"18","mcnorm":"staremesto","obec":"Staré Mesto","name":"Staré Mesto okrsok 18","volici":"1416","ucast_rel":"69.63","vitaz":"PS"},"geometry":{"type":"MultiPolygon","coordinates":[[[[17.099261,48.157919],[17.099123,48.157293],[17.100255,48.15721],[17.100476,48.157145],[17.100296,48.156869],[17.100821,48.156547],[17.101097,48.156786],[17.101373,48.156593],[17.101111,48.156344],[17.101497,48.156151],[17.101787,48.156427],[17.102823,48.155966],[17.103402,48.155718],[17.102947,48.155147],[17.103375,48.155082],[17.103748,48.155207],[17.103844,48.155078],[17.103437,48.15494],[17.104666,48.152738],[17.104472,48.152222],[17.104031,48.152241],[17.103934,48.151928],[17.104707,48.151624],[17.104459,48.151265],[17.104662,48.151166],[17.104069,48.15105],[17.103861,48.151115],[17.10393,48.151207],[17.103634,48.151308],[17.103558,48.151221],[17.102854,48.151493],[17.102577,48.151092],[17.102985,48.15094],[17.102895,48.150769],[17.102481,48.150935],[17.102225,48.150571],[17.10168,48.15088],[17.101225,48.150875],[17.100914,48.150654],[17.100272,48.150788],[17.100189,48.150539],[17.099761,48.150668],[17.100003,48.151004],[17.099865,48.151087],[17.099078,48.151055],[17.098871,48.151267],[17.098013,48.151217],[17.09789,48.151525],[17.09894,48.151695],[17.098187,48.152952],[17.097727,48.152824],[17.09765,48.153175],[17.097209,48.153032],[17.097071,48.153234],[17.096332,48.153308],[17.095379,48.153907],[17.094841,48.154708],[17.094523,48.155491],[17.094152,48.156565],[17.095823,48.156519],[17.097673,48.157735],[17.098101,48.158112],[17.099261,48.157919]]],[[[17.104973,48.151064],[17.105121,48.151228],[17.10537,48.151191],[17.105432,48.151338],[17.104976,48.151486],[17.105066,48.151656],[17.105356,48.15155],[17.105515,48.151771],[17.106095,48.151545],[17.105922,48.151315],[17.106129,48.151246],[17.106191,48.150859],[17.106799,48.150735],[17.106857,48.150295],[17.106381,48.150286],[17.104828,48.150866],[17.104973,48.151064]]]]}},{"type":"Feature","properties":{"kind":"okrsok","area":"yes","src":"flourish-2023","okrsok":"19","mcnorm":"staremesto","obec":"Staré Mesto","name":"Staré Mesto okrsok 19","volici":"907","ucast_rel":"80.04","vitaz":"PS"},"geometry":{"type":"MultiPolygon","coordinates":[[[[17.101001,48.161956],[17.102289,48.161552],[17.104476,48.160008],[17.105497,48.156733],[17.105939,48.155075],[17.104987,48.154873],[17.104641,48.155518],[17.105194,48.1556],[17.104683,48.156227],[17.104269,48.15596],[17.10373,48.155932],[17.103402,48.155718],[17.101787,48.156427],[17.101497,48.156151],[17.101111,48.156344],[17.101373,48.156593],[17.101097,48.156786],[17.100821,48.156547],[17.100296,48.156869],[17.100476,48.157145],[17.100255,48.15721],[17.099123,48.157293],[17.099261,48.157919],[17.099495,48.158048],[17.099426,48.158204],[17.099205,48.158297],[17.099385,48.159236],[17.098515,48.159678],[17.098736,48.159982],[17.101001,48.161956]]]]}},{"type":"Feature","properties":{"kind":"okrsok","area":"yes","src":"flourish-2023","okrsok":"20","mcnorm":"staremesto","obec":"Staré Mesto","name":"Staré Mesto okrsok 20","volici":"1035","ucast_rel":"77.97","vitaz":"PS"},"geometry":{"type":"MultiPolygon","coordinates":[[[[17.104269,48.15596],[17.104683,48.156227],[17.105194,48.1556],[17.104641,48.155518],[17.104987,48.154873],[17.105939,48.155075],[17.106671,48.15485],[17.107451,48.15479],[17.107444,48.154951],[17.1081,48.154919],[17.108121,48.155186],[17.108404,48.155144],[17.108459,48.154573],[17.109908,48.154316],[17.109839,48.154048],[17.10955,48.154076],[17.108404,48.150254],[17.106857,48.150295],[17.106799,48.150735],[17.106191,48.150859],[17.106129,48.151246],[17.105922,48.151315],[17.106095,48.151545],[17.105515,48.151771],[17.105356,48.15155],[17.105066,48.151656],[17.104976,48.151486],[17.105432,48.151338],[17.10537,48.151191],[17.105121,48.151228],[17.104973,48.151064],[17.104662,48.151166],[17.104459,48.151265],[17.104707,48.151624],[17.103934,48.151928],[17.104031,48.152241],[17.104472,48.152222],[17.104666,48.152738],[17.103437,48.15494],[17.103844,48.155078],[17.103748,48.155207],[17.103375,48.155082],[17.102947,48.155147],[17.103402,48.155718],[17.10373,48.155932],[17.104269,48.15596]]]]}},{"type":"Feature","properties":{"kind":"okrsok","area":"yes","src":"flourish-2023","okrsok":"21","mcnorm":"staremesto","obec":"Staré Mesto","name":"Staré Mesto okrsok 21","volici":"916","ucast_rel":"77.83","vitaz":"PS"},"geometry":{"type":"MultiPolygon","coordinates":[[[[17.106671,48.15485],[17.105939,48.155075],[17.105497,48.156733],[17.104476,48.160008],[17.108384,48.158478],[17.109073,48.157911],[17.108914,48.15769],[17.108809,48.157727],[17.108564,48.157494],[17.108478,48.157314],[17.108374,48.157338],[17.10826,48.157111],[17.10884,48.15698],[17.108865,48.157027],[17.10942,48.15689],[17.109512,48.157078],[17.109831,48.157001],[17.109717,48.156777],[17.110074,48.156692],[17.110185,48.156019],[17.110916,48.156158],[17.111814,48.156968],[17.113319,48.15659],[17.110916,48.153975],[17.109908,48.154316],[17.108459,48.154573],[17.108404,48.155144],[17.108121,48.155186],[17.1081,48.154919],[17.107444,48.154951],[17.107451,48.15479],[17.106671,48.15485]]]]}},{"type":"Feature","properties":{"kind":"okrsok","area":"yes","src":"flourish-2023","okrsok":"22","mcnorm":"staremesto","obec":"Staré Mesto","name":"Staré Mesto okrsok 22","volici":"1154","ucast_rel":"74.52","vitaz":"PS"},"geometry":{"type":"MultiPolygon","coordinates":[[[[17.108384,48.158478],[17.112854,48.15897],[17.114434,48.159814],[17.11473,48.159611],[17.1154,48.15952],[17.117035,48.158192],[17.118366,48.157468],[17.113319,48.15659],[17.111814,48.156968],[17.110916,48.156158],[17.110185,48.156019],[17.110074,48.156692],[17.109717,48.156777],[17.109831,48.157001],[17.109512,48.157078],[17.10942,48.15689],[17.108865,48.157027],[17.10884,48.15698],[17.10826,48.157111],[17.108374,48.157338],[17.108478,48.157314],[17.108564,48.157494],[17.108809,48.157727],[17.108914,48.15769],[17.109073,48.157911],[17.108384,48.158478]]]]}},{"type":"Feature","properties":{"kind":"okrsok","area":"yes","src":"flourish-2023","okrsok":"23","mcnorm":"staremesto","obec":"Staré Mesto","name":"Staré Mesto okrsok 23","volici":"959","ucast_rel":"73.51","vitaz":"PS"},"geometry":{"type":"MultiPolygon","coordinates":[[[[17.114295,48.154721],[17.114591,48.155027],[17.114511,48.15507],[17.114778,48.155315],[17.115208,48.155141],[17.114944,48.154865],[17.115807,48.154435],[17.115935,48.154537],[17.116469,48.154607],[17.117567,48.154881],[17.118736,48.154769],[17.119193,48.154702],[17.118763,48.153354],[17.119267,48.153227],[17.119592,48.152941],[17.118966,48.152622],[17.119116,48.152523],[17.119202,48.152562],[17.11981,48.152122],[17.118803,48.15161],[17.119104,48.151377],[17.119331,48.151508],[17.119724,48.151238],[17.118521,48.150673],[17.118257,48.150861],[17.117607,48.150374],[17.117368,48.150391],[17.117147,48.150194],[17.116153,48.149854],[17.115729,48.149826],[17.115742,48.149658],[17.114882,48.149372],[17.114399,48.149128],[17.113819,48.149422],[17.113308,48.149063],[17.111555,48.149717],[17.111072,48.149321],[17.110796,48.149358],[17.110257,48.149146],[17.109567,48.149045],[17.109111,48.148842],[17.108448,48.149349],[17.106962,48.149431],[17.106857,48.150295],[17.108404,48.150254],[17.10955,48.154076],[17.109839,48.154048],[17.109908,48.154316],[17.110916,48.153975],[17.111401,48.154502],[17.1143,48.153268],[17.115429,48.154165],[17.114295,48.154721]]],[[[17.112984,48.155729],[17.113527,48.155457],[17.113158,48.155165],[17.113017,48.155161],[17.112522,48.154618],[17.112059,48.154819],[17.11273,48.155581],[17.112789,48.155553],[17.112984,48.155729]]]]}},{"type":"Feature","properties":{"kind":"okrsok","area":"yes","src":"flourish-2023","okrsok":"24","mcnorm":"staremesto","obec":"Staré Mesto","name":"Staré Mesto okrsok 24","volici":"948","ucast_rel":"77.84","vitaz":"PS"},"geometry":{"type":"MultiPolygon","coordinates":[[[[17.114295,48.154721],[17.114295,48.154721],[17.113995,48.154871],[17.113431,48.154326],[17.112989,48.154533],[17.112532,48.154021],[17.111401,48.154502],[17.111401,48.154502],[17.111401,48.154502],[17.112886,48.156119],[17.113357,48.155941],[17.114368,48.155747],[17.114458,48.156058],[17.114494,48.15644],[17.114928,48.156517],[17.114908,48.156571],[17.115296,48.15664],[17.116761,48.156836],[17.116871,48.156464],[17.116456,48.156416],[17.116509,48.156239],[17.116366,48.156041],[17.116014,48.155429],[17.116358,48.155249],[17.115522,48.154577],[17.114944,48.154865],[17.114944,48.154865],[17.115208,48.155141],[17.114778,48.155315],[17.114511,48.15507],[17.114591,48.155027],[17.114295,48.154721],[17.114295,48.154721]],[[17.112984,48.155729],[17.112789,48.155553],[17.11273,48.155581],[17.112059,48.154819],[17.112522,48.154618],[17.113017,48.155161],[17.113158,48.155165],[17.113527,48.155457],[17.112984,48.155729]],[[17.115154,48.155937],[17.115019,48.155635],[17.11534,48.155563],[17.115442,48.15588],[17.115154,48.155937]]]]}},{"type":"Feature","properties":{"kind":"okrsok","area":"yes","src":"flourish-2023","okrsok":"25","mcnorm":"staremesto","obec":"Staré Mesto","name":"Staré Mesto okrsok 25","volici":"971","ucast_rel":"74.87","vitaz":"PS"},"geometry":{"type":"MultiPolygon","coordinates":[[[[17.114295,48.154721],[17.114295,48.154721],[17.115429,48.154165],[17.1143,48.153268],[17.112532,48.154021],[17.112989,48.154533],[17.113431,48.154326],[17.113995,48.154871],[17.114295,48.154721],[17.114295,48.154721]]],[[[17.119883,48.157402],[17.119676,48.157457],[17.115935,48.154537],[17.115807,48.154435],[17.115522,48.154577],[17.116358,48.155249],[17.116014,48.155429],[17.116366,48.156041],[17.116509,48.156239],[17.116456,48.156416],[17.116871,48.156464],[17.116761,48.156836],[17.115296,48.15664],[17.114908,48.156571],[17.114928,48.156517],[17.114494,48.15644],[17.114458,48.156058],[17.114368,48.155747],[17.113357,48.155941],[17.112886,48.156119],[17.113319,48.15659],[17.118366,48.157468],[17.120425,48.157775],[17.119883,48.157402]]],[[[17.115154,48.155937],[17.115442,48.15588],[17.11534,48.155563],[17.115019,48.155635],[17.115154,48.155937]]]]}},{"type":"Feature","properties":{"kind":"okrsok","area":"yes","src":"flourish-2023","okrsok":"26","mcnorm":"staremesto","obec":"Staré Mesto","name":"Staré Mesto okrsok 26","volici":"1250","ucast_rel":"78.24","vitaz":"PS"},"geometry":{"type":"MultiPolygon","coordinates":[[[[17.115935,48.154537],[17.119676,48.157457],[17.119883,48.157402],[17.12312,48.156395],[17.124866,48.155751],[17.123399,48.154519],[17.123153,48.154678],[17.12236,48.154072],[17.121975,48.154356],[17.121693,48.154454],[17.12119,48.154205],[17.121096,48.154241],[17.120891,48.154039],[17.121021,48.153996],[17.12068,48.153875],[17.120354,48.153989],[17.119267,48.153227],[17.118763,48.153354],[17.119193,48.154702],[17.118736,48.154769],[17.117567,48.154881],[17.116469,48.154607],[17.115935,48.154537]]]]}},{"type":"Feature","properties":{"kind":"okrsok","area":"yes","src":"flourish-2023","okrsok":"27","mcnorm":"staremesto","obec":"Staré Mesto","name":"Staré Mesto okrsok 27","volici":"1238","ucast_rel":"77.05","vitaz":"PS"},"geometry":{"type":"MultiPolygon","coordinates":[[[[17.119592,48.152941],[17.119267,48.153227],[17.120354,48.153989],[17.12068,48.153875],[17.121021,48.153996],[17.120891,48.154039],[17.121096,48.154241],[17.12119,48.154205],[17.121693,48.154454],[17.121975,48.154356],[17.12236,48.154072],[17.123153,48.154678],[17.123399,48.154519],[17.124866,48.155751],[17.125059,48.155271],[17.123823,48.154387],[17.124494,48.153863],[17.124142,48.153787],[17.123602,48.154163],[17.122727,48.153497],[17.122416,48.153634],[17.121876,48.153238],[17.122048,48.15311],[17.12188,48.152965],[17.122015,48.152864],[17.120812,48.152138],[17.120199,48.152531],[17.11981,48.152122],[17.119202,48.152562],[17.119116,48.152523],[17.118966,48.152622],[17.119592,48.152941]]]]}},{"type":"Feature","properties":{"kind":"okrsok","area":"yes","src":"flourish-2023","okrsok":"28","mcnorm":"staremesto","obec":"Staré Mesto","name":"Staré Mesto okrsok 28","volici":"993","ucast_rel":"76.63","vitaz":"PS"},"geometry":{"type":"MultiPolygon","coordinates":[[[[17.125855,48.152032],[17.125766,48.151756],[17.125292,48.151817],[17.124973,48.15168],[17.124596,48.15209],[17.12395,48.151806],[17.123353,48.151893],[17.122723,48.151615],[17.12197,48.152412],[17.121573,48.152251],[17.121794,48.152022],[17.121068,48.151721],[17.120937,48.151806],[17.120771,48.15175],[17.12061,48.151877],[17.120947,48.15202],[17.120812,48.152138],[17.122015,48.152864],[17.12188,48.152965],[17.122048,48.15311],[17.121876,48.153238],[17.122416,48.153634],[17.122727,48.153497],[17.123602,48.154163],[17.124142,48.153787],[17.124494,48.153863],[17.123823,48.154387],[17.125059,48.155271],[17.125636,48.153837],[17.125855,48.152032]]]]}},{"type":"Feature","properties":{"kind":"okrsok","area":"yes","src":"flourish-2023","okrsok":"29","mcnorm":"staremesto","obec":"Staré Mesto","name":"Staré Mesto okrsok 29","volici":"1301","ucast_rel":"84.7","vitaz":"PS"},"geometry":{"type":"MultiPolygon","coordinates":[[[[17.11981,48.152122],[17.120199,48.152531],[17.120812,48.152138],[17.120947,48.15202],[17.12061,48.151877],[17.120771,48.15175],[17.120937,48.151806],[17.121068,48.151721],[17.121794,48.152022],[17.121573,48.152251],[17.12197,48.152412],[17.122723,48.151615],[17.123353,48.151893],[17.12395,48.151806],[17.124596,48.15209],[17.124973,48.15168],[17.125292,48.151817],[17.125766,48.151756],[17.125618,48.151296],[17.125484,48.151315],[17.125108,48.151211],[17.125005,48.150916],[17.125328,48.150873],[17.125247,48.150559],[17.124952,48.15045],[17.124592,48.149715],[17.123884,48.149838],[17.123823,48.149478],[17.124978,48.149303],[17.124648,48.148279],[17.124517,48.147894],[17.123365,48.14807],[17.122346,48.149306],[17.122048,48.149344],[17.12188,48.149442],[17.121557,48.149991],[17.119724,48.151238],[17.119724,48.151238],[17.119724,48.151238],[17.119331,48.151508],[17.119104,48.151377],[17.118803,48.15161],[17.11981,48.152122]]]]}},{"type":"Feature","properties":{"kind":"okrsok","area":"yes","src":"flourish-2023","okrsok":"30","mcnorm":"staremesto","obec":"Staré Mesto","name":"Staré Mesto okrsok 30","volici":"1012","ucast_rel":"76.77","vitaz":"PS"},"geometry":{"type":"MultiPolygon","coordinates":[[[[17.118521,48.150673],[17.119724,48.151238],[17.121557,48.149991],[17.121687,48.14977],[17.12009,48.149602],[17.120295,48.148865],[17.122472,48.149154],[17.123365,48.14807],[17.121759,48.146933],[17.119542,48.146177],[17.119681,48.145964],[17.116853,48.145021],[17.116094,48.14609],[17.115817,48.146012],[17.115517,48.145851],[17.115628,48.145625],[17.114934,48.145286],[17.114737,48.145445],[17.1153,48.145883],[17.115458,48.146366],[17.115811,48.146541],[17.116204,48.146357],[17.117212,48.147329],[17.116342,48.147679],[17.116708,48.148052],[17.116383,48.148209],[17.116287,48.148372],[17.116125,48.148455],[17.116094,48.148593],[17.114882,48.149372],[17.115742,48.149658],[17.115729,48.149826],[17.116153,48.149854],[17.117147,48.150194],[17.117368,48.150391],[17.117607,48.150374],[17.118257,48.150861],[17.118521,48.150673]],[[17.1189,48.147042],[17.11854,48.146906],[17.119031,48.146163],[17.119465,48.146294],[17.1189,48.147042]]]]}},{"type":"Feature","properties":{"kind":"okrsok","area":"yes","src":"flourish-2023","okrsok":"31","mcnorm":"staremesto","obec":"Staré Mesto","name":"Staré Mesto okrsok 31","volici":"1071","ucast_rel":"72.45","vitaz":"PS"},"geometry":{"type":"MultiPolygon","coordinates":[[[[17.121759,48.146933],[17.122156,48.146373],[17.121821,48.146349],[17.122164,48.145724],[17.122516,48.145746],[17.122463,48.145806],[17.123027,48.14592],[17.122905,48.146133],[17.123105,48.146182],[17.123739,48.146084],[17.123608,48.145707],[17.12243,48.145325],[17.121502,48.143982],[17.121297,48.143851],[17.121391,48.143734],[17.121641,48.143813],[17.121853,48.143483],[17.121841,48.143163],[17.121698,48.143065],[17.12133,48.143092],[17.121064,48.143371],[17.121465,48.143505],[17.121322,48.143709],[17.121023,48.143611],[17.120135,48.144774],[17.118965,48.144403],[17.118892,48.144512],[17.118311,48.144375],[17.11852,48.14404],[17.118086,48.143914],[17.117902,48.14428],[17.118168,48.144389],[17.11807,48.14452],[17.117906,48.144465],[17.117448,48.144979],[17.117677,48.145093],[17.117539,48.14525],[17.119681,48.145964],[17.119542,48.146177],[17.121759,48.146933]]],[[[17.11854,48.146906],[17.1189,48.147042],[17.119465,48.146294],[17.119031,48.146163],[17.11854,48.146906]]]]}},{"type":"Feature","properties":{"kind":"okrsok","area":"yes","src":"flourish-2023","okrsok":"32","mcnorm":"staremesto","obec":"Staré Mesto","name":"Staré Mesto okrsok 32","volici":"1296","ucast_rel":"71.83","vitaz":"PS"},"geometry":{"type":"MultiPolygon","coordinates":[[[[17.130206,48.142273],[17.122434,48.142749],[17.121698,48.143065],[17.121841,48.143163],[17.121853,48.143483],[17.121641,48.143813],[17.121391,48.143734],[17.121297,48.143851],[17.121502,48.143982],[17.12243,48.145325],[17.123608,48.145707],[17.123739,48.146084],[17.123105,48.146182],[17.122905,48.146133],[17.123027,48.14592],[17.122463,48.145806],[17.122516,48.145746],[17.122164,48.145724],[17.121821,48.146349],[17.122156,48.146373],[17.121759,48.146933],[17.123365,48.14807],[17.124517,48.147894],[17.124048,48.146515],[17.130279,48.145845],[17.130869,48.145785],[17.131636,48.145699],[17.132087,48.145651],[17.130206,48.142273]]],[[[17.120295,48.148865],[17.12009,48.149602],[17.121687,48.14977],[17.12188,48.149442],[17.122048,48.149344],[17.122346,48.149306],[17.122472,48.149154],[17.120295,48.148865]]],[[[17.125108,48.151211],[17.125484,48.151315],[17.125618,48.151296],[17.124978,48.149303],[17.123823,48.149478],[17.123884,48.149838],[17.124592,48.149715],[17.124952,48.15045],[17.125247,48.150559],[17.125328,48.150873],[17.125328,48.150873],[17.125328,48.150873],[17.125005,48.150916],[17.125108,48.151211]]]]}},{"type":"Feature","properties":{"kind":"okrsok","area":"yes","src":"flourish-2023","okrsok":"33","mcnorm":"staremesto","obec":"Staré Mesto","name":"Staré Mesto okrsok 33","volici":"1139","ucast_rel":"75.85","vitaz":"PS"},"geometry":{"type":"MultiPolygon","coordinates":[[[[17.116352,48.140953],[17.117092,48.141198],[17.116977,48.141561],[17.117742,48.141703],[17.11782,48.141507],[17.11819,48.141651],[17.118057,48.14182],[17.117976,48.142285],[17.117566,48.142197],[17.11735,48.142688],[17.117812,48.142817],[17.117661,48.143092],[17.117444,48.143521],[17.11755,48.143797],[17.11728,48.143728],[17.117202,48.143906],[17.11735,48.143963],[17.117284,48.144141],[17.116875,48.14407],[17.116716,48.144476],[17.11768,48.144718],[17.117906,48.144465],[17.11807,48.14452],[17.118168,48.144389],[17.117902,48.14428],[17.118086,48.143914],[17.11852,48.14404],[17.118311,48.144375],[17.118892,48.144512],[17.118965,48.144403],[17.120135,48.144774],[17.121023,48.143611],[17.121322,48.143709],[17.121465,48.143505],[17.121064,48.143371],[17.12133,48.143092],[17.121698,48.143065],[17.122434,48.142749],[17.130206,48.142273],[17.128947,48.140265],[17.11926,48.140974],[17.119031,48.139948],[17.116518,48.140027],[17.116352,48.140953]]]]}},{"type":"Feature","properties":{"kind":"okrsok","area":"yes","src":"flourish-2023","okrsok":"34","mcnorm":"staremesto","obec":"Staré Mesto","name":"Staré Mesto okrsok 34","volici":"972","ucast_rel":"76.64","vitaz":"PS"},"geometry":{"type":"MultiPolygon","coordinates":[[[[17.113795,48.142625],[17.113084,48.142819],[17.113111,48.14286],[17.113111,48.14286],[17.113111,48.14286],[17.112842,48.142966],[17.112511,48.143086],[17.112842,48.143284],[17.112842,48.143284],[17.112842,48.143284],[17.112614,48.143463],[17.112601,48.143684],[17.113878,48.144188],[17.113712,48.144372],[17.115327,48.144648],[17.11657,48.144948],[17.116853,48.145021],[17.117539,48.14525],[17.117677,48.145093],[17.117448,48.144979],[17.11768,48.144718],[17.116716,48.144476],[17.116875,48.14407],[17.117284,48.144141],[17.11735,48.143963],[17.117202,48.143906],[17.11728,48.143728],[17.11755,48.143797],[17.117444,48.143521],[17.117661,48.143092],[17.117812,48.142817],[17.11735,48.142688],[17.117566,48.142197],[17.117976,48.142285],[17.118057,48.14182],[17.11819,48.141651],[17.11782,48.141507],[17.117742,48.141703],[17.116977,48.141561],[17.117092,48.141198],[17.116352,48.140953],[17.11598,48.140879],[17.115676,48.141368],[17.11609,48.141363],[17.115904,48.141506],[17.115441,48.141538],[17.115241,48.141732],[17.115393,48.141791],[17.115068,48.142049],[17.114806,48.141842],[17.114375,48.142162],[17.113795,48.142625]]]]}},{"type":"Feature","properties":{"kind":"okrsok","area":"yes","src":"flourish-2023","okrsok":"1","mcnorm":"vajnory","obec":"Vajnory","name":"Vajnory okrsok 1","volici":"969","ucast_rel":"68.62","vitaz":"PS"},"geometry":{"type":"MultiPolygon","coordinates":[[[[17.199359,48.208482],[17.20037,48.207857],[17.200173,48.207694],[17.200484,48.207503],[17.203315,48.206151],[17.203532,48.205965],[17.203348,48.205807],[17.203499,48.204578],[17.204178,48.204376],[17.203532,48.203934],[17.203622,48.203591],[17.204006,48.203275],[17.203712,48.203106],[17.203434,48.203335],[17.20075,48.20201],[17.201347,48.201481],[17.201167,48.201399],[17.201364,48.201197],[17.201045,48.201006],[17.201176,48.200903],[17.198476,48.199659],[17.197576,48.200434],[17.197838,48.200554],[17.197134,48.201317],[17.199523,48.20244],[17.199719,48.202789],[17.200636,48.203455],[17.202092,48.204327],[17.201699,48.204512],[17.201405,48.205614],[17.20255,48.205636],[17.200194,48.206617],[17.200717,48.206988],[17.198787,48.208056],[17.199359,48.208482]]],[[[17.199756,48.198217],[17.202996,48.199733],[17.203258,48.199449],[17.202963,48.199286],[17.203634,48.198604],[17.200771,48.197284],[17.199756,48.198217]]],[[[17.210437,48.207261],[17.210723,48.207435],[17.211059,48.207206],[17.21078,48.206999],[17.210437,48.207261]]]]}},{"type":"Feature","properties":{"kind":"okrsok","area":"yes","src":"flourish-2023","okrsok":"2","mcnorm":"vajnory","obec":"Vajnory","name":"Vajnory okrsok 2","volici":"880","ucast_rel":"83.18","vitaz":"PS"},"geometry":{"type":"MultiPolygon","coordinates":[[[[17.199756,48.198217],[17.199224,48.198664],[17.201065,48.19988],[17.201801,48.200185],[17.201916,48.200131],[17.202227,48.200425],[17.202644,48.200011],[17.20203,48.199673],[17.202272,48.199394],[17.199756,48.198217]]],[[[17.20642,48.202163],[17.206894,48.201912],[17.20671,48.201721],[17.207295,48.201443],[17.207884,48.201645],[17.208081,48.201519],[17.208543,48.201647],[17.209475,48.201462],[17.209312,48.201113],[17.21049,48.200219],[17.210866,48.200208],[17.211554,48.199357],[17.211783,48.198441],[17.211128,48.198299],[17.21157,48.197012],[17.210866,48.196914],[17.210817,48.196587],[17.210277,48.196663],[17.209557,48.196652],[17.209721,48.196074],[17.20887,48.195943],[17.20887,48.195867],[17.207676,48.19567],[17.207774,48.195474],[17.206285,48.1953],[17.206121,48.195856],[17.204681,48.195376],[17.204239,48.196281],[17.204959,48.196434],[17.20473,48.197072],[17.205123,48.19717],[17.204894,48.197691],[17.204518,48.197604],[17.204289,48.198097],[17.204722,48.198315],[17.204415,48.198782],[17.204129,48.198624],[17.20381,48.198994],[17.20426,48.199218],[17.203802,48.199703],[17.205127,48.200249],[17.205454,48.199932],[17.20714,48.200619],[17.206297,48.201601],[17.206035,48.201552],[17.205782,48.201721],[17.20642,48.202163]],[[17.206751,48.19996],[17.205827,48.199594],[17.206162,48.198798],[17.206506,48.198858],[17.206596,48.198673],[17.206236,48.198558],[17.206686,48.197326],[17.207029,48.196311],[17.207389,48.196347],[17.207442,48.196216],[17.208203,48.19642],[17.207168,48.198591],[17.206751,48.19996]]]]}},{"type":"Feature","properties":{"kind":"okrsok","area":"yes","src":"flourish-2023","okrsok":"3","mcnorm":"vajnory","obec":"Vajnory","name":"Vajnory okrsok 3","volici":"880","ucast_rel":"79.65","vitaz":"PS"},"geometry":{"type":"MultiPolygon","coordinates":[[[[17.199224,48.198664],[17.198864,48.199016],[17.199102,48.199174],[17.198476,48.199659],[17.201176,48.200903],[17.201176,48.200903],[17.201176,48.200903],[17.201045,48.201006],[17.201364,48.201197],[17.201589,48.201001],[17.203634,48.201901],[17.203429,48.202092],[17.204141,48.202419],[17.204493,48.202173],[17.205974,48.202713],[17.207258,48.202184],[17.208739,48.202648],[17.209345,48.201917],[17.208543,48.201647],[17.208081,48.201519],[17.207884,48.201645],[17.207295,48.201443],[17.20671,48.201721],[17.206894,48.201912],[17.20642,48.202163],[17.205782,48.201721],[17.206035,48.201552],[17.206297,48.201601],[17.20714,48.200619],[17.205454,48.199932],[17.205127,48.200249],[17.203802,48.199703],[17.20426,48.199218],[17.20381,48.198994],[17.204129,48.198624],[17.204415,48.198782],[17.204722,48.198315],[17.204289,48.198097],[17.204518,48.197604],[17.204894,48.197691],[17.205123,48.19717],[17.20473,48.197072],[17.204959,48.196434],[17.204239,48.196281],[17.204239,48.196281],[17.204239,48.196281],[17.203337,48.198467],[17.203634,48.198604],[17.202963,48.199286],[17.203258,48.199449],[17.202996,48.199733],[17.202272,48.199394],[17.20203,48.199673],[17.202644,48.200011],[17.202227,48.200425],[17.201916,48.200131],[17.201801,48.200185],[17.201065,48.19988],[17.199224,48.198664]]],[[[17.209811,48.204783],[17.211901,48.205895],[17.211607,48.2062],[17.21204,48.206446],[17.211918,48.206582],[17.21222,48.206724],[17.212548,48.206369],[17.213603,48.206805],[17.214961,48.207313],[17.21483,48.207482],[17.216949,48.208272],[17.219608,48.209095],[17.219772,48.208719],[17.219862,48.208207],[17.218872,48.207918],[17.217317,48.207198],[17.215043,48.206418],[17.214609,48.206876],[17.214176,48.206729],[17.214364,48.206555],[17.214069,48.206397],[17.214617,48.205857],[17.213349,48.205181],[17.212899,48.205579],[17.210993,48.204499],[17.211725,48.204025],[17.21141,48.203798],[17.210494,48.204311],[17.209811,48.204783]]],[[[17.205827,48.199594],[17.206751,48.19996],[17.207168,48.198591],[17.208203,48.19642],[17.207442,48.196216],[17.207389,48.196347],[17.207029,48.196311],[17.206686,48.197326],[17.206236,48.198558],[17.206596,48.198673],[17.206506,48.198858],[17.206162,48.198798],[17.205827,48.199594]]]]}},{"type":"Feature","properties":{"kind":"okrsok","area":"yes","src":"flourish-2023","okrsok":"4","mcnorm":"vajnory","obec":"Vajnory","name":"Vajnory okrsok 4","volici":"929","ucast_rel":"72.65","vitaz":"PS"},"geometry":{"type":"MultiPolygon","coordinates":[[[[17.201347,48.201481],[17.20075,48.20201],[17.203434,48.203335],[17.203712,48.203106],[17.204006,48.203275],[17.205667,48.204562],[17.206035,48.204327],[17.207851,48.205478],[17.20849,48.206187],[17.208997,48.205985],[17.20916,48.206127],[17.208146,48.206481],[17.208342,48.206721],[17.20885,48.207195],[17.209226,48.20719],[17.20934,48.207675],[17.209848,48.207719],[17.210224,48.20755],[17.210576,48.207724],[17.210551,48.208068],[17.21105,48.208357],[17.211648,48.208291],[17.212032,48.208482],[17.212507,48.208444],[17.212376,48.208253],[17.212793,48.20785],[17.213497,48.208057],[17.21339,48.208231],[17.217882,48.209747],[17.218291,48.209262],[17.219469,48.209371],[17.219608,48.209095],[17.216949,48.208272],[17.21483,48.207482],[17.214961,48.207313],[17.213603,48.206805],[17.212548,48.206369],[17.21222,48.206724],[17.211918,48.206582],[17.21204,48.206446],[17.211607,48.2062],[17.211901,48.205895],[17.209811,48.204783],[17.210494,48.204311],[17.208232,48.20297],[17.208739,48.202648],[17.207258,48.202184],[17.205974,48.202713],[17.204493,48.202173],[17.204141,48.202419],[17.203429,48.202092],[17.203634,48.201901],[17.201589,48.201001],[17.201364,48.201197],[17.201167,48.201399],[17.201347,48.201481]],[[17.210723,48.207435],[17.210437,48.207261],[17.21078,48.206999],[17.211059,48.207206],[17.210723,48.207435]]],[[[17.214617,48.205857],[17.214069,48.206397],[17.214364,48.206555],[17.214176,48.206729],[17.214609,48.206876],[17.215043,48.206418],[17.214683,48.206252],[17.214847,48.205985],[17.214617,48.205857]]]]}},{"type":"Feature","properties":{"kind":"okrsok","area":"yes","src":"flourish-2023","okrsok":"5","mcnorm":"vajnory","obec":"Vajnory","name":"Vajnory okrsok 5","volici":"874","ucast_rel":"75.74","vitaz":"PS"},"geometry":{"type":"MultiPolygon","coordinates":[[[[17.200135,48.208003],[17.201446,48.208853],[17.20183,48.209104],[17.201298,48.209436],[17.203474,48.210292],[17.204497,48.20858],[17.204906,48.208929],[17.20525,48.209649],[17.205937,48.21027],[17.206313,48.210854],[17.207614,48.210347],[17.207377,48.209682],[17.212458,48.208907],[17.214601,48.209622],[17.214879,48.209262],[17.217563,48.210134],[17.217882,48.209747],[17.21339,48.208231],[17.213497,48.208057],[17.212793,48.20785],[17.212376,48.208253],[17.212507,48.208444],[17.212032,48.208482],[17.211648,48.208291],[17.21105,48.208357],[17.210551,48.208068],[17.210576,48.207724],[17.210224,48.20755],[17.209848,48.207719],[17.20934,48.207675],[17.209226,48.20719],[17.20885,48.207195],[17.208342,48.206721],[17.208146,48.206481],[17.20916,48.206127],[17.208997,48.205985],[17.20849,48.206187],[17.207851,48.205478],[17.206035,48.204327],[17.205667,48.204562],[17.204006,48.203275],[17.203622,48.203591],[17.203532,48.203934],[17.204178,48.204376],[17.203499,48.204578],[17.203348,48.205807],[17.203532,48.205965],[17.203315,48.206151],[17.200484,48.207503],[17.200173,48.207694],[17.20037,48.207857],[17.200135,48.208003]]]]}},{"type":"Feature","properties":{"kind":"okrsok","area":"yes","src":"flourish-2023","okrsok":"2","mcnorm":"vrakuna","obec":"Vrakuňa","name":"Vrakuňa okrsok 2","volici":"1312","ucast_rel":"81.93","vitaz":"PS"},"geometry":{"type":"MultiPolygon","coordinates":[[[[17.192588,48.140592],[17.192588,48.140592],[17.19215,48.141003],[17.189812,48.143637],[17.188988,48.144095],[17.187143,48.144915],[17.186666,48.145462],[17.186666,48.145462],[17.185622,48.146591],[17.182421,48.148826],[17.180895,48.149601],[17.18133,48.15295],[17.18279,48.153305],[17.185045,48.15523],[17.187848,48.15378],[17.187532,48.15333],[17.189479,48.152413],[17.189168,48.150328],[17.191181,48.148865],[17.191557,48.149171],[17.192367,48.148783],[17.192997,48.149067],[17.194364,48.148166],[17.194887,48.147598],[17.195313,48.147484],[17.196499,48.146987],[17.196515,48.147511],[17.197031,48.147511],[17.197047,48.147948],[17.197415,48.147959],[17.197432,48.147544],[17.197939,48.147536],[17.198839,48.147356],[17.199575,48.147612],[17.199608,48.147901],[17.200344,48.147798],[17.202529,48.147743],[17.20252,48.147923],[17.203003,48.148218],[17.203093,48.14842],[17.203355,48.14973],[17.200565,48.150582],[17.198912,48.150576],[17.19744,48.151378],[17.197194,48.151187],[17.196528,48.151512],[17.197055,48.151935],[17.195979,48.152487],[17.196016,48.152527],[17.195574,48.152713],[17.195967,48.153084],[17.19492,48.153592],[17.195452,48.154116],[17.194233,48.15482],[17.194724,48.155158],[17.202447,48.153499],[17.202725,48.153919],[17.204279,48.153586],[17.209237,48.155808],[17.209769,48.155393],[17.207535,48.154443],[17.208403,48.153608],[17.207977,48.153417],[17.209474,48.15196],[17.210227,48.151076],[17.208656,48.150508],[17.20882,48.150268],[17.208337,48.150115],[17.206161,48.148439],[17.205408,48.147478],[17.202332,48.145491],[17.198732,48.14429],[17.195867,48.142731],[17.193044,48.140889],[17.193044,48.140889],[17.192588,48.140592]]]]}},{"type":"Feature","properties":{"kind":"okrsok","area":"yes","src":"flourish-2023","okrsok":"1","mcnorm":"vrakuna","obec":"Vrakuňa","name":"Vrakuňa okrsok 1","volici":"1454","ucast_rel":"71.32","vitaz":"PS"},"geometry":{"type":"MultiPolygon","coordinates":[[[[17.188951,48.155014],[17.190461,48.154432],[17.190985,48.154072],[17.193113,48.155556],[17.194233,48.15482],[17.195452,48.154116],[17.19492,48.153592],[17.195967,48.153084],[17.195574,48.152713],[17.195988,48.152496],[17.195979,48.152487],[17.197055,48.151935],[17.196528,48.151512],[17.197194,48.151187],[17.19744,48.151378],[17.198912,48.150576],[17.200565,48.150582],[17.203355,48.14973],[17.203093,48.14842],[17.203003,48.148218],[17.20252,48.147923],[17.202529,48.147743],[17.200344,48.147798],[17.199608,48.147901],[17.199575,48.147612],[17.198839,48.147356],[17.197939,48.147536],[17.197432,48.147544],[17.197415,48.147959],[17.197047,48.147948],[17.197031,48.147511],[17.196515,48.147511],[17.196499,48.146987],[17.195313,48.147484],[17.194887,48.147598],[17.194364,48.148166],[17.192997,48.149067],[17.192367,48.148783],[17.191557,48.149171],[17.191181,48.148865],[17.189168,48.150328],[17.189479,48.152413],[17.187532,48.15333],[17.187848,48.15378],[17.188951,48.155014]]]]}},{"type":"Feature","properties":{"kind":"okrsok","area":"yes","src":"flourish-2023","okrsok":"3","mcnorm":"vrakuna","obec":"Vrakuňa","name":"Vrakuňa okrsok 3","volici":"1308","ucast_rel":"76.98","vitaz":"PS"},"geometry":{"type":"MultiPolygon","coordinates":[[[[17.213616,48.145815],[17.213843,48.147399],[17.213107,48.14741],[17.212845,48.148196],[17.210702,48.147781],[17.210276,48.148338],[17.20792,48.147585],[17.206971,48.147197],[17.206693,48.146591],[17.206717,48.145336],[17.205768,48.145401],[17.204926,48.144086],[17.204296,48.142655],[17.204173,48.142661],[17.203617,48.141493],[17.203293,48.141544],[17.20322,48.141211],[17.203371,48.141195],[17.203289,48.14001],[17.202811,48.140065],[17.202781,48.14058],[17.202162,48.140604],[17.201895,48.140993],[17.20204,48.141828],[17.202441,48.141933],[17.202805,48.142995],[17.202465,48.143286],[17.20255,48.143603],[17.200085,48.144008],[17.199271,48.143457],[17.198126,48.142221],[17.197871,48.14197],[17.195867,48.142731],[17.198732,48.14429],[17.202332,48.145491],[17.205408,48.147478],[17.206161,48.148439],[17.208337,48.150115],[17.20882,48.150268],[17.210428,48.150683],[17.212637,48.151305],[17.215467,48.151665],[17.217611,48.152222],[17.218674,48.15256],[17.218003,48.151654],[17.218233,48.150366],[17.219836,48.150868],[17.222826,48.147901],[17.223628,48.147825],[17.224692,48.147345],[17.224397,48.146995],[17.219079,48.147345],[17.218852,48.145526],[17.213616,48.145815]]],[[[17.209012,48.140124],[17.209,48.139627],[17.208853,48.139392],[17.20875,48.13934],[17.20772,48.139433],[17.207613,48.139051],[17.207278,48.1391],[17.20745,48.138761],[17.206128,48.138213],[17.20522,48.137869],[17.205089,48.138688],[17.205449,48.139922],[17.206104,48.140094],[17.206619,48.139731],[17.206713,48.14005],[17.206877,48.140034],[17.206926,48.14041],[17.207433,48.140364],[17.207883,48.140337],[17.207842,48.140173],[17.20817,48.140129],[17.20835,48.140249],[17.209012,48.140124]]]]}},{"type":"Feature","properties":{"kind":"okrsok","area":"yes","src":"flourish-2023","okrsok":"4","mcnorm":"vrakuna","obec":"Vrakuňa","name":"Vrakuňa okrsok 4","volici":"1286","ucast_rel":"69.44","vitaz":"PS"},"geometry":{"type":"MultiPolygon","coordinates":[[[[17.209249,48.145404],[17.209143,48.144809],[17.208963,48.144814],[17.208865,48.144443],[17.208554,48.142445],[17.2083,48.142462],[17.208251,48.142156],[17.206705,48.142276],[17.207024,48.143723],[17.207687,48.143674],[17.207875,48.144525],[17.207122,48.144618],[17.207278,48.145541],[17.209249,48.145404]]]]}},{"type":"Feature","properties":{"kind":"okrsok","area":"yes","src":"flourish-2023","okrsok":"5","mcnorm":"vrakuna","obec":"Vrakuňa","name":"Vrakuňa okrsok 5","volici":"1329","ucast_rel":"69.67","vitaz":"PS"},"geometry":{"type":"MultiPolygon","coordinates":[[[[17.210276,48.148338],[17.210702,48.147781],[17.210657,48.147139],[17.210362,48.14698],[17.210632,48.146729],[17.210501,48.145474],[17.210321,48.144376],[17.21019,48.144316],[17.210419,48.144071],[17.210861,48.144256],[17.211794,48.143094],[17.212506,48.142384],[17.212072,48.142187],[17.212555,48.14162],[17.211532,48.141308],[17.210305,48.142526],[17.209822,48.142357],[17.209569,48.140599],[17.209078,48.140375],[17.209012,48.140124],[17.20835,48.140249],[17.20817,48.140129],[17.207842,48.140173],[17.207883,48.140337],[17.207433,48.140364],[17.207548,48.141035],[17.206296,48.141139],[17.206411,48.141688],[17.207143,48.141641],[17.20729,48.142231],[17.208251,48.142156],[17.2083,48.142462],[17.208554,48.142445],[17.208865,48.144443],[17.208963,48.144814],[17.209143,48.144809],[17.209249,48.145404],[17.207912,48.145497],[17.207981,48.146148],[17.20857,48.146705],[17.208816,48.147392],[17.20824,48.147687],[17.210276,48.148338]]],[[[17.207278,48.1391],[17.207613,48.139051],[17.20772,48.139433],[17.20875,48.13934],[17.20745,48.138761],[17.207278,48.1391]]]]}},{"type":"Feature","properties":{"kind":"okrsok","area":"yes","src":"flourish-2023","okrsok":"6","mcnorm":"vrakuna","obec":"Vrakuňa","name":"Vrakuňa okrsok 6","volici":"1068","ucast_rel":"71.81","vitaz":"PS"},"geometry":{"type":"MultiPolygon","coordinates":[[[[17.20824,48.147687],[17.208816,48.147392],[17.20857,48.146705],[17.207981,48.146148],[17.207912,48.145497],[17.207278,48.145541],[17.207122,48.144618],[17.207875,48.144525],[17.207687,48.143674],[17.207024,48.143723],[17.206705,48.142276],[17.206705,48.142276],[17.20729,48.142231],[17.207143,48.141641],[17.206411,48.141688],[17.206296,48.141139],[17.207548,48.141035],[17.207433,48.140364],[17.206926,48.14041],[17.206877,48.140034],[17.206713,48.14005],[17.206619,48.139731],[17.206104,48.140094],[17.206198,48.1402],[17.205895,48.140509],[17.205948,48.141076],[17.205803,48.141095],[17.20584,48.141431],[17.203681,48.141628],[17.203951,48.142196],[17.20594,48.142023],[17.206394,48.144644],[17.206717,48.145336],[17.206693,48.146591],[17.206971,48.147197],[17.20792,48.147585],[17.20824,48.147687]]]]}},{"type":"Feature","properties":{"kind":"okrsok","area":"yes","src":"flourish-2023","okrsok":"7","mcnorm":"vrakuna","obec":"Vrakuňa","name":"Vrakuňa okrsok 7","volici":"1131","ucast_rel":"71.26","vitaz":"PS"},"geometry":{"type":"MultiPolygon","coordinates":[[[[17.205768,48.145401],[17.206717,48.145336],[17.206394,48.144644],[17.20594,48.142023],[17.203951,48.142196],[17.204173,48.142661],[17.204296,48.142655],[17.204926,48.144086],[17.205768,48.145401]]]]}},{"type":"Feature","properties":{"kind":"okrsok","area":"yes","src":"flourish-2023","okrsok":"8","mcnorm":"vrakuna","obec":"Vrakuňa","name":"Vrakuňa okrsok 8","volici":"1429","ucast_rel":"43.52","vitaz":"Smer"},"geometry":{"type":"MultiPolygon","coordinates":[[[[17.203801,48.137916],[17.203106,48.138687],[17.202863,48.139117],[17.202839,48.139579],[17.202811,48.140065],[17.203289,48.14001],[17.203371,48.141195],[17.20322,48.141211],[17.203293,48.141544],[17.203617,48.141493],[17.203681,48.141628],[17.203681,48.141628],[17.203681,48.141628],[17.20584,48.141431],[17.205803,48.141095],[17.205948,48.141076],[17.205895,48.140509],[17.206198,48.1402],[17.206104,48.140094],[17.205449,48.139922],[17.205089,48.138688],[17.20522,48.137869],[17.204275,48.13739],[17.203801,48.137916]]]]}},{"type":"Feature","properties":{"kind":"okrsok","area":"yes","src":"flourish-2023","okrsok":"9","mcnorm":"vrakuna","obec":"Vrakuňa","name":"Vrakuňa okrsok 9","volici":"1048","ucast_rel":"69.17","vitaz":"PS"},"geometry":{"type":"MultiPolygon","coordinates":[[[[17.213036,48.137399],[17.211872,48.138573],[17.212223,48.138748],[17.210554,48.140544],[17.211397,48.140915],[17.212452,48.139758],[17.212919,48.139971],[17.213688,48.139152],[17.214768,48.139616],[17.215699,48.138613],[17.213036,48.137399]]],[[[17.210501,48.145474],[17.210923,48.145397],[17.211389,48.144829],[17.210321,48.144376],[17.210501,48.145474]]]]}},{"type":"Feature","properties":{"kind":"okrsok","area":"yes","src":"flourish-2023","okrsok":"10","mcnorm":"vrakuna","obec":"Vrakuňa","name":"Vrakuňa okrsok 10","volici":"1339","ucast_rel":"67.06","vitaz":"PS"},"geometry":{"type":"MultiPolygon","coordinates":[[[[17.210554,48.140544],[17.212223,48.138748],[17.211872,48.138573],[17.211872,48.138573],[17.211872,48.138573],[17.210923,48.138131],[17.210055,48.138988],[17.209466,48.138759],[17.208853,48.139392],[17.209,48.139627],[17.209012,48.140124],[17.209012,48.140124],[17.209078,48.140375],[17.209569,48.140599],[17.210227,48.140872],[17.210554,48.140544]]],[[[17.204275,48.13739],[17.20522,48.137869],[17.206128,48.138213],[17.206611,48.1377],[17.206169,48.137536],[17.206366,48.13735],[17.205875,48.137143],[17.207159,48.135789],[17.208779,48.136455],[17.208493,48.136766],[17.207781,48.136471],[17.207216,48.13705],[17.208632,48.137585],[17.20745,48.138761],[17.20745,48.138761],[17.208087,48.139045],[17.20999,48.136973],[17.212389,48.138052],[17.213036,48.137399],[17.209028,48.13568],[17.206806,48.134742],[17.206529,48.13508],[17.205459,48.13625],[17.204627,48.137051],[17.204627,48.137051],[17.204275,48.13739]]]]}},{"type":"Feature","properties":{"kind":"okrsok","area":"yes","src":"flourish-2023","okrsok":"11","mcnorm":"vrakuna","obec":"Vrakuňa","name":"Vrakuňa okrsok 11","volici":"1076","ucast_rel":"72.21","vitaz":"PS"},"geometry":{"type":"MultiPolygon","coordinates":[[[[17.212452,48.139758],[17.21156,48.140736],[17.21332,48.141538],[17.213033,48.141821],[17.214072,48.142302],[17.212829,48.143699],[17.213647,48.144071],[17.216887,48.139791],[17.218559,48.136152],[17.217872,48.135854],[17.216364,48.138916],[17.215699,48.138613],[17.214768,48.139616],[17.213688,48.139152],[17.212919,48.139971],[17.212452,48.139758]]]]}},{"type":"Feature","properties":{"kind":"okrsok","area":"yes","src":"flourish-2023","okrsok":"12","mcnorm":"vrakuna","obec":"Vrakuňa","name":"Vrakuňa okrsok 12","volici":"1167","ucast_rel":"70.09","vitaz":"Smer"},"geometry":{"type":"MultiPolygon","coordinates":[[[[17.210321,48.144376],[17.211389,48.144829],[17.210923,48.145397],[17.210501,48.145474],[17.210632,48.146729],[17.211295,48.146969],[17.213647,48.144071],[17.212829,48.143699],[17.214072,48.142302],[17.213443,48.142011],[17.213091,48.142367],[17.212657,48.142176],[17.212506,48.142384],[17.211794,48.143094],[17.210861,48.144256],[17.210419,48.144071],[17.21019,48.144316],[17.210321,48.144376]]],[[[17.206128,48.138213],[17.20745,48.138761],[17.20745,48.138761],[17.20745,48.138761],[17.20745,48.138761],[17.20745,48.138761],[17.208632,48.137585],[17.207216,48.13705],[17.207781,48.136471],[17.208493,48.136766],[17.208779,48.136455],[17.207159,48.135789],[17.205875,48.137143],[17.206366,48.13735],[17.206169,48.137536],[17.206611,48.1377],[17.206128,48.138213]]]]}},{"type":"Feature","properties":{"kind":"okrsok","area":"yes","src":"flourish-2023","okrsok":"13","mcnorm":"vrakuna","obec":"Vrakuňa","name":"Vrakuňa okrsok 13","volici":"1213","ucast_rel":"61.83","vitaz":"PS"},"geometry":{"type":"MultiPolygon","coordinates":[[[[17.213091,48.142367],[17.213443,48.142011],[17.213033,48.141821],[17.21332,48.141538],[17.21156,48.140736],[17.211397,48.140915],[17.210554,48.140544],[17.210227,48.140872],[17.209569,48.140599],[17.209822,48.142357],[17.210305,48.142526],[17.211532,48.141308],[17.212555,48.14162],[17.212555,48.14162],[17.212555,48.14162],[17.212072,48.142187],[17.212506,48.142384],[17.212657,48.142176],[17.213091,48.142367]]],[[[17.211872,48.138573],[17.212389,48.138052],[17.20999,48.136973],[17.208087,48.139045],[17.20875,48.13934],[17.208853,48.139392],[17.209466,48.138759],[17.210055,48.138988],[17.210923,48.138131],[17.211872,48.138573]]]]}},{"type":"Feature","properties":{"kind":"okrsok","area":"yes","src":"flourish-2023","okrsok":"1","mcnorm":"zahorskabystrica","obec":"Záhorská Bystrica","name":"Záhorská Bystrica okrsok 1","volici":"1100","ucast_rel":"81.09","vitaz":"PS"},"geometry":{"type":"MultiPolygon","coordinates":[[[[17.034585,48.24271],[17.03461,48.243113],[17.035035,48.243119],[17.035093,48.242481],[17.035706,48.242481],[17.03569,48.243037],[17.036181,48.24307],[17.036262,48.242378],[17.037735,48.242334],[17.037715,48.241713],[17.037907,48.241705],[17.037903,48.241577],[17.038062,48.241577],[17.038066,48.241773],[17.038357,48.241784],[17.0383,48.242323],[17.039245,48.242378],[17.039273,48.241732],[17.040537,48.241762],[17.040652,48.241541],[17.041523,48.241702],[17.041728,48.241386],[17.041887,48.241432],[17.042014,48.24134],[17.042538,48.241193],[17.044002,48.240375],[17.043757,48.239847],[17.044178,48.239482],[17.044297,48.239564],[17.044468,48.239523],[17.044538,48.239395],[17.044702,48.239356],[17.044587,48.238921],[17.043589,48.239346],[17.040742,48.240337],[17.038729,48.240555],[17.038631,48.239384],[17.038876,48.239373],[17.038901,48.238506],[17.037739,48.238479],[17.037739,48.238245],[17.03814,48.238245],[17.038156,48.237853],[17.03769,48.237847],[17.037698,48.237553],[17.037109,48.237542],[17.037117,48.238419],[17.035408,48.238457],[17.035195,48.237695],[17.034966,48.237695],[17.0349,48.236888],[17.034671,48.23691],[17.034229,48.235221],[17.032037,48.233902],[17.031039,48.234632],[17.031857,48.235297],[17.032986,48.236539],[17.033362,48.237368],[17.033403,48.237814],[17.033861,48.240196],[17.03373,48.24019],[17.032299,48.240245],[17.029991,48.240678],[17.029587,48.24064],[17.028879,48.240765],[17.029255,48.241473],[17.028957,48.241544],[17.027995,48.241446],[17.027521,48.241438],[17.027476,48.241498],[17.028057,48.2421],[17.028089,48.242797],[17.031607,48.242874],[17.034585,48.24271]]],[[[17.05292,48.244726],[17.052453,48.241125],[17.051357,48.241136],[17.050817,48.241473],[17.050228,48.243794],[17.05175,48.244732],[17.05292,48.244726]]],[[[17.043892,48.236177],[17.043761,48.235795],[17.044432,48.235687],[17.044292,48.23531],[17.043466,48.235474],[17.043245,48.234885],[17.042419,48.235033],[17.042836,48.236351],[17.043892,48.236177]]],[[[17.042758,48.232657],[17.043676,48.232461],[17.043139,48.231136],[17.042116,48.23124],[17.042067,48.231297],[17.042317,48.231436],[17.042554,48.232],[17.042431,48.232019],[17.042758,48.232657]]],[[[17.042894,48.204852],[17.043712,48.204808],[17.044088,48.204481],[17.044399,48.204448],[17.044399,48.204862],[17.044776,48.204939],[17.045545,48.204513],[17.046363,48.204404],[17.045741,48.203892],[17.044841,48.203543],[17.045021,48.203357],[17.044972,48.202627],[17.044383,48.201667],[17.043696,48.201569],[17.043107,48.203401],[17.042894,48.204852]]]]}},{"type":"Feature","properties":{"kind":"okrsok","area":"yes","src":"flourish-2023","okrsok":"2","mcnorm":"zahorskabystrica","obec":"Záhorská Bystrica","name":"Záhorská Bystrica okrsok 2","volici":"991","ucast_rel":"85.87","vitaz":"PS"},"geometry":{"type":"MultiPolygon","coordinates":[[[[17.042538,48.241193],[17.042014,48.24134],[17.041887,48.241432],[17.041728,48.241386],[17.041523,48.241702],[17.040965,48.241599],[17.040897,48.241721],[17.040971,48.241896],[17.04201,48.242059],[17.042116,48.241917],[17.042493,48.242005],[17.042509,48.242511],[17.04273,48.242577],[17.042509,48.243258],[17.043474,48.243356],[17.043556,48.242974],[17.043802,48.242996],[17.044391,48.243116],[17.044767,48.242855],[17.049201,48.242517],[17.050539,48.242571],[17.050817,48.241473],[17.051357,48.241136],[17.052453,48.241125],[17.054454,48.241067],[17.055108,48.240969],[17.054339,48.239847],[17.054699,48.239771],[17.056221,48.239193],[17.056794,48.238637],[17.056746,48.238054],[17.054789,48.238561],[17.053366,48.238926],[17.051656,48.239689],[17.051427,48.239307],[17.050469,48.239558],[17.050797,48.240065],[17.050273,48.240223],[17.049185,48.238675],[17.049778,48.23867],[17.049929,48.238406],[17.050343,48.238427],[17.051795,48.238109],[17.051713,48.23782],[17.052089,48.237793],[17.052277,48.237962],[17.052776,48.237918],[17.053202,48.237798],[17.053464,48.237825],[17.053897,48.237809],[17.054232,48.236657],[17.054094,48.236654],[17.052556,48.236654],[17.052359,48.236468],[17.051836,48.236468],[17.05159,48.236621],[17.050265,48.235836],[17.046812,48.237449],[17.046277,48.237456],[17.046215,48.237738],[17.045978,48.237842],[17.045757,48.237722],[17.045814,48.237428],[17.044939,48.237482],[17.044849,48.237133],[17.043924,48.23727],[17.040848,48.237335],[17.038786,48.237291],[17.035547,48.237182],[17.035514,48.236899],[17.0349,48.236888],[17.034966,48.237695],[17.035195,48.237695],[17.035408,48.238457],[17.037117,48.238419],[17.037109,48.237542],[17.037698,48.237553],[17.03769,48.237847],[17.038156,48.237853],[17.03814,48.238245],[17.037739,48.238245],[17.037739,48.238479],[17.038901,48.238506],[17.039817,48.238523],[17.039867,48.240432],[17.040742,48.240337],[17.043589,48.239346],[17.044587,48.238921],[17.044808,48.237929],[17.045446,48.238],[17.0457,48.23776],[17.045921,48.23788],[17.045683,48.238125],[17.045937,48.238463],[17.046223,48.239465],[17.045561,48.239645],[17.044391,48.239836],[17.044297,48.239564],[17.044178,48.239482],[17.043757,48.239847],[17.044002,48.240375],[17.044659,48.240762],[17.044284,48.241473],[17.042538,48.241193]]],[[[17.054523,48.227566],[17.055047,48.226836],[17.054147,48.225463],[17.052412,48.22531],[17.052216,48.225452],[17.050694,48.225114],[17.050073,48.224754],[17.047328,48.226294],[17.04743,48.228398],[17.049663,48.227109],[17.051218,48.226705],[17.05346,48.227479],[17.054523,48.227566]]],[[[17.043613,48.227302],[17.044137,48.227307],[17.046289,48.225771],[17.047798,48.224133],[17.046518,48.223459],[17.046436,48.224037],[17.0466,48.224103],[17.044374,48.225847],[17.044636,48.226038],[17.043335,48.227149],[17.043613,48.227302]]]]}},{"type":"Feature","properties":{"kind":"okrsok","area":"yes","src":"flourish-2023","okrsok":"3","mcnorm":"zahorskabystrica","obec":"Záhorská Bystrica","name":"Záhorská Bystrica okrsok 3","volici":"1024","ucast_rel":"79.39","vitaz":"PS"},"geometry":{"type":"MultiPolygon","coordinates":[[[[17.048645,48.245099],[17.047303,48.245132],[17.046796,48.245895],[17.044849,48.245775],[17.041953,48.245884],[17.038762,48.245666],[17.038451,48.244936],[17.034565,48.2448],[17.03461,48.243113],[17.035035,48.243119],[17.035093,48.242481],[17.035706,48.242481],[17.03569,48.243037],[17.036181,48.24307],[17.036262,48.242378],[17.037735,48.242334],[17.037715,48.241713],[17.037907,48.241705],[17.037903,48.241577],[17.038062,48.241577],[17.038066,48.241773],[17.038357,48.241784],[17.0383,48.242323],[17.039245,48.242378],[17.039273,48.241732],[17.040537,48.241762],[17.040652,48.241541],[17.040965,48.241599],[17.040897,48.241721],[17.040971,48.241896],[17.04201,48.242059],[17.042116,48.241917],[17.042493,48.242005],[17.042509,48.242511],[17.04273,48.242577],[17.042509,48.243258],[17.043474,48.243356],[17.043556,48.242974],[17.043802,48.242996],[17.044391,48.243116],[17.044767,48.242855],[17.049201,48.242517],[17.050539,48.242571],[17.050228,48.243794],[17.05175,48.244732],[17.050034,48.244977],[17.04897,48.244977],[17.048645,48.245099]]],[[[17.05292,48.244726],[17.054012,48.244598],[17.05663,48.243835],[17.055108,48.240969],[17.054454,48.241067],[17.052453,48.241125],[17.05292,48.244726]]],[[[17.038729,48.240555],[17.039867,48.240432],[17.039817,48.238523],[17.038901,48.238506],[17.038876,48.239373],[17.038631,48.239384],[17.038729,48.240555]]],[[[17.044297,48.239564],[17.044391,48.239836],[17.045561,48.239645],[17.046223,48.239465],[17.045937,48.238463],[17.045683,48.238125],[17.045921,48.23788],[17.0457,48.23776],[17.045446,48.238],[17.044808,48.237929],[17.044587,48.238921],[17.044702,48.239356],[17.044538,48.239395],[17.044468,48.239523],[17.044297,48.239564]]],[[[17.043065,48.234441],[17.044162,48.234229],[17.043973,48.233057],[17.043597,48.233144],[17.043458,48.233052],[17.042795,48.233112],[17.042803,48.233482],[17.042877,48.233945],[17.043065,48.234441]]],[[[17.040918,48.233305],[17.042292,48.233063],[17.042194,48.23243],[17.041981,48.232144],[17.040607,48.232572],[17.040918,48.233305]]],[[[17.049727,48.199686],[17.049036,48.200465],[17.048705,48.201027],[17.048434,48.201174],[17.048965,48.201482],[17.04984,48.201623],[17.051468,48.202071],[17.052736,48.20212],[17.054209,48.202114],[17.055771,48.202267],[17.055771,48.202392],[17.056246,48.202463],[17.056549,48.202305],[17.056614,48.201836],[17.056704,48.201509],[17.056761,48.201422],[17.056557,48.200838],[17.056557,48.200407],[17.055338,48.200037],[17.055444,48.199791],[17.055301,48.199298],[17.055015,48.198799],[17.054466,48.198676],[17.053804,48.198371],[17.05373,48.198226],[17.053252,48.198058],[17.05293,48.198046],[17.052133,48.197933],[17.051862,48.198018],[17.051566,48.198087],[17.049964,48.199211],[17.049727,48.199686]]]]}},{"type":"Feature","properties":{"kind":"okrsok","area":"yes","src":"flourish-2023","okrsok":"4","mcnorm":"zahorskabystrica","obec":"Záhorská Bystrica","name":"Záhorská Bystrica okrsok 4","volici":"1012","ucast_rel":"81.81","vitaz":"PS"},"geometry":{"type":"MultiPolygon","coordinates":[[[[17.043676,48.232461],[17.042758,48.232657],[17.042795,48.233112],[17.043458,48.233052],[17.043597,48.233144],[17.043973,48.233057],[17.044162,48.234229],[17.043065,48.234441],[17.043245,48.234885],[17.043466,48.235474],[17.044292,48.23531],[17.044432,48.235687],[17.043761,48.235795],[17.043892,48.236177],[17.042836,48.236351],[17.042419,48.235033],[17.041707,48.235174],[17.041625,48.234945],[17.041364,48.234967],[17.040496,48.235251],[17.037813,48.235523],[17.036831,48.233638],[17.036357,48.233332],[17.033788,48.233845],[17.034229,48.235221],[17.034671,48.23691],[17.0349,48.236888],[17.035514,48.236899],[17.035547,48.237182],[17.040848,48.237335],[17.043924,48.23727],[17.044849,48.237133],[17.044939,48.237482],[17.045814,48.237428],[17.045757,48.237722],[17.045978,48.237842],[17.046215,48.237738],[17.046277,48.237456],[17.046812,48.237449],[17.050265,48.235836],[17.049737,48.235384],[17.053321,48.23303],[17.051913,48.231798],[17.049508,48.230697],[17.048706,48.230185],[17.048044,48.230463],[17.047659,48.230136],[17.047986,48.229978],[17.04743,48.228398],[17.044992,48.229504],[17.044796,48.229335],[17.043814,48.229755],[17.043041,48.230338],[17.043213,48.230896],[17.043139,48.231136],[17.043676,48.232461]]],[[[17.050273,48.240223],[17.050797,48.240065],[17.050469,48.239558],[17.051427,48.239307],[17.051656,48.239689],[17.053366,48.238926],[17.056746,48.238054],[17.05663,48.237711],[17.057235,48.237515],[17.058675,48.236697],[17.05807,48.236],[17.055452,48.236523],[17.054232,48.236657],[17.053897,48.237809],[17.053464,48.237825],[17.053202,48.237798],[17.052776,48.237918],[17.052277,48.237962],[17.052089,48.237793],[17.051713,48.23782],[17.051795,48.238109],[17.050343,48.238427],[17.049929,48.238406],[17.049778,48.23867],[17.049185,48.238675],[17.050273,48.240223]]],[[[17.042538,48.241193],[17.044284,48.241473],[17.044659,48.240762],[17.044002,48.240375],[17.042538,48.241193]]]]}},{"type":"Feature","properties":{"kind":"okrsok","area":"yes","src":"flourish-2023","okrsok":"5","mcnorm":"zahorskabystrica","obec":"Záhorská Bystrica","name":"Záhorská Bystrica okrsok 5","volici":"1132","ucast_rel":"85.77","vitaz":"PS"},"geometry":{"type":"MultiPolygon","coordinates":[[[[17.033788,48.233845],[17.033436,48.233608],[17.033141,48.232757],[17.031636,48.232594],[17.031161,48.233575],[17.03165,48.234185],[17.032037,48.233902],[17.034229,48.235221],[17.033788,48.233845]]],[[[17.047328,48.226294],[17.046289,48.225771],[17.044137,48.227307],[17.043613,48.227302],[17.043335,48.227149],[17.044636,48.226038],[17.044374,48.225847],[17.0466,48.224103],[17.046436,48.224037],[17.046518,48.223459],[17.046084,48.223051],[17.043548,48.223792],[17.042959,48.222898],[17.041781,48.223203],[17.040914,48.221797],[17.039474,48.221437],[17.038836,48.220968],[17.036954,48.22074],[17.037052,48.222206],[17.037379,48.223416],[17.037788,48.223797],[17.037003,48.224212],[17.033976,48.223612],[17.033518,48.224964],[17.035383,48.225291],[17.037117,48.224811],[17.037985,48.224201],[17.038819,48.225563],[17.038476,48.225651],[17.040079,48.22927],[17.04111,48.230654],[17.040832,48.231133],[17.039965,48.231831],[17.036831,48.233638],[17.037813,48.235523],[17.040496,48.235251],[17.041364,48.234967],[17.041625,48.234945],[17.041707,48.235174],[17.042419,48.235033],[17.043245,48.234885],[17.043065,48.234441],[17.042877,48.233945],[17.042803,48.233482],[17.042795,48.233112],[17.042758,48.232657],[17.042431,48.232019],[17.042554,48.232],[17.042317,48.231436],[17.042067,48.231297],[17.042116,48.23124],[17.043139,48.231136],[17.043213,48.230896],[17.043041,48.230338],[17.043814,48.229755],[17.044796,48.229335],[17.044992,48.229504],[17.04743,48.228398],[17.047328,48.226294]],[[17.040918,48.233305],[17.040607,48.232572],[17.041981,48.232144],[17.042194,48.23243],[17.042292,48.233063],[17.040918,48.233305]]]]}},{"type":"Feature","properties":{"kind":"okrsok","area":"yes","src":"flourish-2023","okrsok":"15","mcnorm":"podunajskebiskupice","obec":"Podunajské Biskupice","name":"Podunajské Biskupice okrsok 15","volici":"735","ucast_rel":"49.65","vitaz":"PS"},"geometry":{"type":"MultiPolygon","coordinates":[[[[17.197591,48.137407],[17.197636,48.13712],[17.19822,48.137164],[17.198167,48.137482],[17.200053,48.13771],[17.200546,48.137197],[17.201757,48.137149],[17.203801,48.137916],[17.204275,48.13739],[17.204627,48.137051],[17.203314,48.136512],[17.203042,48.136953],[17.20235,48.136855],[17.201978,48.136511],[17.200764,48.136041],[17.1999,48.137133],[17.199488,48.137101],[17.198105,48.136962],[17.198246,48.136673],[17.1968,48.136563],[17.196624,48.136865],[17.196267,48.136891],[17.196359,48.136631],[17.195314,48.136624],[17.195014,48.136624],[17.194948,48.137112],[17.193917,48.139193],[17.193414,48.139068],[17.192588,48.140592],[17.193044,48.140889],[17.195122,48.140075],[17.195113,48.138786],[17.195912,48.13703],[17.196573,48.136973],[17.196622,48.137281],[17.197591,48.137407]]]]}},{"type":"Feature","properties":{"kind":"okrsok","area":"yes","src":"flourish-2023","okrsok":"4","mcnorm":"devinskanovaves","obec":"Devínska Nová Ves","name":"Devínska Nová Ves okrsok 4","volici":"909","ucast_rel":"77.33","vitaz":"PS"},"geometry":{"type":"MultiPolygon","coordinates":[[[[16.978683,48.226069],[16.977266,48.225537],[16.976682,48.223468],[16.977106,48.222943],[16.975537,48.222159],[16.977113,48.22009],[16.976455,48.219887],[16.977529,48.21833],[16.976698,48.218121],[16.976314,48.218048],[16.974722,48.218121],[16.974063,48.217849],[16.972354,48.218727],[16.971554,48.218288],[16.972526,48.217463],[16.973671,48.216982],[16.974628,48.216898],[16.974471,48.216407],[16.974534,48.21625],[16.977827,48.217212],[16.978141,48.21786],[16.978846,48.217849],[16.982532,48.218716],[16.982312,48.219281],[16.981951,48.219155],[16.981681,48.219478],[16.980325,48.219166],[16.979823,48.220292],[16.979758,48.221432],[16.978579,48.221317],[16.978298,48.219364],[16.978386,48.218314],[16.978019,48.218234],[16.977837,48.220337],[16.977852,48.220802],[16.977527,48.220826],[16.977123,48.221709],[16.977727,48.223046],[16.978017,48.223198],[16.97786,48.223344],[16.978162,48.22348],[16.978166,48.223589],[16.977935,48.223629],[16.978683,48.226069]]],[[[16.972232,48.215188],[16.973399,48.214867],[16.973195,48.21353],[16.972003,48.213607],[16.971832,48.214435],[16.972232,48.215188]]],[[[16.975269,48.214169],[16.976769,48.214076],[16.978569,48.213964],[16.978497,48.214419],[16.97776,48.214492],[16.977768,48.21549],[16.977313,48.215757],[16.976647,48.214628],[16.975902,48.214727],[16.97591,48.215088],[16.974887,48.215188],[16.974814,48.214896],[16.9745,48.21494],[16.974469,48.214841],[16.974645,48.214689],[16.9749,48.214723],[16.975269,48.214169]]],[[[16.981689,48.224581],[16.981853,48.224432],[16.982092,48.224563],[16.982554,48.224115],[16.982395,48.223992],[16.982606,48.223801],[16.979936,48.222457],[16.980034,48.222376],[16.979776,48.222256],[16.979681,48.222345],[16.978768,48.221916],[16.978831,48.222282],[16.978344,48.22234],[16.978415,48.222585],[16.978482,48.22258],[16.978533,48.222841],[16.978831,48.22282],[16.979199,48.222922],[16.978889,48.223209],[16.981689,48.224581]]],[[[16.959751,48.259602],[16.959155,48.253734],[16.960198,48.249734],[16.963711,48.250152],[16.963021,48.25176],[16.962331,48.251739],[16.961797,48.253243],[16.962143,48.256271],[16.963397,48.258839],[16.96415,48.260468],[16.963773,48.260489],[16.964746,48.261867],[16.965404,48.2617],[16.966502,48.263715],[16.964095,48.264112],[16.96255,48.262796],[16.961531,48.259779],[16.959751,48.259602]]],[[[16.981064,48.201798],[16.982169,48.200996],[16.983314,48.200243],[16.984616,48.200274],[16.985008,48.200254],[16.985541,48.199856],[16.986811,48.19971],[16.986827,48.200254],[16.98943,48.200431],[16.989508,48.20178],[16.987501,48.202553],[16.985875,48.202789],[16.984923,48.202818],[16.981211,48.202847],[16.981302,48.20187],[16.981064,48.201798]]],[[[16.977574,48.189831],[16.979158,48.19003],[16.980366,48.190385],[16.979848,48.192434],[16.978562,48.193009],[16.977888,48.193668],[16.977621,48.193605],[16.977417,48.193846],[16.977417,48.194828],[16.977668,48.195037],[16.977543,48.195518],[16.976163,48.195874],[16.974877,48.197504],[16.975535,48.197818],[16.975269,48.198226],[16.974046,48.198497],[16.972658,48.198121],[16.976131,48.192722],[16.977574,48.189831]]]]}},{"type":"Feature","properties":{"kind":"okrsok","area":"yes","src":"flourish-2023","okrsok":"9","mcnorm":"dubravka","obec":"Dúbravka","name":"Dúbravka okrsok 9","volici":"552","ucast_rel":"86.05","vitaz":"PS"},"geometry":{"type":"MultiPolygon","coordinates":[[[[17.026351,48.196358],[17.024781,48.196367],[17.02474,48.196943],[17.025061,48.197537],[17.025696,48.197669],[17.028588,48.197759],[17.028617,48.197611],[17.029334,48.197638],[17.029249,48.196834],[17.028462,48.196704],[17.026351,48.196358]]],[[[17.030122,48.195445],[17.030007,48.195082],[17.031763,48.195427],[17.031686,48.195613],[17.031648,48.195719],[17.030828,48.19557],[17.030122,48.195445]]],[[[17.024081,48.19447],[17.023819,48.194743],[17.02372,48.194798],[17.023306,48.194794],[17.023277,48.194743],[17.023335,48.194467],[17.023021,48.193803],[17.023038,48.193325],[17.02303,48.192767],[17.024057,48.192803],[17.024214,48.193305],[17.024214,48.193524],[17.024026,48.193754],[17.024081,48.19447]]]]}},{"type":"Feature","properties":{"kind":"okrsok","area":"yes","src":"flourish-2023","okrsok":"1","mcnorm":"marianka","obec":"Marianka","name":"Marianka okrsok 1","volici":"862","ucast_rel":"81.9","vitaz":"PS"},"geometry":{"type":"MultiPolygon","coordinates":[[[[17.046796,48.245895],[17.045964,48.246829],[17.044772,48.249332],[17.046346,48.250196],[17.047446,48.250603],[17.047094,48.25098],[17.047767,48.251224],[17.048164,48.250909],[17.050502,48.251641],[17.051594,48.251738],[17.052954,48.249306],[17.052144,48.24895],[17.052236,48.248767],[17.052847,48.248859],[17.054252,48.248848],[17.054413,48.24808],[17.054917,48.247989],[17.055734,48.248462],[17.055803,48.24838],[17.056116,48.248691],[17.055796,48.248859],[17.056896,48.249764],[17.056834,48.250263],[17.057553,48.250975],[17.058359,48.250588],[17.05816,48.250336],[17.05816,48.250336],[17.05921,48.249955],[17.059665,48.249871],[17.05965,48.249708],[17.060142,48.249706],[17.060043,48.249479],[17.058653,48.249589],[17.057923,48.249332],[17.057407,48.249314],[17.056987,48.248925],[17.057583,48.24809],[17.058561,48.247755],[17.059951,48.248945],[17.061311,48.24863],[17.060761,48.248553],[17.060532,48.248319],[17.06109,48.248009],[17.062052,48.247902],[17.062679,48.24775],[17.062556,48.247465],[17.063397,48.247109],[17.063985,48.246783],[17.064921,48.246333],[17.065497,48.24588],[17.066067,48.24559],[17.066196,48.245682],[17.067419,48.245504],[17.068007,48.245341],[17.069046,48.245656],[17.069871,48.245504],[17.07007,48.245193],[17.070001,48.244527],[17.069764,48.244247],[17.069298,48.244099],[17.068809,48.243947],[17.067006,48.244603],[17.06544,48.245041],[17.06379,48.24558],[17.060093,48.24703],[17.058989,48.24707],[17.058557,48.246658],[17.05994,48.246109],[17.059619,48.245748],[17.059375,48.245829],[17.059268,48.245677],[17.06023,48.245081],[17.060429,48.245193],[17.061529,48.244786],[17.062797,48.244562],[17.064172,48.244323],[17.065723,48.244079],[17.067465,48.243352],[17.068022,48.242868],[17.067839,48.242487],[17.068114,48.242258],[17.067862,48.2421],[17.066983,48.242614],[17.06573,48.242828],[17.063187,48.242609],[17.060834,48.244069],[17.060123,48.244466],[17.059779,48.24411],[17.058817,48.244649],[17.05926,48.245341],[17.057893,48.245615],[17.057022,48.243952],[17.05663,48.243835],[17.054012,48.244598],[17.054684,48.245605],[17.053255,48.246022],[17.053706,48.246633],[17.050574,48.247569],[17.050162,48.247376],[17.050253,48.24731],[17.051246,48.247014],[17.050034,48.244977],[17.04897,48.244977],[17.048645,48.245099],[17.047303,48.245132],[17.046796,48.245895]]],[[[17.053217,48.252747],[17.052899,48.252669],[17.052524,48.253223],[17.052784,48.253304],[17.053303,48.253055],[17.054883,48.252117],[17.05421,48.252117],[17.053217,48.252747]]],[[[17.061162,48.249716],[17.061132,48.250357],[17.062081,48.250944],[17.06448,48.250781],[17.065243,48.25126],[17.063303,48.251677],[17.064449,48.252134],[17.065625,48.252267],[17.066894,48.252287],[17.068544,48.252185],[17.069445,48.251992],[17.068544,48.250252],[17.066023,48.250527],[17.065258,48.249517],[17.063943,48.249675],[17.061651,48.249736],[17.061162,48.249716]]],[[[17.068931,48.248164],[17.069502,48.247694],[17.070979,48.248368],[17.070383,48.249121],[17.069497,48.248754],[17.069695,48.248541],[17.068931,48.248164]]]]}},{"type":"Feature","properties":{"kind":"okrsok","area":"yes","src":"flourish-2023","okrsok":"2","mcnorm":"marianka","obec":"Marianka","name":"Marianka okrsok 2","volici":"849","ucast_rel":"77.97","vitaz":"PS"},"geometry":{"type":"MultiPolygon","coordinates":[[[[17.044772,48.249332],[17.044432,48.250321],[17.045578,48.251074],[17.04649,48.25025],[17.046346,48.250196],[17.044772,48.249332]]],[[[17.050162,48.247376],[17.050253,48.24731],[17.051246,48.247014],[17.050034,48.244977],[17.05175,48.244732],[17.05292,48.244726],[17.054012,48.244598],[17.054684,48.245605],[17.053255,48.246022],[17.053706,48.246633],[17.050574,48.247569],[17.050162,48.247376]]],[[[17.050502,48.251641],[17.049841,48.252839],[17.051231,48.253307],[17.051812,48.252401],[17.053217,48.252747],[17.05421,48.252117],[17.054883,48.252117],[17.056777,48.25347],[17.059313,48.252381],[17.058198,48.251547],[17.059665,48.251018],[17.061132,48.250357],[17.061162,48.249716],[17.061651,48.249736],[17.063943,48.249675],[17.066479,48.24937],[17.06719,48.249273],[17.068007,48.249029],[17.068542,48.249344],[17.070238,48.249675],[17.071643,48.250163],[17.072453,48.250291],[17.073393,48.250321],[17.073691,48.250194],[17.074019,48.250209],[17.074378,48.249202],[17.0757,48.249232],[17.076265,48.249171],[17.076716,48.24908],[17.077021,48.249426],[17.077625,48.249344],[17.07803,48.249161],[17.077969,48.248942],[17.078328,48.24882],[17.078396,48.248363],[17.077854,48.248123],[17.077166,48.248368],[17.076173,48.248744],[17.075058,48.248825],[17.074966,48.248144],[17.07298,48.248286],[17.071376,48.247686],[17.070811,48.247767],[17.070979,48.248368],[17.070383,48.249121],[17.069497,48.248754],[17.069695,48.248541],[17.068931,48.248164],[17.068412,48.248337],[17.067052,48.248347],[17.065478,48.248551],[17.064791,48.248825],[17.06463,48.248388],[17.064325,48.247686],[17.06227,48.248281],[17.062052,48.247902],[17.06109,48.248009],[17.060532,48.248319],[17.060761,48.248553],[17.061311,48.24863],[17.059951,48.248945],[17.058561,48.247755],[17.057583,48.24809],[17.056987,48.248925],[17.057407,48.249314],[17.057923,48.249332],[17.058653,48.249589],[17.060043,48.249479],[17.060142,48.249706],[17.05965,48.249708],[17.059665,48.249871],[17.05921,48.249955],[17.05816,48.250336],[17.058359,48.250588],[17.057553,48.250975],[17.056834,48.250263],[17.056896,48.249764],[17.055796,48.248859],[17.056116,48.248691],[17.055803,48.24838],[17.055734,48.248462],[17.054917,48.247989],[17.054413,48.24808],[17.054252,48.248848],[17.052847,48.248859],[17.052236,48.248767],[17.052144,48.24895],[17.052954,48.249306],[17.051594,48.251738],[17.050502,48.251641]]],[[[17.05926,48.245341],[17.057893,48.245615],[17.057022,48.243952],[17.057789,48.243807],[17.058599,48.243558],[17.058973,48.243029],[17.059371,48.242815],[17.060303,48.242662],[17.060662,48.242881],[17.061092,48.243909],[17.060123,48.244466],[17.059779,48.24411],[17.058817,48.244649],[17.05926,48.245341]]],[[[17.058989,48.24707],[17.058557,48.246658],[17.05994,48.246109],[17.059619,48.245748],[17.059375,48.245829],[17.059268,48.245677],[17.06023,48.245081],[17.060429,48.245193],[17.061529,48.244786],[17.064172,48.244323],[17.065723,48.244079],[17.067465,48.243352],[17.068022,48.242868],[17.068681,48.243298],[17.068681,48.243298],[17.068809,48.243947],[17.067006,48.244603],[17.06544,48.245041],[17.06379,48.24558],[17.060093,48.24703],[17.058989,48.24707]]]]}},{"type":"Feature","properties":{"kind":"okrsok","area":"yes","src":"flourish-2023","okrsok":"1","mcnorm":"ivankapridunaji","obec":"Ivanka pri Dunaji","name":"Ivanka pri Dunaji okrsok 1","volici":"1266","ucast_rel":"71.95","vitaz":"PS"},"geometry":{"type":"MultiPolygon","coordinates":[[[[17.246604,48.189225],[17.246786,48.188917],[17.246366,48.188724],[17.246882,48.18802],[17.24696,48.188065],[17.247321,48.187771],[17.247069,48.187624],[17.248253,48.186773],[17.248605,48.186941],[17.249009,48.186615],[17.248872,48.186539],[17.24933,48.186191],[17.24766,48.18522],[17.248508,48.184502],[17.250326,48.184966],[17.250418,48.18464],[17.251277,48.184912],[17.250594,48.185661],[17.253025,48.186556],[17.254744,48.187465],[17.254499,48.18772],[17.255294,48.188048],[17.255137,48.188204],[17.254648,48.187977],[17.254047,48.188585],[17.253811,48.188505],[17.253697,48.188673],[17.253932,48.188748],[17.253685,48.189262],[17.254059,48.189441],[17.253967,48.189609],[17.254494,48.189695],[17.255671,48.188397],[17.256145,48.18777],[17.257237,48.188203],[17.257015,48.188478],[17.257611,48.188687],[17.257512,48.188814],[17.258559,48.189191],[17.259162,48.188529],[17.257497,48.187836],[17.257588,48.18774],[17.256993,48.187505],[17.256641,48.187864],[17.256049,48.187541],[17.256313,48.187388],[17.255744,48.187016],[17.253933,48.185977],[17.252405,48.185066],[17.251886,48.184811],[17.252084,48.184628],[17.25111,48.18423],[17.250931,48.184439],[17.249403,48.18396],[17.249304,48.184149],[17.249097,48.184088],[17.249189,48.183889],[17.248058,48.183553],[17.247951,48.183757],[17.247615,48.183655],[17.247722,48.183461],[17.246821,48.18315],[17.24666,48.183426],[17.24624,48.183242],[17.246531,48.18287],[17.24636,48.182502],[17.244962,48.181707],[17.244312,48.182176],[17.243953,48.181977],[17.24186,48.183587],[17.24283,48.184137],[17.242632,48.184335],[17.242907,48.184488],[17.242662,48.184763],[17.243098,48.185003],[17.242716,48.185334],[17.2428,48.185751],[17.242555,48.186037],[17.243739,48.186719],[17.243758,48.188443],[17.245947,48.18949],[17.246604,48.189225]]],[[[17.249888,48.186516],[17.249857,48.186712],[17.249468,48.186529],[17.249105,48.18686],[17.249365,48.187131],[17.247951,48.188198],[17.247631,48.188032],[17.247348,48.188251],[17.247226,48.188463],[17.247791,48.188603],[17.247539,48.189041],[17.247237,48.188972],[17.24703,48.189327],[17.249492,48.189917],[17.250137,48.188955],[17.250447,48.189034],[17.250519,48.188659],[17.249517,48.188424],[17.250212,48.1874],[17.250983,48.18765],[17.251403,48.18713],[17.250051,48.186611],[17.249888,48.186516]]]]}},{"type":"Feature","properties":{"kind":"okrsok","area":"yes","src":"flourish-2023","okrsok":"2","mcnorm":"ivankapridunaji","obec":"Ivanka pri Dunaji","name":"Ivanka pri Dunaji okrsok 2","volici":"1299","ucast_rel":"80.83","vitaz":"PS"},"geometry":{"type":"MultiPolygon","coordinates":[[[[17.26184,48.185082],[17.261194,48.186535],[17.261515,48.186606],[17.261324,48.186963],[17.261011,48.186897],[17.260117,48.188608],[17.25946,48.188374],[17.259265,48.188379],[17.259162,48.188529],[17.257497,48.187836],[17.257588,48.18774],[17.256993,48.187505],[17.256641,48.187864],[17.256049,48.187541],[17.256313,48.187388],[17.255744,48.187016],[17.253933,48.185977],[17.252405,48.185066],[17.251886,48.184811],[17.252084,48.184628],[17.25111,48.18423],[17.250931,48.184439],[17.250448,48.184288],[17.250709,48.183497],[17.250984,48.183566],[17.251603,48.183061],[17.251263,48.182898],[17.251462,48.182687],[17.251721,48.182842],[17.25234,48.182432],[17.252187,48.182343],[17.25299,48.181819],[17.254151,48.181192],[17.255167,48.180835],[17.256931,48.181783],[17.258486,48.180545],[17.260568,48.181676],[17.25904,48.183],[17.260552,48.183907],[17.262172,48.182542],[17.261836,48.181136],[17.261408,48.181146],[17.261225,48.180178],[17.261652,48.180178],[17.262034,48.178436],[17.262814,48.178131],[17.264372,48.178446],[17.264097,48.179037],[17.264647,48.180474],[17.264953,48.180973],[17.264999,48.181594],[17.264815,48.18188],[17.265105,48.182002],[17.264876,48.182868],[17.263975,48.184009],[17.263944,48.184314],[17.263578,48.184498],[17.263211,48.185038],[17.263077,48.184997],[17.262829,48.185246],[17.262554,48.185147],[17.261878,48.184997],[17.26132,48.184871],[17.260793,48.18463],[17.260962,48.18447],[17.260748,48.184354],[17.260334,48.184684],[17.26079,48.184923],[17.261228,48.185041],[17.261276,48.184952],[17.26184,48.185082]]],[[[17.250043,48.178831],[17.250302,48.1788],[17.250379,48.178622],[17.250753,48.178602],[17.251739,48.178296],[17.250868,48.176834],[17.250654,48.176304],[17.250073,48.17605],[17.249905,48.176437],[17.24989,48.1777],[17.250593,48.177985],[17.250425,48.17824],[17.249997,48.178271],[17.250043,48.178831]]]]}},{"type":"Feature","properties":{"kind":"okrsok","area":"yes","src":"flourish-2023","okrsok":"3","mcnorm":"ivankapridunaji","obec":"Ivanka pri Dunaji","name":"Ivanka pri Dunaji okrsok 3","volici":"1379","ucast_rel":"79.11","vitaz":"PS"},"geometry":{"type":"MultiPolygon","coordinates":[[[[17.263166,48.190675],[17.263077,48.190964],[17.263663,48.190984],[17.263738,48.1907],[17.268295,48.190898],[17.268768,48.189432],[17.271534,48.189554],[17.27239,48.189717],[17.273413,48.189595],[17.27436,48.18934],[17.274895,48.189503],[17.272099,48.191927],[17.276087,48.192273],[17.27784,48.192643],[17.277535,48.193552],[17.272057,48.193124],[17.270629,48.193149],[17.267772,48.192915],[17.267833,48.19207],[17.263799,48.191667],[17.263623,48.192054],[17.262531,48.191815],[17.262096,48.192426],[17.262944,48.192706],[17.264189,48.192997],[17.264242,48.192711],[17.264624,48.192747],[17.264555,48.193017],[17.26535,48.193083],[17.265197,48.193689],[17.264204,48.193857],[17.263547,48.193659],[17.263387,48.193872],[17.262699,48.194117],[17.26001,48.194086],[17.259338,48.193781],[17.259582,48.193475],[17.259307,48.193373],[17.259949,48.19261],[17.258643,48.192151],[17.259842,48.190669],[17.259261,48.190348],[17.256924,48.189895],[17.255579,48.191291],[17.255984,48.191469],[17.255381,48.192299],[17.254685,48.192905],[17.254181,48.193068],[17.252944,48.192798],[17.252233,48.192151],[17.252287,48.191489],[17.251454,48.191291],[17.250545,48.191321],[17.249636,48.191163],[17.25014,48.190043],[17.249492,48.189917],[17.250137,48.188955],[17.250447,48.189034],[17.250728,48.189101],[17.25087,48.1888],[17.251034,48.188836],[17.251439,48.188166],[17.251962,48.188301],[17.251809,48.188596],[17.252703,48.18877],[17.252875,48.188461],[17.253697,48.188673],[17.253932,48.188748],[17.253685,48.189262],[17.254059,48.189441],[17.253967,48.189609],[17.254494,48.189695],[17.255671,48.188397],[17.256145,48.18777],[17.257237,48.188203],[17.257015,48.188478],[17.257611,48.188687],[17.257512,48.188814],[17.258559,48.189191],[17.259162,48.188529],[17.259265,48.188379],[17.25946,48.188374],[17.260117,48.188608],[17.260445,48.188678],[17.260725,48.18881],[17.260447,48.189117],[17.260745,48.18925],[17.26047,48.189616],[17.261181,48.189815],[17.261617,48.189229],[17.261744,48.189289],[17.262012,48.188938],[17.261706,48.188815],[17.262363,48.188138],[17.26221,48.188097],[17.263096,48.186468],[17.263791,48.185709],[17.264231,48.185826],[17.263681,48.187237],[17.262917,48.18827],[17.262588,48.188225],[17.262451,48.188428],[17.263131,48.188561],[17.263024,48.188882],[17.262306,48.189208],[17.262161,48.189406],[17.262038,48.189381],[17.261893,48.189646],[17.262367,48.189859],[17.262214,48.190073],[17.262825,48.190236],[17.262688,48.190654],[17.263166,48.190675]]],[[[17.252462,48.182164],[17.251275,48.181509],[17.250992,48.181591],[17.250816,48.181145],[17.251294,48.181048],[17.250801,48.179782],[17.250663,48.179803],[17.250545,48.179372],[17.250129,48.179377],[17.25009,48.179118],[17.250396,48.17911],[17.250404,48.178802],[17.250302,48.1788],[17.250379,48.178622],[17.250753,48.178602],[17.251739,48.178296],[17.253753,48.178909],[17.254059,48.179153],[17.25548,48.179316],[17.255526,48.1795],[17.256381,48.179459],[17.25687,48.180396],[17.255832,48.181193],[17.255167,48.180835],[17.254151,48.181192],[17.25299,48.181819],[17.252462,48.182164]]]]}},{"type":"Feature","properties":{"kind":"okrsok","area":"yes","src":"flourish-2023","okrsok":"4","mcnorm":"ivankapridunaji","obec":"Ivanka pri Dunaji","name":"Ivanka pri Dunaji okrsok 4","volici":"1416","ucast_rel":"79.02","vitaz":"PS"},"geometry":{"type":"MultiPolygon","coordinates":[[[[17.24636,48.182502],[17.24836,48.17872],[17.2492,48.179005],[17.249716,48.17925],[17.249995,48.179309],[17.249899,48.178705],[17.249227,48.17855],[17.249051,48.176937],[17.249897,48.177126],[17.24989,48.1777],[17.250593,48.177985],[17.250425,48.17824],[17.249997,48.178271],[17.250043,48.178831],[17.250302,48.1788],[17.250404,48.178802],[17.250396,48.17911],[17.25009,48.179118],[17.250129,48.179377],[17.250545,48.179372],[17.250663,48.179803],[17.250801,48.179782],[17.251294,48.181048],[17.250816,48.181145],[17.250992,48.181591],[17.251275,48.181509],[17.252462,48.182164],[17.252187,48.182343],[17.25234,48.182432],[17.251721,48.182842],[17.251462,48.182687],[17.251263,48.182898],[17.251603,48.183061],[17.250984,48.183566],[17.250709,48.183497],[17.250448,48.184288],[17.249403,48.18396],[17.249304,48.184149],[17.249097,48.184088],[17.249189,48.183889],[17.248058,48.183553],[17.247951,48.183757],[17.247615,48.183655],[17.247722,48.183461],[17.246821,48.18315],[17.24666,48.183426],[17.24624,48.183242],[17.246531,48.18287],[17.24636,48.182502]]],[[[17.246604,48.189225],[17.246786,48.188917],[17.246366,48.188724],[17.246882,48.18802],[17.24696,48.188065],[17.247321,48.187771],[17.247069,48.187624],[17.248253,48.186773],[17.248605,48.186941],[17.249009,48.186615],[17.248872,48.186539],[17.24933,48.186191],[17.24766,48.18522],[17.248508,48.184502],[17.250326,48.184966],[17.250418,48.18464],[17.251277,48.184912],[17.250594,48.185661],[17.253025,48.186556],[17.254744,48.187465],[17.254499,48.18772],[17.255294,48.188048],[17.255137,48.188204],[17.254648,48.187977],[17.254047,48.188585],[17.253811,48.188505],[17.253697,48.188673],[17.252875,48.188461],[17.252703,48.18877],[17.251809,48.188596],[17.251962,48.188301],[17.251439,48.188166],[17.251034,48.188836],[17.25087,48.1888],[17.250728,48.189101],[17.250447,48.189034],[17.250519,48.188659],[17.249517,48.188424],[17.250212,48.1874],[17.250983,48.18765],[17.251403,48.18713],[17.250051,48.186611],[17.249888,48.186516],[17.249857,48.186712],[17.249468,48.186529],[17.249105,48.18686],[17.249365,48.187131],[17.247951,48.188198],[17.247631,48.188032],[17.247348,48.188251],[17.247226,48.188463],[17.247791,48.188603],[17.247539,48.189041],[17.247237,48.188972],[17.24703,48.189327],[17.246604,48.189225]]],[[[17.26184,48.185082],[17.261194,48.186535],[17.261515,48.186606],[17.261324,48.186963],[17.261011,48.186897],[17.260117,48.188608],[17.260445,48.188678],[17.260725,48.18881],[17.260447,48.189117],[17.260745,48.18925],[17.26047,48.189616],[17.261181,48.189815],[17.261617,48.189229],[17.261744,48.189289],[17.262012,48.188938],[17.261706,48.188815],[17.262363,48.188138],[17.26221,48.188097],[17.263096,48.186468],[17.263791,48.185709],[17.264231,48.185826],[17.264171,48.185978],[17.264615,48.186051],[17.265058,48.185934],[17.267327,48.186591],[17.268075,48.186744],[17.269175,48.186571],[17.270214,48.186173],[17.271559,48.184941],[17.274064,48.183617],[17.269374,48.181268],[17.267693,48.18269],[17.267456,48.182868],[17.265959,48.183112],[17.265661,48.183255],[17.265272,48.183647],[17.265035,48.18325],[17.264696,48.183096],[17.263975,48.184009],[17.263944,48.184314],[17.263578,48.184498],[17.263211,48.185038],[17.263077,48.184997],[17.262829,48.185246],[17.262554,48.185147],[17.261878,48.184997],[17.26132,48.184871],[17.260793,48.18463],[17.260962,48.18447],[17.260748,48.184354],[17.260334,48.184684],[17.26079,48.184923],[17.261228,48.185041],[17.261276,48.184952],[17.26184,48.185082]]],[[[17.263165,48.190675],[17.263077,48.190964],[17.263663,48.190984],[17.263738,48.1907],[17.267092,48.190849],[17.267548,48.189464],[17.26712,48.189402],[17.266983,48.189769],[17.264217,48.189413],[17.264263,48.188414],[17.263805,48.187925],[17.263303,48.187748],[17.262917,48.18827],[17.262588,48.188225],[17.262451,48.188428],[17.263131,48.188561],[17.263024,48.188882],[17.262306,48.189208],[17.262161,48.189406],[17.262038,48.189381],[17.261893,48.189646],[17.262367,48.189859],[17.262214,48.190073],[17.262825,48.190236],[17.262688,48.190654],[17.263165,48.190675]]]]}},{"type":"Feature","properties":{"kind":"okrsok","area":"yes","src":"flourish-2023","okrsok":"1","mcnorm":"miloslavov","obec":"Miloslavov","name":"Miloslavov okrsok 1","volici":"1386","ucast_rel":"80.23","vitaz":"PS"},"geometry":{"type":"MultiPolygon","coordinates":[[[[17.32566,48.088543],[17.323172,48.08749],[17.318455,48.089683],[17.322164,48.091218],[17.32566,48.088543]]],[[[17.315718,48.090926],[17.315066,48.091258],[17.315268,48.091773],[17.315042,48.092548],[17.314545,48.092485],[17.314201,48.093712],[17.313668,48.093656],[17.313559,48.094106],[17.315351,48.094305],[17.317146,48.094618],[17.316356,48.095401],[17.317928,48.096045],[17.321009,48.093266],[17.315718,48.090926]],[[17.319448,48.094131],[17.319237,48.094321],[17.318861,48.094133],[17.318752,48.094228],[17.317999,48.093854],[17.318144,48.09372],[17.317564,48.093421],[17.317036,48.09405],[17.316814,48.093989],[17.317101,48.093148],[17.317623,48.093352],[17.31863,48.093767],[17.318885,48.093557],[17.319258,48.093731],[17.319009,48.093929],[17.319448,48.094131]]],[[[17.316356,48.095401],[17.315813,48.09536],[17.315358,48.095863],[17.314574,48.095548],[17.314062,48.09611],[17.313671,48.095942],[17.31344,48.096201],[17.314151,48.096519],[17.313896,48.0968],[17.313487,48.09663],[17.313084,48.097137],[17.312693,48.097006],[17.312577,48.097408],[17.31369,48.097687],[17.31397,48.097705],[17.314278,48.097629],[17.314462,48.097471],[17.31365,48.097155],[17.313946,48.096826],[17.315143,48.097321],[17.316225,48.096211],[17.315776,48.096031],[17.316356,48.095401]]],[[[17.306869,48.091151],[17.309478,48.092369],[17.310225,48.091701],[17.308059,48.090593],[17.309179,48.089615],[17.31012,48.090054],[17.310337,48.089877],[17.3096,48.089529],[17.310688,48.088519],[17.311173,48.088749],[17.312157,48.087926],[17.311778,48.087704],[17.312542,48.086865],[17.312181,48.086497],[17.314349,48.086259],[17.315025,48.086137],[17.315836,48.086184],[17.316927,48.085852],[17.317513,48.085757],[17.317359,48.085464],[17.318041,48.085286],[17.318443,48.085434],[17.319054,48.085299],[17.319149,48.085456],[17.320713,48.0851],[17.320559,48.084648],[17.321436,48.084443],[17.32185,48.085195],[17.322941,48.084941],[17.325319,48.084328],[17.325441,48.084753],[17.325785,48.08467],[17.325814,48.084935],[17.325405,48.085015],[17.325364,48.086055],[17.322034,48.086958],[17.323172,48.08749],[17.326711,48.086651],[17.326382,48.083208],[17.322102,48.084256],[17.321818,48.084328],[17.321676,48.084082],[17.321533,48.084118],[17.321095,48.081371],[17.320028,48.081648],[17.320123,48.081957],[17.319353,48.082163],[17.319211,48.081854],[17.317457,48.082281],[17.317753,48.084031],[17.3185,48.083849],[17.318926,48.084704],[17.317907,48.084981],[17.317338,48.085036],[17.316924,48.084173],[17.317232,48.084126],[17.317165,48.083752],[17.315208,48.083952],[17.315119,48.083218],[17.312619,48.083489],[17.312687,48.083809],[17.313309,48.084722],[17.31245,48.08484],[17.312486,48.085201],[17.311188,48.085383],[17.311117,48.084999],[17.311348,48.084975],[17.311313,48.084662],[17.310939,48.084706],[17.310732,48.083677],[17.312587,48.083492],[17.312266,48.081706],[17.309837,48.081909],[17.309991,48.082828],[17.311733,48.082725],[17.311769,48.082938],[17.311342,48.082962],[17.311378,48.083184],[17.310525,48.083239],[17.310157,48.083303],[17.30966,48.083849],[17.308498,48.084276],[17.305997,48.083994],[17.3059,48.084247],[17.30609,48.084278],[17.305799,48.085018],[17.305248,48.084912],[17.305515,48.084179],[17.30577,48.084227],[17.30587,48.08398],[17.30422,48.083793],[17.302606,48.0849],[17.303208,48.085036],[17.303095,48.085385],[17.303889,48.085535],[17.303735,48.085994],[17.303788,48.086228],[17.302757,48.086885],[17.302911,48.086996],[17.3022,48.087447],[17.304143,48.089046],[17.304943,48.088511],[17.305577,48.089093],[17.305257,48.089271],[17.305619,48.089596],[17.305109,48.089893],[17.305601,48.090364],[17.306424,48.089948],[17.306608,48.090158],[17.306353,48.09034],[17.307041,48.091001],[17.306869,48.091151]],[[17.305571,48.088104],[17.30518,48.088365],[17.306105,48.089085],[17.306424,48.088982],[17.307787,48.09032],[17.308137,48.090043],[17.307841,48.089766],[17.309701,48.088163],[17.308095,48.087288],[17.307912,48.086869],[17.308184,48.086176],[17.307604,48.086081],[17.307236,48.08696],[17.304931,48.086568],[17.304481,48.086275],[17.303794,48.086647],[17.305571,48.088104]]]]}},{"type":"Feature","properties":{"kind":"okrsok","area":"yes","src":"flourish-2023","okrsok":"2","mcnorm":"miloslavov","obec":"Miloslavov","name":"Miloslavov okrsok 2","volici":"1371","ucast_rel":"87.38","vitaz":"PS"},"geometry":{"type":"MultiPolygon","coordinates":[[[[17.316222,48.095538],[17.315776,48.096031],[17.316225,48.096211],[17.315143,48.097321],[17.313946,48.096826],[17.31365,48.097155],[17.314462,48.097471],[17.314278,48.097629],[17.31397,48.097705],[17.314169,48.09795],[17.314607,48.098061],[17.314808,48.097768],[17.315016,48.097827],[17.315288,48.097392],[17.316118,48.097705],[17.316467,48.09738],[17.315946,48.097174],[17.316645,48.096324],[17.317356,48.096604],[17.317928,48.096045],[17.316356,48.095401],[17.316222,48.095538]]],[[[17.315813,48.09536],[17.314385,48.094887],[17.313408,48.094634],[17.312693,48.097006],[17.313084,48.097137],[17.313487,48.09663],[17.313896,48.0968],[17.314151,48.096519],[17.31344,48.096201],[17.313671,48.095942],[17.314062,48.09611],[17.314574,48.095548],[17.315358,48.095863],[17.315813,48.09536]]],[[[17.321009,48.093266],[17.317294,48.091626],[17.315718,48.090926],[17.315066,48.091258],[17.315268,48.091773],[17.315042,48.092548],[17.314545,48.092485],[17.314201,48.093712],[17.313668,48.093656],[17.314336,48.091072],[17.311824,48.089877],[17.310959,48.089331],[17.310337,48.089877],[17.310092,48.08977],[17.3096,48.089529],[17.310688,48.088519],[17.311173,48.088749],[17.312157,48.087926],[17.311778,48.087704],[17.312542,48.086865],[17.312181,48.086497],[17.314349,48.086259],[17.315025,48.086137],[17.315836,48.086184],[17.316927,48.085852],[17.317513,48.085757],[17.317359,48.085464],[17.318041,48.085286],[17.318443,48.085434],[17.319054,48.085299],[17.319149,48.085456],[17.320713,48.0851],[17.320559,48.084648],[17.321436,48.084443],[17.32185,48.085195],[17.322941,48.084941],[17.325319,48.084328],[17.325441,48.084753],[17.325785,48.08467],[17.325814,48.084935],[17.325405,48.085015],[17.325364,48.086055],[17.322034,48.086958],[17.323172,48.08749],[17.318455,48.089683],[17.322164,48.091218],[17.32566,48.088543],[17.326488,48.08885],[17.324785,48.090137],[17.321009,48.093266]]],[[[17.317036,48.09405],[17.316814,48.093989],[17.317101,48.093148],[17.317623,48.093352],[17.31863,48.093767],[17.318885,48.093557],[17.319258,48.093731],[17.319009,48.093929],[17.319448,48.094131],[17.319237,48.094321],[17.318861,48.094133],[17.318752,48.094228],[17.317999,48.093854],[17.318144,48.09372],[17.317564,48.093421],[17.317036,48.09405]]],[[[17.321818,48.084328],[17.322102,48.084256],[17.321489,48.080882],[17.317353,48.081967],[17.317457,48.082281],[17.319211,48.081854],[17.319353,48.082163],[17.320123,48.081957],[17.320028,48.081648],[17.321095,48.081371],[17.321533,48.084118],[17.321676,48.084082],[17.321818,48.084328]]],[[[17.317753,48.084031],[17.3185,48.083849],[17.318926,48.084704],[17.317907,48.084981],[17.317338,48.085036],[17.316924,48.084173],[17.317232,48.084126],[17.317753,48.084031]]],[[[17.311117,48.084999],[17.311188,48.085383],[17.312486,48.085201],[17.31245,48.08484],[17.313309,48.084722],[17.312687,48.083809],[17.312619,48.083489],[17.310732,48.083677],[17.310939,48.084706],[17.311313,48.084662],[17.311348,48.084975],[17.311117,48.084999]]],[[[17.30587,48.08398],[17.30577,48.084227],[17.305515,48.084179],[17.305248,48.084912],[17.305799,48.085018],[17.30609,48.084278],[17.3059,48.084247],[17.305997,48.083994],[17.308498,48.084276],[17.30966,48.083849],[17.310157,48.083303],[17.310525,48.083239],[17.311378,48.083184],[17.311342,48.082962],[17.311769,48.082938],[17.311733,48.082725],[17.309991,48.082828],[17.309837,48.081909],[17.30859,48.082002],[17.308649,48.0822],[17.307524,48.082295],[17.307393,48.081986],[17.305248,48.083174],[17.30422,48.083793],[17.30587,48.08398]]],[[[17.3022,48.087447],[17.30129,48.087979],[17.299691,48.087053],[17.302606,48.0849],[17.303208,48.085036],[17.303095,48.085385],[17.303889,48.085535],[17.303735,48.085994],[17.303788,48.086228],[17.302757,48.086885],[17.302911,48.086996],[17.3022,48.087447]]],[[[17.304143,48.089046],[17.303892,48.089198],[17.304223,48.089519],[17.303886,48.089724],[17.306001,48.091949],[17.306869,48.091151],[17.307041,48.091001],[17.306353,48.09034],[17.306608,48.090158],[17.306424,48.089948],[17.305601,48.090364],[17.305109,48.089893],[17.305619,48.089596],[17.305257,48.089271],[17.305577,48.089093],[17.304943,48.088511],[17.304143,48.089046]]],[[[17.307787,48.09032],[17.308137,48.090043],[17.307841,48.089766],[17.309701,48.088163],[17.308095,48.087288],[17.307912,48.086869],[17.308184,48.086176],[17.307604,48.086081],[17.307236,48.08696],[17.304931,48.086568],[17.304481,48.086275],[17.303794,48.086647],[17.305571,48.088104],[17.30518,48.088365],[17.306105,48.089085],[17.306424,48.088982],[17.307787,48.09032]]]]}},{"type":"Feature","properties":{"kind":"okrsok","area":"yes","src":"flourish-2023","okrsok":"3","mcnorm":"miloslavov","obec":"Miloslavov","name":"Miloslavov okrsok 3","volici":"1449","ucast_rel":"81.84","vitaz":"PS"},"geometry":{"type":"MultiPolygon","coordinates":[[[[17.296267,48.111955],[17.296267,48.110589],[17.292488,48.110599],[17.293101,48.101681],[17.299285,48.1019],[17.299315,48.101202],[17.299673,48.100104],[17.300062,48.098408],[17.300958,48.098508],[17.301033,48.098329],[17.303356,48.098573],[17.303498,48.098019],[17.305746,48.098239],[17.305328,48.100035],[17.306306,48.10207],[17.30777,48.10622],[17.305096,48.106738],[17.305335,48.107486],[17.302781,48.107945],[17.302751,48.108404],[17.301884,48.108564],[17.301795,48.109222],[17.299255,48.108743],[17.299255,48.109531],[17.305738,48.110788],[17.305768,48.112434],[17.299151,48.112464],[17.299121,48.111945],[17.296267,48.111955]]]]}},{"type":"Feature","properties":{"kind":"okrsok","area":"yes","src":"flourish-2023","okrsok":"1","mcnorm":"kalinkovo","obec":"Kalinkovo","name":"Kalinkovo okrsok 1","volici":"1156","ucast_rel":"85.81","vitaz":"PS"},"geometry":{"type":"MultiPolygon","coordinates":[[[[17.250616,48.066354],[17.24948,48.066433],[17.249212,48.064706],[17.249391,48.064217],[17.249929,48.063598],[17.249032,48.061532],[17.248136,48.060473],[17.247419,48.059994],[17.246851,48.058177],[17.248196,48.057039],[17.2483,48.056639],[17.248046,48.05599],[17.247538,48.055271],[17.246119,48.051796],[17.252393,48.051058],[17.252147,48.053374],[17.250758,48.053509],[17.250728,48.055072],[17.252132,48.055092],[17.252132,48.055092],[17.252162,48.054518],[17.252752,48.054523],[17.253155,48.054982],[17.253364,48.054837],[17.254291,48.055501],[17.25636,48.054667],[17.258324,48.057054],[17.256263,48.058132],[17.257906,48.05947],[17.254171,48.061267],[17.254589,48.061686],[17.253842,48.062046],[17.253275,48.061666],[17.251064,48.062565],[17.250616,48.062565],[17.250407,48.064621],[17.250616,48.066354]]]]}},{"type":"Feature","properties":{"kind":"okrsok","area":"yes","src":"flourish-2023","okrsok":"1","mcnorm":"chorvatskygrob","obec":"Chorvátsky Grob","name":"Chorvátsky Grob okrsok 1","volici":"869","ucast_rel":"72.95","vitaz":"PS"},"geometry":{"type":"MultiPolygon","coordinates":[[[[17.271963,48.227041],[17.273173,48.228344],[17.277505,48.228295],[17.277475,48.228921],[17.284317,48.228852],[17.284257,48.228474],[17.285204,48.228435],[17.28534,48.22891],[17.285896,48.229071],[17.290705,48.228318],[17.291235,48.22794],[17.291706,48.228363],[17.292923,48.228642],[17.294283,48.228661],[17.294427,48.228433],[17.297512,48.229528],[17.297781,48.22899],[17.297153,48.228781],[17.297527,48.227916],[17.297266,48.227861],[17.294539,48.227737],[17.294569,48.226975],[17.298692,48.226592],[17.29872,48.226174],[17.299041,48.226076],[17.300524,48.225802],[17.30027,48.225414],[17.29912,48.225713],[17.298739,48.224921],[17.297895,48.225091],[17.296864,48.225081],[17.295975,48.225031],[17.295004,48.224862],[17.293936,48.224678],[17.290821,48.223891],[17.290777,48.225255],[17.29,48.225484],[17.290149,48.225961],[17.289731,48.225981],[17.289731,48.226748],[17.288536,48.227265],[17.2864,48.227613],[17.284039,48.227584],[17.28392,48.226768],[17.271963,48.227041]]]]}},{"type":"Feature","properties":{"kind":"okrsok","area":"yes","src":"flourish-2023","okrsok":"2","mcnorm":"chorvatskygrob","obec":"Chorvátsky Grob","name":"Chorvátsky Grob okrsok 2","volici":"703","ucast_rel":"80.08","vitaz":"PS"},"geometry":{"type":"MultiPolygon","coordinates":[[[[17.284317,48.228852],[17.285018,48.229579],[17.285399,48.229569],[17.285694,48.231554],[17.285395,48.233544],[17.293955,48.233077],[17.292709,48.231575],[17.294991,48.232568],[17.298039,48.229677],[17.297512,48.229528],[17.294427,48.228433],[17.294283,48.228661],[17.292923,48.228642],[17.291706,48.228363],[17.291235,48.22794],[17.290705,48.228318],[17.285896,48.229071],[17.28534,48.22891],[17.285204,48.228435],[17.284257,48.228474],[17.284317,48.228852]]]]}},{"type":"Feature","properties":{"kind":"okrsok","area":"yes","src":"flourish-2023","okrsok":"3","mcnorm":"chorvatskygrob","obec":"Chorvátsky Grob","name":"Chorvátsky Grob okrsok 3","volici":"1201","ucast_rel":"84.17","vitaz":"PS"},"geometry":{"type":"MultiPolygon","coordinates":[[[[17.231466,48.227304],[17.227328,48.227523],[17.22564,48.225328],[17.224654,48.225607],[17.222338,48.2228],[17.223533,48.222422],[17.222906,48.221626],[17.224221,48.221198],[17.225595,48.220422],[17.22918,48.215933],[17.232123,48.21436],[17.237381,48.217993],[17.233139,48.221626],[17.232661,48.22135],[17.232048,48.221818],[17.231503,48.224286],[17.231735,48.224525],[17.230704,48.225465],[17.230301,48.225286],[17.229374,48.226012],[17.228433,48.225614],[17.227522,48.226152],[17.231548,48.227167],[17.231466,48.227304]]],[[[17.242009,48.229986],[17.243099,48.229821],[17.244466,48.228582],[17.245997,48.229503],[17.244877,48.230334],[17.245691,48.230817],[17.245795,48.231075],[17.245317,48.231389],[17.244391,48.231901],[17.242009,48.229986]]]]}},{"type":"Feature","properties":{"kind":"okrsok","area":"yes","src":"flourish-2023","okrsok":"4","mcnorm":"chorvatskygrob","obec":"Chorvátsky Grob","name":"Chorvátsky Grob okrsok 4","volici":"1247","ucast_rel":"85.08","vitaz":"PS"},"geometry":{"type":"MultiPolygon","coordinates":[[[[17.231123,48.225083],[17.234592,48.226587],[17.235204,48.22604],[17.237101,48.226846],[17.238715,48.227712],[17.240492,48.226657],[17.240164,48.226458],[17.244346,48.223114],[17.240328,48.220964],[17.241314,48.220238],[17.237381,48.217993],[17.233139,48.221626],[17.232661,48.22135],[17.232048,48.221818],[17.231503,48.224286],[17.231735,48.224525],[17.231123,48.225083]]]]}},{"type":"Feature","properties":{"kind":"okrsok","area":"yes","src":"flourish-2023","okrsok":"5","mcnorm":"chorvatskygrob","obec":"Chorvátsky Grob","name":"Chorvátsky Grob okrsok 5","volici":"1262","ucast_rel":"84.31","vitaz":"PS"},"geometry":{"type":"MultiPolygon","coordinates":[[[[17.238715,48.227712],[17.242009,48.229986],[17.243099,48.229821],[17.244466,48.228582],[17.245437,48.227781],[17.240731,48.226876],[17.240492,48.226657],[17.238715,48.227712]]],[[[17.244391,48.231901],[17.246109,48.233364],[17.249261,48.234677],[17.255565,48.240304],[17.256551,48.240921],[17.259748,48.237936],[17.26154,48.231498],[17.260368,48.231702],[17.260047,48.230443],[17.258732,48.230214],[17.253885,48.231473],[17.250493,48.23018],[17.248432,48.231682],[17.246326,48.230558],[17.245691,48.230817],[17.245795,48.231075],[17.245317,48.231389],[17.244391,48.231901]]]]}},{"type":"Feature","properties":{"kind":"okrsok","area":"yes","src":"flourish-2023","okrsok":"1","mcnorm":"borinka","obec":"Borinka","name":"Borinka okrsok 1","volici":"718","ucast_rel":"81.61","vitaz":"PS"},"geometry":{"type":"MultiPolygon","coordinates":[[[[17.072363,48.269001],[17.07187,48.268683],[17.073125,48.267628],[17.073692,48.267111],[17.075029,48.266753],[17.074574,48.266425],[17.075074,48.266112],[17.075492,48.26642],[17.076277,48.265943],[17.075851,48.265515],[17.076038,48.265381],[17.075037,48.26473],[17.07488,48.264536],[17.074656,48.264402],[17.074163,48.263919],[17.074208,48.263725],[17.074514,48.263482],[17.075179,48.263193],[17.07497,48.26296],[17.075933,48.262544],[17.078383,48.264593],[17.079828,48.263715],[17.080471,48.263417],[17.07929,48.262522],[17.079978,48.261816],[17.08062,48.26101],[17.081486,48.260613],[17.081785,48.260851],[17.082846,48.260344],[17.083204,48.260364],[17.084668,48.259847],[17.085378,48.260881],[17.0903,48.259678],[17.090905,48.259583],[17.092137,48.259981],[17.093325,48.259728],[17.095603,48.258902],[17.097553,48.258353],[17.098385,48.258721],[17.099102,48.258285],[17.10091,48.258166],[17.101239,48.258524],[17.099468,48.259176],[17.099618,48.25934],[17.098072,48.259921],[17.097967,48.259708],[17.096567,48.259762],[17.096544,48.259869],[17.094901,48.26015],[17.095121,48.260456],[17.094195,48.260774],[17.093986,48.260446],[17.089385,48.261649],[17.087324,48.262674],[17.088534,48.263922],[17.088489,48.264419],[17.090162,48.265125],[17.091297,48.265006],[17.092179,48.264966],[17.092522,48.265165],[17.094225,48.265225],[17.094509,48.265543],[17.09427,48.265861],[17.093508,48.26612],[17.093732,48.266587],[17.092418,48.266607],[17.09194,48.266418],[17.092253,48.265314],[17.091671,48.265324],[17.090969,48.266289],[17.086577,48.26603],[17.086562,48.265195],[17.087055,48.264906],[17.087264,48.264668],[17.086741,48.264509],[17.086771,48.263604],[17.086233,48.263116],[17.085807,48.26331],[17.085703,48.263226],[17.083925,48.264255],[17.082506,48.264658],[17.079369,48.265622],[17.08037,48.267631],[17.079145,48.26787],[17.078831,48.267263],[17.076725,48.26776],[17.077009,48.268357],[17.076038,48.268625],[17.075694,48.268059],[17.074663,48.268407],[17.073722,48.267641],[17.072363,48.269001]]]]}},{"type":"Feature","properties":{"kind":"okrsok","area":"yes","src":"flourish-2023","okrsok":"1","mcnorm":"rovinka","obec":"Rovinka","name":"Rovinka okrsok 1","volici":"1062","ucast_rel":"74.29","vitaz":"PS"},"geometry":{"type":"MultiPolygon","coordinates":[[[[17.249572,48.101796],[17.24924,48.102039],[17.249614,48.102273],[17.249952,48.102015],[17.250843,48.102529],[17.24905,48.103855],[17.240729,48.099247],[17.240386,48.099536],[17.239938,48.099426],[17.239011,48.099506],[17.238474,48.100025],[17.237533,48.099496],[17.238294,48.098857],[17.238003,48.098728],[17.23887,48.098114],[17.238317,48.097815],[17.23804,48.098054],[17.237413,48.097745],[17.235874,48.098987],[17.236158,48.099172],[17.235942,48.099351],[17.235635,48.099172],[17.233507,48.100698],[17.233671,48.100808],[17.233059,48.101267],[17.233469,48.101571],[17.232939,48.10195],[17.232252,48.101476],[17.231677,48.1019],[17.23078,48.102693],[17.230437,48.103596],[17.229742,48.104015],[17.22901,48.104698],[17.229197,48.104793],[17.228599,48.105412],[17.230213,48.106294],[17.229776,48.106697],[17.227557,48.105525],[17.228237,48.104862],[17.227722,48.104607],[17.228416,48.103969],[17.228095,48.103809],[17.228289,48.10364],[17.228611,48.103784],[17.228939,48.10348],[17.22907,48.103542],[17.229223,48.103398],[17.229089,48.10333],[17.230067,48.1023],[17.228304,48.101443],[17.229649,48.101019],[17.231367,48.099881],[17.232756,48.098754],[17.233264,48.097886],[17.233189,48.097227],[17.233667,48.096789],[17.234913,48.097648],[17.235777,48.097049],[17.235023,48.0965],[17.235568,48.096171],[17.233768,48.094153],[17.233932,48.093714],[17.233626,48.09343],[17.233723,48.093126],[17.234239,48.092766],[17.234605,48.093041],[17.235068,48.092761],[17.238362,48.095485],[17.23928,48.095051],[17.240774,48.094268],[17.241506,48.094777],[17.241327,48.094902],[17.241021,48.094702],[17.239124,48.095884],[17.241439,48.097336],[17.239915,48.098623],[17.241073,48.099301],[17.241342,48.099067],[17.243513,48.100301],[17.243231,48.100545],[17.243608,48.100749],[17.243871,48.100505],[17.246511,48.102005],[17.247731,48.101053],[17.247982,48.100879],[17.249572,48.101796]],[[17.239896,48.097864],[17.239265,48.097464],[17.23956,48.097215],[17.239452,48.097138],[17.239665,48.096973],[17.240453,48.097479],[17.239896,48.097864]]],[[[17.243859,48.093762],[17.246772,48.095373],[17.24697,48.095218],[17.246619,48.095024],[17.246735,48.094937],[17.246447,48.094774],[17.246959,48.094413],[17.245954,48.093807],[17.248826,48.091512],[17.248467,48.091307],[17.245644,48.093512],[17.245062,48.093213],[17.243859,48.093762]]],[[[17.251926,48.089414],[17.252505,48.088957],[17.252198,48.088638],[17.250805,48.087949],[17.250484,48.088261],[17.251347,48.088937],[17.251545,48.089067],[17.251926,48.089414]]],[[[17.259912,48.103915],[17.259255,48.103556],[17.257029,48.098399],[17.258896,48.096982],[17.262078,48.098528],[17.26169,48.098937],[17.258852,48.0976],[17.258164,48.098229],[17.258478,48.098618],[17.258,48.098927],[17.259613,48.102549],[17.260719,48.10215],[17.261525,48.102239],[17.263243,48.103067],[17.264946,48.103417],[17.26638,48.103037],[17.268681,48.102299],[17.269996,48.10199],[17.270459,48.101541],[17.270578,48.101182],[17.272326,48.100853],[17.272819,48.101182],[17.265634,48.103935],[17.264379,48.103995],[17.262198,48.103696],[17.26172,48.103456],[17.259912,48.103915]]]]}},{"type":"Feature","properties":{"kind":"okrsok","area":"yes","src":"flourish-2023","okrsok":"2","mcnorm":"rovinka","obec":"Rovinka","name":"Rovinka okrsok 2","volici":"1143","ucast_rel":"83.9","vitaz":"PS"},"geometry":{"type":"MultiPolygon","coordinates":[[[[17.227557,48.105525],[17.22707,48.105995],[17.225479,48.105212],[17.225793,48.104903],[17.221506,48.102838],[17.221625,48.102743],[17.226779,48.101571],[17.227981,48.101521],[17.228304,48.101443],[17.230067,48.1023],[17.229089,48.10333],[17.229223,48.103398],[17.22907,48.103542],[17.228939,48.10348],[17.228611,48.103784],[17.228289,48.10364],[17.228095,48.103809],[17.228416,48.103969],[17.227722,48.104607],[17.228237,48.104862],[17.227557,48.105525]]],[[[17.233667,48.096789],[17.233352,48.096692],[17.233172,48.095974],[17.233255,48.09562],[17.233524,48.0958],[17.233785,48.09567],[17.234614,48.096273],[17.234838,48.096119],[17.235206,48.09639],[17.235023,48.0965],[17.235777,48.097049],[17.234913,48.097648],[17.233667,48.096789]]],[[[17.240741,48.096898],[17.242091,48.095957],[17.240543,48.095],[17.239124,48.095884],[17.240741,48.096898]]],[[[17.238909,48.095227],[17.238087,48.094463],[17.238588,48.094168],[17.239534,48.094918],[17.23928,48.095051],[17.238909,48.095227]]],[[[17.239178,48.092821],[17.235391,48.089708],[17.23616,48.089479],[17.236407,48.089154],[17.236698,48.088566],[17.237198,48.088466],[17.239488,48.090389],[17.240126,48.09003],[17.24311,48.092452],[17.242335,48.092854],[17.241544,48.092175],[17.240184,48.092804],[17.239766,48.092495],[17.239178,48.092821]]],[[[17.24353,48.090389],[17.244016,48.09011],[17.241805,48.088453],[17.241088,48.088254],[17.239041,48.089057],[17.239743,48.089581],[17.241349,48.088803],[17.24353,48.090389]]],[[[17.24697,48.095218],[17.246619,48.095024],[17.246735,48.094937],[17.246447,48.094774],[17.246959,48.094413],[17.245954,48.093807],[17.248826,48.091512],[17.249864,48.092075],[17.253255,48.089446],[17.254092,48.089945],[17.25085,48.09238],[17.24697,48.095218]]],[[[17.239896,48.097864],[17.240453,48.097479],[17.239665,48.096973],[17.239452,48.097138],[17.23956,48.097215],[17.239265,48.097464],[17.239896,48.097864]]]]}},{"type":"Feature","properties":{"kind":"okrsok","area":"yes","src":"flourish-2023","okrsok":"3","mcnorm":"rovinka","obec":"Rovinka","name":"Rovinka okrsok 3","volici":"1011","ucast_rel":"83.38","vitaz":"PS"},"geometry":{"type":"MultiPolygon","coordinates":[[[[17.234276,48.102729],[17.235034,48.102597],[17.236076,48.102161],[17.235067,48.10162],[17.233734,48.102729],[17.234276,48.102729]]],[[[17.243513,48.100301],[17.243231,48.100545],[17.243608,48.100749],[17.243871,48.100505],[17.246511,48.102005],[17.247731,48.101053],[17.247164,48.100759],[17.247111,48.100789],[17.244983,48.099622],[17.245222,48.099452],[17.2426,48.098013],[17.241342,48.099067],[17.243513,48.100301]]],[[[17.233626,48.09343],[17.233308,48.093182],[17.233622,48.092049],[17.233966,48.091421],[17.233981,48.090842],[17.234668,48.089904],[17.234264,48.089425],[17.234578,48.089235],[17.234877,48.089505],[17.235534,48.088736],[17.236042,48.088427],[17.234757,48.087439],[17.2354,48.0869],[17.236819,48.087938],[17.237198,48.088466],[17.236698,48.088566],[17.236407,48.089154],[17.23616,48.089479],[17.235391,48.089708],[17.239178,48.092821],[17.240774,48.094268],[17.239534,48.094918],[17.238588,48.094168],[17.238087,48.094463],[17.238909,48.095227],[17.238362,48.095485],[17.235068,48.092761],[17.234605,48.093041],[17.234239,48.092766],[17.233723,48.093126],[17.233626,48.09343]]],[[[17.239488,48.090389],[17.240126,48.09003],[17.239743,48.089581],[17.239041,48.089057],[17.238425,48.088609],[17.237792,48.088964],[17.239488,48.090389]]],[[[17.245644,48.093512],[17.245062,48.093213],[17.244467,48.092765],[17.248142,48.090944],[17.249404,48.090111],[17.251545,48.089067],[17.251926,48.089414],[17.252505,48.088957],[17.253255,48.089446],[17.249864,48.092075],[17.248826,48.091512],[17.248467,48.091307],[17.245644,48.093512]]],[[[17.25085,48.09238],[17.253901,48.094087],[17.257307,48.091523],[17.256022,48.091034],[17.254092,48.089945],[17.25085,48.09238]]]]}},{"type":"Feature","properties":{"kind":"okrsok","area":"yes","src":"flourish-2023","okrsok":"4","mcnorm":"rovinka","obec":"Rovinka","name":"Rovinka okrsok 4","volici":"1003","ucast_rel":"80.05","vitaz":"PS"},"geometry":{"type":"MultiPolygon","coordinates":[[[[17.230213,48.106294],[17.232591,48.1074],[17.236124,48.106129],[17.237215,48.106647],[17.238365,48.106198],[17.238216,48.105799],[17.23838,48.10573],[17.237379,48.105141],[17.238738,48.104243],[17.235531,48.102389],[17.235034,48.102597],[17.234276,48.102729],[17.233734,48.102729],[17.235067,48.10162],[17.236076,48.102161],[17.238474,48.100025],[17.237533,48.099496],[17.238294,48.098857],[17.238003,48.098728],[17.23887,48.098114],[17.238317,48.097815],[17.23804,48.098054],[17.237413,48.097745],[17.235874,48.098987],[17.236158,48.099172],[17.235942,48.099351],[17.235635,48.099172],[17.233507,48.100698],[17.233671,48.100808],[17.233059,48.101267],[17.233469,48.101571],[17.232939,48.10195],[17.232252,48.101476],[17.231677,48.1019],[17.23078,48.102693],[17.230437,48.103596],[17.229742,48.104015],[17.22901,48.104698],[17.229197,48.104793],[17.228599,48.105412],[17.230213,48.106294]]],[[[17.249952,48.102015],[17.250323,48.101762],[17.243918,48.097968],[17.244725,48.097267],[17.243911,48.096818],[17.2426,48.098013],[17.245222,48.099452],[17.244983,48.099622],[17.247111,48.100789],[17.247164,48.100759],[17.247731,48.101053],[17.247982,48.100879],[17.249572,48.101796],[17.24924,48.102039],[17.249614,48.102273],[17.249952,48.102015]]],[[[17.242091,48.095957],[17.240543,48.095],[17.241021,48.094702],[17.241327,48.094902],[17.241506,48.094777],[17.243317,48.095891],[17.242757,48.096315],[17.242091,48.095957]]]]}},{"type":"Feature","properties":{"kind":"okrsok","area":"yes","src":"flourish-2023","okrsok":"2","mcnorm":"zalesie","obec":"Zálesie","name":"Zálesie okrsok 2","volici":"851","ucast_rel":"84.13","vitaz":"PS"},"geometry":{"type":"MultiPolygon","coordinates":[[[[17.264553,48.164308],[17.264126,48.16438],[17.265276,48.165962],[17.268234,48.165125],[17.272798,48.171362],[17.273709,48.1718],[17.27471,48.170505],[17.272969,48.168327],[17.273537,48.168169],[17.273321,48.16787],[17.273836,48.167496],[17.276152,48.168388],[17.276443,48.168024],[17.275733,48.167726],[17.27725,48.166131],[17.277959,48.166435],[17.278923,48.164951],[17.27946,48.162734],[17.279498,48.162231],[17.279404,48.161747],[17.279882,48.161683],[17.279864,48.161471],[17.278654,48.161511],[17.278654,48.16166],[17.277503,48.16175],[17.276906,48.161999],[17.276338,48.16181],[17.2699,48.163025],[17.269511,48.162019],[17.267823,48.162387],[17.26491,48.162208],[17.264553,48.164308]]]]}},{"type":"Feature","properties":{"kind":"okrsok","area":"yes","src":"flourish-2023","okrsok":"1","mcnorm":"zalesie","obec":"Zálesie","name":"Zálesie okrsok 1","volici":"856","ucast_rel":"77.33","vitaz":"PS"},"geometry":{"type":"MultiPolygon","coordinates":[[[[17.272798,48.171362],[17.271323,48.172029],[17.271061,48.171785],[17.270755,48.171925],[17.270994,48.172189],[17.268103,48.173628],[17.268776,48.174236],[17.269015,48.174654],[17.269956,48.174724],[17.270897,48.174296],[17.27139,48.174585],[17.27248,48.174346],[17.272929,48.174515],[17.273526,48.174097],[17.274378,48.172363],[17.276215,48.172881],[17.276245,48.17309],[17.279531,48.172333],[17.282414,48.172732],[17.2811,48.170112],[17.279307,48.169952],[17.279218,48.169424],[17.276902,48.169205],[17.277559,48.168418],[17.279009,48.168139],[17.280667,48.166425],[17.281608,48.164582],[17.280323,48.163287],[17.280906,48.163117],[17.280741,48.162689],[17.280487,48.162719],[17.280263,48.161882],[17.27992,48.161922],[17.279882,48.161683],[17.279404,48.161747],[17.279498,48.162231],[17.27946,48.162734],[17.278923,48.164951],[17.277959,48.166435],[17.27725,48.166131],[17.275733,48.167726],[17.276443,48.168024],[17.276152,48.168388],[17.273836,48.167496],[17.273321,48.16787],[17.273537,48.168169],[17.272969,48.168327],[17.27471,48.170505],[17.273709,48.1718],[17.272798,48.171362]]],[[[17.2699,48.163025],[17.269511,48.162019],[17.269193,48.161193],[17.274165,48.161474],[17.276612,48.160836],[17.277913,48.160721],[17.278773,48.160874],[17.279041,48.159203],[17.28059,48.159407],[17.279882,48.160811],[17.279864,48.161471],[17.278654,48.161511],[17.278654,48.16166],[17.277503,48.16175],[17.276906,48.161999],[17.276338,48.16181],[17.2699,48.163025]]],[[[17.280848,48.156703],[17.281976,48.154497],[17.283276,48.154573],[17.28211,48.156716],[17.280848,48.156703]]],[[[17.28079,48.15109],[17.280848,48.149802],[17.282473,48.149789],[17.282531,48.148233],[17.282989,48.148271],[17.283984,48.150108],[17.284098,48.15206],[17.282664,48.152035],[17.282703,48.151142],[17.28079,48.15109]]]]}},{"type":"Feature","properties":{"kind":"okrsok","area":"yes","src":"flourish-2023","okrsok":"1","mcnorm":"malinovo","obec":"Malinovo","name":"Malinovo okrsok 1","volici":"1430","ucast_rel":"76.15","vitaz":"PS"},"geometry":{"type":"MultiPolygon","coordinates":[[[[17.29131,48.150128],[17.287053,48.151626],[17.287818,48.152698],[17.291317,48.151658],[17.291661,48.152334],[17.288238,48.153476],[17.288458,48.153846],[17.288898,48.153693],[17.28907,48.154069],[17.290007,48.154107],[17.294434,48.154866],[17.294759,48.155779],[17.2943,48.156735],[17.294003,48.157647],[17.295065,48.157634],[17.295179,48.160868],[17.296231,48.161078],[17.297015,48.160881],[17.297072,48.161282],[17.297703,48.161257],[17.297737,48.161958],[17.29821,48.162019],[17.298004,48.164066],[17.300978,48.163435],[17.30094,48.163282],[17.302412,48.163039],[17.302393,48.162899],[17.302747,48.162854],[17.302842,48.163345],[17.305194,48.162966],[17.305787,48.1628],[17.306255,48.162638],[17.307159,48.162252],[17.307675,48.161678],[17.307513,48.161257],[17.307704,48.160702],[17.307245,48.160071],[17.305744,48.159095],[17.305304,48.159108],[17.303717,48.160147],[17.302388,48.159312],[17.302101,48.158534],[17.300629,48.157826],[17.299864,48.15671],[17.299874,48.156117],[17.300246,48.155447],[17.300944,48.154637],[17.303975,48.153527],[17.305658,48.153112],[17.305514,48.152698],[17.305008,48.152819],[17.305132,48.153151],[17.304415,48.153329],[17.304243,48.153119],[17.303899,48.153266],[17.303096,48.152883],[17.303306,48.152647],[17.303497,48.152704],[17.303727,48.152404],[17.304071,48.152487],[17.304271,48.152168],[17.30365,48.15199],[17.304061,48.15148],[17.303268,48.151327],[17.301413,48.153546],[17.300227,48.15317],[17.299396,48.154452],[17.296422,48.154063],[17.295485,48.153923],[17.294357,48.15368],[17.294778,48.152494],[17.293898,48.152481],[17.293439,48.151805],[17.292024,48.15155],[17.29131,48.150128]],[[17.299147,48.163081],[17.298918,48.161958],[17.300218,48.161722],[17.30038,48.162787],[17.299147,48.163081]],[[17.301939,48.162705],[17.301327,48.162583],[17.301078,48.161161],[17.301346,48.16111],[17.301289,48.160791],[17.301795,48.160708],[17.302522,48.161423],[17.302837,48.162513],[17.301939,48.162705]]],[[[17.290903,48.149379],[17.292882,48.148914],[17.292617,48.148464],[17.290631,48.148864],[17.290903,48.149379]]]]}},{"type":"Feature","properties":{"kind":"okrsok","area":"yes","src":"flourish-2023","okrsok":"2","mcnorm":"malinovo","obec":"Malinovo","name":"Malinovo okrsok 2","volici":"1437","ucast_rel":"84.48","vitaz":"PS"},"geometry":{"type":"MultiPolygon","coordinates":[[[[17.288458,48.153846],[17.288743,48.155283],[17.286333,48.155448],[17.286429,48.156176],[17.284899,48.156099],[17.285243,48.155028],[17.286352,48.153803],[17.284708,48.149784],[17.2901,48.147858],[17.290903,48.149379],[17.292882,48.148914],[17.292617,48.148464],[17.290382,48.145469],[17.294685,48.143887],[17.295708,48.144531],[17.295927,48.144464],[17.296037,48.144627],[17.295961,48.144707],[17.296788,48.145259],[17.296931,48.145208],[17.297089,48.145313],[17.30132,48.145319],[17.301989,48.145702],[17.299082,48.150595],[17.294971,48.150359],[17.293289,48.151551],[17.293439,48.151805],[17.292024,48.15155],[17.29131,48.150128],[17.287053,48.151626],[17.287818,48.152698],[17.291317,48.151658],[17.291661,48.152334],[17.288238,48.153476],[17.288458,48.153846]]],[[[17.303899,48.153266],[17.303096,48.152883],[17.303306,48.152647],[17.303497,48.152704],[17.303727,48.152404],[17.304071,48.152487],[17.304271,48.152168],[17.305514,48.152698],[17.305008,48.152819],[17.305132,48.153151],[17.304415,48.153329],[17.304243,48.153119],[17.303899,48.153266]]],[[[17.301939,48.162705],[17.302837,48.162513],[17.302522,48.161423],[17.301795,48.160708],[17.301289,48.160791],[17.301346,48.16111],[17.301078,48.161161],[17.301327,48.162583],[17.301939,48.162705]]],[[[17.300978,48.163435],[17.301033,48.163624],[17.302842,48.163345],[17.302747,48.162854],[17.302393,48.162899],[17.302412,48.163039],[17.30094,48.163282],[17.300978,48.163435]]],[[[17.299147,48.163081],[17.30038,48.162787],[17.300218,48.161722],[17.298918,48.161958],[17.299147,48.163081]]],[[[17.295179,48.160868],[17.294187,48.160704],[17.294003,48.157647],[17.295065,48.157634],[17.295179,48.160868]]]]}},{"type":"Feature","properties":{"kind":"okrsok","area":"yes","src":"flourish-2023","okrsok":"1","mcnorm":"mostpribratislave","obec":"Most pri Bratislave","name":"Most pri Bratislave okrsok 1","volici":"1096","ucast_rel":"76.82","vitaz":"PS"},"geometry":{"type":"MultiPolygon","coordinates":[[[[17.276927,48.138521],[17.276077,48.139497],[17.276433,48.139873],[17.276405,48.140147],[17.272623,48.140501],[17.272585,48.141101],[17.267499,48.140437],[17.267441,48.140303],[17.266036,48.140144],[17.262384,48.140131],[17.261772,48.14038],[17.261332,48.140054],[17.260548,48.139927],[17.258569,48.139831],[17.255768,48.140054],[17.255787,48.140182],[17.255013,48.140227],[17.254946,48.140603],[17.258404,48.140235],[17.260833,48.140375],[17.260785,48.140802],[17.266531,48.141281],[17.27167,48.142091],[17.271756,48.14146],[17.272893,48.141498],[17.272893,48.141715],[17.274165,48.141676],[17.274136,48.141485],[17.274593,48.141464],[17.27461,48.141571],[17.276911,48.14179],[17.277227,48.140507],[17.277963,48.140029],[17.279512,48.139327],[17.281443,48.137707],[17.281099,48.137132],[17.281998,48.13629],[17.28173,48.135831],[17.280277,48.136769],[17.279364,48.137145],[17.279617,48.137387],[17.278264,48.138641],[17.278484,48.138865],[17.277624,48.13926],[17.276927,48.138521]]],[[[17.294685,48.143887],[17.295708,48.144531],[17.295927,48.144464],[17.296037,48.144627],[17.295961,48.144707],[17.296788,48.145259],[17.296931,48.145208],[17.297089,48.145313],[17.30132,48.145319],[17.302029,48.144767],[17.304238,48.142279],[17.295289,48.143275],[17.294685,48.143887]]],[[[17.277234,48.137143],[17.27743,48.136891],[17.277315,48.136773],[17.277004,48.136911],[17.277234,48.137143]]],[[[17.278061,48.136103],[17.278615,48.135271],[17.277798,48.135181],[17.277353,48.135382],[17.278061,48.136103]]]]}},{"type":"Feature","properties":{"kind":"okrsok","area":"yes","src":"flourish-2023","okrsok":"2","mcnorm":"mostpribratislave","obec":"Most pri Bratislave","name":"Most pri Bratislave okrsok 2","volici":"1032","ucast_rel":"79.36","vitaz":"PS"},"geometry":{"type":"MultiPolygon","coordinates":[[[[17.263806,48.141054],[17.262969,48.142841],[17.265025,48.143204],[17.264786,48.14381],[17.265369,48.143906],[17.26644,48.142509],[17.268591,48.143262],[17.268362,48.143676],[17.268706,48.143747],[17.268964,48.14337],[17.270159,48.143504],[17.272033,48.143236],[17.274394,48.143096],[17.274232,48.143581],[17.275943,48.143619],[17.275723,48.144697],[17.276526,48.144735],[17.276938,48.143026],[17.277444,48.143077],[17.277645,48.142477],[17.278687,48.141616],[17.279213,48.141986],[17.28015,48.141367],[17.278728,48.139682],[17.277963,48.140029],[17.277227,48.140507],[17.276911,48.14179],[17.27461,48.141571],[17.274593,48.141464],[17.274136,48.141485],[17.274165,48.141676],[17.272893,48.141715],[17.272893,48.141498],[17.271756,48.14146],[17.27167,48.142091],[17.266531,48.141281],[17.263806,48.141054]]],[[[17.261332,48.140054],[17.261134,48.139893],[17.264141,48.138723],[17.263739,48.138333],[17.26416,48.138187],[17.26459,48.138557],[17.265967,48.138429],[17.267267,48.138174],[17.266665,48.137383],[17.267563,48.137089],[17.268787,48.138684],[17.269973,48.138876],[17.271139,48.138391],[17.272114,48.139246],[17.27374,48.139118],[17.275234,48.138608],[17.276433,48.139873],[17.276405,48.140147],[17.272623,48.140501],[17.271015,48.140375],[17.270345,48.13996],[17.268003,48.139711],[17.267936,48.139833],[17.267592,48.139788],[17.267432,48.140182],[17.267179,48.140093],[17.267293,48.140003],[17.267126,48.1399],[17.267489,48.139048],[17.266375,48.138952],[17.266285,48.139325],[17.264903,48.139412],[17.263536,48.140135],[17.262384,48.140131],[17.261772,48.14038],[17.261332,48.140054]]],[[[17.275695,48.137635],[17.275876,48.137817],[17.27558,48.137947],[17.275774,48.138134],[17.276344,48.137872],[17.276256,48.137754],[17.276773,48.137557],[17.277126,48.137608],[17.277451,48.137959],[17.276687,48.138265],[17.277624,48.13926],[17.278484,48.138865],[17.278264,48.138641],[17.279617,48.137387],[17.279364,48.137145],[17.280277,48.136769],[17.280447,48.136658],[17.278805,48.135036],[17.278562,48.135157],[17.27816,48.134755],[17.277768,48.134918],[17.277515,48.134695],[17.277147,48.134857],[17.275091,48.134758],[17.27435,48.135071],[17.275612,48.136296],[17.274761,48.136679],[17.275144,48.137106],[17.274771,48.137259],[17.275279,48.137794],[17.275695,48.137635]],[[17.277234,48.137143],[17.277004,48.136911],[17.277315,48.136773],[17.27743,48.136891],[17.277234,48.137143]],[[17.277798,48.135181],[17.277353,48.135382],[17.278061,48.136103],[17.278615,48.135271],[17.277798,48.135181]]],[[[17.255013,48.140227],[17.254856,48.140258],[17.254187,48.139671],[17.255047,48.139282],[17.255768,48.140054],[17.255787,48.140182],[17.255013,48.140227]]]]}},{"type":"Feature","properties":{"kind":"okrsok","area":"yes","src":"flourish-2023","okrsok":"3","mcnorm":"mostpribratislave","obec":"Most pri Bratislave","name":"Most pri Bratislave okrsok 3","volici":"1006","ucast_rel":"81.61","vitaz":"PS"},"geometry":{"type":"MultiPolygon","coordinates":[[[[17.290382,48.145469],[17.289746,48.145688],[17.289228,48.144824],[17.29023,48.144657],[17.29168,48.144029],[17.292501,48.143499],[17.293735,48.14328],[17.295289,48.143275],[17.294685,48.143887],[17.290382,48.145469]]],[[[17.279213,48.141986],[17.281311,48.143292],[17.282148,48.142698],[17.282943,48.14233],[17.28416,48.143759],[17.284566,48.14362],[17.285084,48.144162],[17.285645,48.14396],[17.281803,48.139],[17.280404,48.139334],[17.279976,48.138937],[17.279512,48.139327],[17.278728,48.139682],[17.28015,48.141367],[17.279213,48.141986]]],[[[17.278805,48.135036],[17.279031,48.134764],[17.280784,48.136441],[17.280447,48.136658],[17.278805,48.135036]]],[[[17.274679,48.138022],[17.273877,48.137259],[17.27405,48.137156],[17.271744,48.134909],[17.272435,48.134667],[17.273842,48.134707],[17.27435,48.135071],[17.275612,48.136296],[17.274761,48.136679],[17.275144,48.137106],[17.274771,48.137259],[17.275279,48.137794],[17.275695,48.137635],[17.275876,48.137817],[17.27558,48.137947],[17.275774,48.138134],[17.276337,48.137875],[17.276344,48.137872],[17.276256,48.137754],[17.276773,48.137557],[17.277126,48.137608],[17.277451,48.137959],[17.276687,48.138265],[17.276927,48.138521],[17.276077,48.139497],[17.275234,48.138608],[17.274679,48.138022]]],[[[17.263536,48.140135],[17.264903,48.139412],[17.266285,48.139325],[17.266375,48.138952],[17.267489,48.139048],[17.267126,48.1399],[17.267293,48.140003],[17.267179,48.140093],[17.267432,48.140182],[17.267592,48.139788],[17.267936,48.139833],[17.268003,48.139711],[17.270345,48.13996],[17.271015,48.140375],[17.272623,48.140501],[17.272585,48.141101],[17.267499,48.140437],[17.267441,48.140303],[17.266036,48.140144],[17.263536,48.140135]]],[[[17.260785,48.140802],[17.26074,48.141077],[17.258737,48.140881],[17.259531,48.142431],[17.257459,48.14288],[17.256829,48.141762],[17.257658,48.141532],[17.257135,48.14037],[17.258404,48.140235],[17.260833,48.140375],[17.260785,48.140802]]],[[[17.263374,48.141977],[17.257727,48.14424],[17.262268,48.145588],[17.263425,48.143652],[17.263657,48.142962],[17.262969,48.142841],[17.263374,48.141977]]]]}},{"type":"Feature","properties":{"kind":"okrsok","area":"yes","src":"flourish-2023","okrsok":"1","mcnorm":"dunajskaluzna","obec":"Dunajská Lužná","name":"Dunajská Lužná okrsok 1","volici":"1170","ucast_rel":"74.44","vitaz":"PS"},"geometry":{"type":"MultiPolygon","coordinates":[[[[17.253856,48.084391],[17.254244,48.084489],[17.254702,48.08491],[17.255513,48.085244],[17.256584,48.084512],[17.257266,48.084875],[17.258794,48.085175],[17.259364,48.084247],[17.260521,48.083687],[17.260478,48.082049],[17.259269,48.081103],[17.259252,48.080532],[17.258898,48.080509],[17.258958,48.079996],[17.260979,48.080047],[17.261022,48.079915],[17.261376,48.079892],[17.261289,48.079384],[17.25933,48.079401],[17.259701,48.078951],[17.260245,48.078888],[17.260547,48.078075],[17.262239,48.077988],[17.262412,48.07924],[17.262887,48.079182],[17.262913,48.07939],[17.262611,48.079401],[17.262671,48.079834],[17.262792,48.079828],[17.262818,48.080105],[17.262585,48.080122],[17.262619,48.080422],[17.26299,48.080422],[17.262714,48.080786],[17.262041,48.080792],[17.261747,48.081155],[17.261713,48.081432],[17.262403,48.081443],[17.264139,48.080261],[17.263716,48.079967],[17.263154,48.079996],[17.263068,48.079586],[17.263465,48.079592],[17.263439,48.07939],[17.263759,48.07939],[17.263811,48.07714],[17.266556,48.076656],[17.266556,48.079863],[17.268663,48.078282],[17.268749,48.07609],[17.268024,48.075929],[17.266919,48.075917],[17.265417,48.075779],[17.264881,48.075894],[17.264432,48.076598],[17.260012,48.077371],[17.259494,48.07729],[17.25863,48.076656],[17.258181,48.076506],[17.258039,48.076658],[17.257374,48.076185],[17.257866,48.075458],[17.255043,48.07401],[17.253799,48.075187],[17.255975,48.075983],[17.256787,48.076803],[17.256683,48.078106],[17.256303,48.079675],[17.256355,48.082029],[17.25601,48.082779],[17.253856,48.084391]]],[[[17.249172,48.087139],[17.249862,48.08752],[17.251019,48.086897],[17.2519,48.086251],[17.252729,48.085536],[17.253489,48.085144],[17.252936,48.085074],[17.252211,48.085455],[17.25095,48.086464],[17.249172,48.087139]]]]}},{"type":"Feature","properties":{"kind":"okrsok","area":"yes","src":"flourish-2023","okrsok":"2","mcnorm":"dunajskaluzna","obec":"Dunajská Lužná","name":"Dunajská Lužná okrsok 2","volici":"1160","ucast_rel":"80.51","vitaz":"PS"},"geometry":{"type":"MultiPolygon","coordinates":[[[[17.260521,48.083687],[17.260478,48.082049],[17.259269,48.081103],[17.259252,48.080532],[17.258898,48.080509],[17.258958,48.079996],[17.260979,48.080047],[17.261022,48.079915],[17.261376,48.079892],[17.261289,48.079384],[17.25933,48.079401],[17.259701,48.078951],[17.260245,48.078888],[17.260547,48.078075],[17.262239,48.077988],[17.262412,48.07924],[17.262887,48.079182],[17.262913,48.07939],[17.262611,48.079401],[17.262671,48.079834],[17.262792,48.079828],[17.262818,48.080105],[17.262585,48.080122],[17.262619,48.080422],[17.26299,48.080422],[17.262714,48.080786],[17.262041,48.080792],[17.261747,48.081155],[17.261713,48.081432],[17.262403,48.081443],[17.264139,48.080261],[17.263716,48.079967],[17.263154,48.079996],[17.263068,48.079586],[17.263465,48.079592],[17.263439,48.07939],[17.263759,48.07939],[17.263811,48.07714],[17.266556,48.076656],[17.266556,48.079863],[17.260521,48.083687]]],[[[17.257866,48.075458],[17.26141,48.074786],[17.263655,48.075536],[17.264881,48.075894],[17.264432,48.076598],[17.260012,48.077371],[17.259494,48.07729],[17.25863,48.076656],[17.258181,48.076506],[17.258039,48.076658],[17.257374,48.076185],[17.257866,48.075458]]],[[[17.27851,48.076239],[17.278361,48.076011],[17.278499,48.075734],[17.278758,48.075841],[17.279531,48.075696],[17.280662,48.074875],[17.274133,48.072179],[17.270701,48.076142],[17.274776,48.076864],[17.274964,48.076311],[17.276151,48.076811],[17.276891,48.076589],[17.27851,48.076239]]],[[[17.270729,48.091646],[17.269962,48.092004],[17.267856,48.089916],[17.268184,48.089784],[17.267001,48.088532],[17.267139,48.088376],[17.266863,48.088088],[17.267338,48.087898],[17.26928,48.089732],[17.2689,48.08987],[17.270729,48.091646]]]]}},{"type":"Feature","properties":{"kind":"okrsok","area":"yes","src":"flourish-2023","okrsok":"3","mcnorm":"dunajskaluzna","obec":"Dunajská Lužná","name":"Dunajská Lužná okrsok 3","volici":"1072","ucast_rel":"80.5","vitaz":"PS"},"geometry":{"type":"MultiPolygon","coordinates":[[[[17.27851,48.076239],[17.276891,48.076589],[17.276151,48.076811],[17.274964,48.076311],[17.274776,48.076864],[17.270701,48.076142],[17.268663,48.078282],[17.266556,48.079863],[17.260521,48.083687],[17.259364,48.084247],[17.260102,48.084477],[17.260698,48.084172],[17.261026,48.084362],[17.261397,48.084126],[17.261959,48.084027],[17.262373,48.083774],[17.265084,48.085221],[17.27407,48.082714],[17.275123,48.082633],[17.277386,48.084779],[17.278353,48.084502],[17.276211,48.082425],[17.278802,48.081883],[17.280131,48.082068],[17.284068,48.085321],[17.28583,48.084398],[17.281858,48.081122],[17.279095,48.081606],[17.278163,48.080383],[17.280218,48.079922],[17.279337,48.07818],[17.279889,48.078007],[17.278882,48.076159],[17.279682,48.075898],[17.281133,48.075148],[17.280662,48.074875],[17.279531,48.075696],[17.278758,48.075841],[17.278499,48.075734],[17.278361,48.076011],[17.27851,48.076239]]]]}},{"type":"Feature","properties":{"kind":"okrsok","area":"yes","src":"flourish-2023","okrsok":"4","mcnorm":"dunajskaluzna","obec":"Dunajská Lužná","name":"Dunajská Lužná okrsok 4","volici":"1164","ucast_rel":"76.71","vitaz":"PS"},"geometry":{"type":"MultiPolygon","coordinates":[[[[17.250805,48.087949],[17.251668,48.087445],[17.251962,48.08761],[17.254367,48.086003],[17.254589,48.08542],[17.253489,48.085144],[17.252729,48.085536],[17.2519,48.086251],[17.251019,48.086897],[17.249862,48.08752],[17.250805,48.087949]]],[[[17.25265,48.08855],[17.253065,48.088891],[17.254156,48.088305],[17.254144,48.088014],[17.253958,48.087866],[17.255882,48.086634],[17.256041,48.085648],[17.255513,48.085244],[17.256584,48.084512],[17.257266,48.084875],[17.258794,48.085175],[17.257993,48.085728],[17.257358,48.086014],[17.257612,48.086406],[17.25708,48.086724],[17.257652,48.087016],[17.257485,48.087138],[17.260798,48.088935],[17.260528,48.089293],[17.261282,48.089526],[17.262338,48.088858],[17.262786,48.089187],[17.26306,48.089035],[17.263699,48.089422],[17.260269,48.091255],[17.260052,48.091144],[17.259814,48.091271],[17.259991,48.091403],[17.25858,48.092157],[17.257307,48.091523],[17.256768,48.091318],[17.260346,48.089295],[17.259656,48.089006],[17.259302,48.089218],[17.258886,48.088924],[17.25866,48.089099],[17.256946,48.088256],[17.25543,48.089126],[17.25489,48.08877],[17.253566,48.089631],[17.253255,48.089446],[17.252505,48.088957],[17.252281,48.088724],[17.25265,48.08855]]],[[[17.262641,48.085907],[17.262163,48.085616],[17.263338,48.08471],[17.264591,48.085431],[17.265084,48.085221],[17.262373,48.083774],[17.261959,48.084027],[17.261397,48.084126],[17.261026,48.084362],[17.260698,48.084172],[17.260338,48.084356],[17.260544,48.084482],[17.260489,48.085049],[17.259267,48.085585],[17.260822,48.086767],[17.261663,48.086321],[17.262861,48.086698],[17.263338,48.086968],[17.26275,48.087451],[17.263544,48.087933],[17.26425,48.087519],[17.265155,48.088018],[17.265448,48.088023],[17.265575,48.088235],[17.266028,48.088315],[17.266863,48.088088],[17.267338,48.087898],[17.267956,48.087631],[17.267789,48.08744],[17.26721,48.087647],[17.266901,48.087472],[17.266575,48.087594],[17.265329,48.086576],[17.26552,48.086459],[17.264988,48.086051],[17.263996,48.08673],[17.263071,48.086168],[17.263707,48.085688],[17.263302,48.085433],[17.262641,48.085907]]],[[[17.239384,48.08811],[17.238781,48.086669],[17.240099,48.086096],[17.240781,48.086149],[17.241321,48.085958],[17.241638,48.086435],[17.241956,48.086616],[17.242971,48.087453],[17.239765,48.088142],[17.239384,48.08811]]],[[[17.275364,48.097418],[17.269962,48.092004],[17.270729,48.091646],[17.276506,48.088853],[17.286632,48.096082],[17.284347,48.096909],[17.281172,48.094068],[17.275364,48.097418]]]]}},{"type":"Feature","properties":{"kind":"okrsok","area":"yes","src":"flourish-2023","okrsok":"5","mcnorm":"dunajskaluzna","obec":"Dunajská Lužná","name":"Dunajská Lužná okrsok 5","volici":"1068","ucast_rel":"80.99","vitaz":"PS"},"geometry":{"type":"MultiPolygon","coordinates":[[[[17.25265,48.08855],[17.253065,48.088891],[17.254156,48.088305],[17.254144,48.088014],[17.253958,48.087866],[17.255882,48.086634],[17.256041,48.085648],[17.255513,48.085244],[17.254702,48.08491],[17.254244,48.084489],[17.253856,48.084391],[17.253337,48.084557],[17.252964,48.08486],[17.252936,48.085074],[17.253489,48.085144],[17.254589,48.08542],[17.254367,48.086003],[17.251962,48.08761],[17.251668,48.087445],[17.250805,48.087949],[17.252198,48.088638],[17.252281,48.088724],[17.25265,48.08855]]],[[[17.256768,48.091318],[17.256022,48.091034],[17.254092,48.089945],[17.253566,48.089631],[17.25489,48.08877],[17.25543,48.089126],[17.256946,48.088256],[17.25866,48.089099],[17.258886,48.088924],[17.259302,48.089218],[17.259656,48.089006],[17.260346,48.089295],[17.256768,48.091318]]],[[[17.263054,48.095034],[17.269587,48.091632],[17.269962,48.092004],[17.27019,48.092232],[17.263816,48.095572],[17.263054,48.095034]]],[[[17.267856,48.089916],[17.266028,48.088315],[17.266863,48.088088],[17.267139,48.088376],[17.267001,48.088532],[17.268184,48.089784],[17.267856,48.089916]]],[[[17.262641,48.085907],[17.262163,48.085616],[17.263338,48.08471],[17.264591,48.085431],[17.265084,48.085221],[17.26599,48.084969],[17.268196,48.087288],[17.267789,48.08744],[17.26721,48.087647],[17.266901,48.087472],[17.266575,48.087594],[17.265329,48.086576],[17.26552,48.086459],[17.264988,48.086051],[17.263996,48.08673],[17.263071,48.086168],[17.263707,48.085688],[17.263302,48.085433],[17.262641,48.085907]]],[[[17.266028,48.088315],[17.263699,48.089422],[17.26306,48.089035],[17.262786,48.089187],[17.262338,48.088858],[17.261282,48.089526],[17.260528,48.089293],[17.260798,48.088935],[17.257485,48.087138],[17.257652,48.087016],[17.25708,48.086724],[17.257612,48.086406],[17.257358,48.086014],[17.257993,48.085728],[17.258794,48.085175],[17.259364,48.084247],[17.260102,48.084477],[17.260338,48.084356],[17.260544,48.084482],[17.260489,48.085049],[17.259267,48.085585],[17.260822,48.086767],[17.261663,48.086321],[17.262861,48.086698],[17.263338,48.086968],[17.26275,48.087451],[17.263544,48.087933],[17.26425,48.087519],[17.265155,48.088018],[17.265448,48.088023],[17.265575,48.088235],[17.266028,48.088315]]],[[[17.270033,48.08384],[17.271757,48.085541],[17.273923,48.084618],[17.272564,48.083134],[17.270033,48.08384]]],[[[17.273653,48.08283],[17.278653,48.087847],[17.279986,48.087242],[17.277386,48.084779],[17.275123,48.082633],[17.27407,48.082714],[17.273653,48.08283]]],[[[17.258811,48.092034],[17.259683,48.092509],[17.263461,48.090526],[17.262735,48.089937],[17.260269,48.091255],[17.260052,48.091144],[17.259814,48.091271],[17.259991,48.091403],[17.258811,48.092034]]]]}},{"type":"Feature","properties":{"kind":"okrsok","area":"yes","src":"flourish-2023","okrsok":"1","mcnorm":"stupava","obec":"Stupava","name":"Stupava okrsok 1","volici":"1400","ucast_rel":"75","vitaz":"PS"},"geometry":{"type":"MultiPolygon","coordinates":[[[[17.030181,48.28201],[17.029982,48.281981],[17.028281,48.281314],[17.027962,48.281263],[17.027236,48.280964],[17.026917,48.280809],[17.026597,48.28051],[17.024361,48.281803],[17.023515,48.280711],[17.021659,48.281734],[17.021063,48.27685],[17.022229,48.27689],[17.02241,48.276781],[17.022557,48.275178],[17.023515,48.27504],[17.023593,48.275344],[17.024525,48.275229],[17.024361,48.274678],[17.025872,48.274494],[17.026002,48.27489],[17.026442,48.274839],[17.026416,48.274718],[17.027124,48.274614],[17.027176,48.274899],[17.027543,48.274683],[17.027517,48.27416],[17.02838,48.274166],[17.028367,48.274396],[17.029844,48.274163],[17.029783,48.273916],[17.03233,48.273709],[17.031899,48.27456],[17.031907,48.274899],[17.031234,48.274669],[17.030992,48.274635],[17.030785,48.274859],[17.030604,48.27502],[17.030172,48.275094],[17.030034,48.275152],[17.029991,48.27541],[17.029654,48.275433],[17.029369,48.275548],[17.029283,48.275732],[17.02898,48.275836],[17.028825,48.276025],[17.028877,48.276324],[17.031044,48.277002],[17.030578,48.278806],[17.030103,48.278766],[17.029507,48.281518],[17.030146,48.281771],[17.030181,48.28201]]]]}},{"type":"Feature","properties":{"kind":"okrsok","area":"yes","src":"flourish-2023","okrsok":"2","mcnorm":"stupava","obec":"Stupava","name":"Stupava okrsok 2","volici":"1385","ucast_rel":"80.36","vitaz":"PS"},"geometry":{"type":"MultiPolygon","coordinates":[[[[17.033893,48.291412],[17.036855,48.290033],[17.037157,48.288987],[17.036656,48.288844],[17.036345,48.289206],[17.034385,48.289889],[17.034187,48.289889],[17.033177,48.28951],[17.035085,48.28893],[17.035145,48.287385],[17.03221,48.28727],[17.03202,48.286735],[17.031648,48.286781],[17.031597,48.287235],[17.032141,48.288212],[17.032684,48.288292],[17.032909,48.289464],[17.033893,48.291412]]],[[[17.03072,48.283601],[17.030181,48.28201],[17.030146,48.281771],[17.029507,48.281518],[17.030103,48.278766],[17.030578,48.278806],[17.031044,48.277002],[17.031376,48.276505],[17.032689,48.276695],[17.033371,48.276132],[17.036281,48.2762],[17.039354,48.277396],[17.038905,48.278016],[17.039035,48.278154],[17.038819,48.278482],[17.042186,48.279292],[17.042229,48.277511],[17.045027,48.277677],[17.04545,48.278608],[17.049292,48.279005],[17.049456,48.277735],[17.050725,48.27774],[17.050933,48.278821],[17.049033,48.280372],[17.053126,48.280671],[17.056165,48.280384],[17.056787,48.279981],[17.057236,48.279074],[17.057736,48.278832],[17.055854,48.278269],[17.056165,48.277809],[17.058703,48.278154],[17.059144,48.278252],[17.060024,48.279631],[17.061786,48.280849],[17.062148,48.281814],[17.061734,48.281975],[17.062045,48.283078],[17.061423,48.283584],[17.060767,48.2834],[17.060767,48.281883],[17.060145,48.281493],[17.059938,48.281562],[17.059886,48.282125],[17.0598,48.282929],[17.059282,48.283952],[17.05904,48.284894],[17.059247,48.285698],[17.058747,48.286296],[17.058021,48.286595],[17.056553,48.28625],[17.055414,48.285802],[17.052046,48.283975],[17.047531,48.285411],[17.046426,48.283636],[17.044854,48.284044],[17.043464,48.282021],[17.043231,48.281383],[17.034372,48.28028],[17.034217,48.280648],[17.033302,48.280625],[17.033181,48.28105],[17.033544,48.282958],[17.03072,48.283601]]]]}},{"type":"Feature","properties":{"kind":"okrsok","area":"yes","src":"flourish-2023","okrsok":"3","mcnorm":"stupava","obec":"Stupava","name":"Stupava okrsok 3","volici":"1107","ucast_rel":"67.2","vitaz":"PS"},"geometry":{"type":"MultiPolygon","coordinates":[[[[17.03233,48.273709],[17.029783,48.273916],[17.029537,48.272856],[17.031074,48.27262],[17.03075,48.271632],[17.031407,48.271574],[17.031277,48.270931],[17.031536,48.270908],[17.03151,48.270241],[17.032684,48.270264],[17.033531,48.270359],[17.033816,48.270316],[17.034057,48.270212],[17.034226,48.270273],[17.035098,48.270362],[17.035141,48.270503],[17.035542,48.270419],[17.038115,48.270172],[17.038418,48.270106],[17.038629,48.270204],[17.039005,48.270284],[17.039894,48.270422],[17.039842,48.270003],[17.040809,48.269951],[17.040921,48.270692],[17.044366,48.270474],[17.045541,48.269922],[17.045705,48.27025],[17.047112,48.270928],[17.046724,48.271181],[17.046482,48.271957],[17.04637,48.273094],[17.043917,48.273129],[17.043909,48.273267],[17.043123,48.273301],[17.043089,48.273089],[17.042605,48.2731],[17.042268,48.273301],[17.042432,48.273462],[17.042165,48.273566],[17.042035,48.273405],[17.041362,48.273652],[17.040697,48.27375],[17.040412,48.273658],[17.039937,48.273652],[17.038918,48.273842],[17.039108,48.274646],[17.038538,48.274715],[17.038478,48.274502],[17.038573,48.273979],[17.037735,48.274347],[17.037787,48.274635],[17.037304,48.274922],[17.037088,48.275272],[17.035836,48.275054],[17.034709,48.274474],[17.033729,48.273652],[17.03379,48.27337],[17.034027,48.272982],[17.033574,48.272908],[17.032365,48.27304],[17.032456,48.273505],[17.03233,48.273709]]],[[[17.039169,48.275784],[17.039264,48.275928],[17.039497,48.276008],[17.040188,48.275928],[17.040274,48.275801],[17.039747,48.275462],[17.039169,48.275784]]],[[[17.040641,48.275045],[17.0403,48.27481],[17.040744,48.274399],[17.041107,48.274706],[17.040641,48.275045]]],[[[17.031907,48.274899],[17.031234,48.274669],[17.030992,48.274635],[17.030785,48.274859],[17.030604,48.27502],[17.030172,48.275094],[17.030034,48.275152],[17.029991,48.27541],[17.029654,48.275433],[17.029369,48.275548],[17.029283,48.275732],[17.02898,48.275836],[17.028825,48.276025],[17.028877,48.276324],[17.031044,48.277002],[17.031376,48.276505],[17.032689,48.276695],[17.033371,48.276132],[17.032594,48.275723],[17.032599,48.2755],[17.031899,48.275378],[17.031907,48.274899]]]]}},{"type":"Feature","properties":{"kind":"okrsok","area":"yes","src":"flourish-2023","okrsok":"4","mcnorm":"stupava","obec":"Stupava","name":"Stupava okrsok 4","volici":"957","ucast_rel":"74.29","vitaz":"PS"},"geometry":{"type":"MultiPolygon","coordinates":[[[[17.030491,48.268666],[17.028717,48.268962],[17.02892,48.269534],[17.028385,48.269618],[17.028652,48.270388],[17.029153,48.27031],[17.029326,48.270776],[17.031148,48.27046],[17.031277,48.270931],[17.031407,48.271574],[17.03075,48.271632],[17.031074,48.27262],[17.029537,48.272856],[17.029783,48.273916],[17.029844,48.274163],[17.028367,48.274396],[17.02838,48.274166],[17.027517,48.27416],[17.027543,48.274683],[17.027176,48.274899],[17.027124,48.274614],[17.027077,48.274413],[17.026865,48.274433],[17.026572,48.272977],[17.027059,48.272945],[17.027124,48.272675],[17.026347,48.272566],[17.026205,48.271638],[17.025566,48.271345],[17.025488,48.271235],[17.025453,48.271057],[17.025022,48.270977],[17.025108,48.27085],[17.026123,48.270695],[17.0257,48.269554],[17.026054,48.269508],[17.026239,48.269534],[17.02658,48.269356],[17.026347,48.268632],[17.026235,48.268592],[17.026157,48.268333],[17.028393,48.267925],[17.028557,48.268448],[17.029568,48.268281],[17.029706,48.268626],[17.030414,48.268511],[17.030491,48.268666]]]]}},{"type":"Feature","properties":{"kind":"okrsok","area":"yes","src":"flourish-2023","okrsok":"5","mcnorm":"stupava","obec":"Stupava","name":"Stupava okrsok 5","volici":"1110","ucast_rel":"81.08","vitaz":"PS"},"geometry":{"type":"MultiPolygon","coordinates":[[[[17.022557,48.275178],[17.022492,48.272982],[17.022155,48.272988],[17.022121,48.272563],[17.02118,48.272569],[17.02111,48.271051],[17.021041,48.270718],[17.020782,48.270304],[17.022526,48.270126],[17.022267,48.26908],[17.02497,48.268678],[17.024884,48.268586],[17.026157,48.268333],[17.026235,48.268592],[17.026347,48.268632],[17.02658,48.269356],[17.026239,48.269534],[17.026054,48.269508],[17.0257,48.269554],[17.026123,48.270695],[17.025108,48.27085],[17.025022,48.270977],[17.025453,48.271057],[17.025488,48.271235],[17.025566,48.271345],[17.026205,48.271638],[17.026347,48.272566],[17.027124,48.272675],[17.027059,48.272945],[17.026572,48.272977],[17.026865,48.274433],[17.027077,48.274413],[17.027124,48.274614],[17.026416,48.274718],[17.026442,48.274839],[17.026002,48.27489],[17.025872,48.274494],[17.024361,48.274678],[17.024525,48.275229],[17.023593,48.275344],[17.023515,48.27504],[17.022557,48.275178]]]]}},{"type":"Feature","properties":{"kind":"okrsok","area":"yes","src":"flourish-2023","okrsok":"6","mcnorm":"stupava","obec":"Stupava","name":"Stupava okrsok 6","volici":"1182","ucast_rel":"77.91","vitaz":"PS"},"geometry":{"type":"MultiPolygon","coordinates":[[[[17.031536,48.270908],[17.031277,48.270931],[17.031148,48.27046],[17.029326,48.270776],[17.029153,48.27031],[17.028652,48.270388],[17.028385,48.269618],[17.02892,48.269534],[17.028717,48.268962],[17.030491,48.268666],[17.030414,48.268511],[17.029706,48.268626],[17.029568,48.268281],[17.028557,48.268448],[17.028393,48.267925],[17.030147,48.267544],[17.02998,48.267224],[17.030471,48.267112],[17.030576,48.267258],[17.031789,48.267286],[17.032416,48.267091],[17.033984,48.267154],[17.034298,48.266903],[17.036023,48.26714],[17.036609,48.266333],[17.037634,48.264662],[17.038146,48.263416],[17.03961,48.263047],[17.040425,48.264634],[17.040059,48.264718],[17.039317,48.264481],[17.038585,48.265637],[17.040948,48.266145],[17.041188,48.266068],[17.041418,48.265957],[17.041973,48.266186],[17.042349,48.266075],[17.043374,48.26698],[17.043165,48.267189],[17.043876,48.267801],[17.042433,48.26794],[17.042286,48.268288],[17.044252,48.268441],[17.045541,48.269922],[17.044366,48.270474],[17.040921,48.270692],[17.040809,48.269951],[17.039842,48.270003],[17.039894,48.270422],[17.038629,48.270204],[17.038418,48.270106],[17.038115,48.270172],[17.035542,48.270419],[17.035141,48.270503],[17.035098,48.270362],[17.034226,48.270273],[17.034057,48.270212],[17.033816,48.270316],[17.033531,48.270359],[17.032684,48.270264],[17.03151,48.270241],[17.031536,48.270908]]],[[[17.054224,48.264302],[17.052928,48.263049],[17.051798,48.26369],[17.050753,48.263355],[17.048871,48.264107],[17.047156,48.263745],[17.048473,48.262896],[17.048222,48.262395],[17.048473,48.262339],[17.04885,48.262799],[17.050669,48.261434],[17.049874,48.26039],[17.048808,48.260474],[17.048432,48.259193],[17.051819,48.258204],[17.052091,48.258775],[17.053555,48.258956],[17.053743,48.258455],[17.055165,48.258664],[17.054454,48.259611],[17.054789,48.26007],[17.05688,48.259986],[17.057026,48.260599],[17.060205,48.260752],[17.061522,48.261072],[17.061648,48.263077],[17.058908,48.263968],[17.057005,48.264218],[17.054224,48.264302]]]]}},{"type":"Feature","properties":{"kind":"okrsok","area":"yes","src":"flourish-2023","okrsok":"7","mcnorm":"stupava","obec":"Stupava","name":"Stupava okrsok 7","volici":"1066","ucast_rel":"84.14","vitaz":"PS"},"geometry":{"type":"MultiPolygon","coordinates":[[[[17.02111,48.271051],[17.019692,48.27105],[17.019765,48.274745],[17.016377,48.274801],[17.015143,48.274961],[17.014715,48.274835],[17.014349,48.274153],[17.012247,48.274174],[17.012247,48.273221],[17.012592,48.273214],[17.012519,48.271425],[17.012007,48.271432],[17.011954,48.27011],[17.011557,48.27011],[17.011536,48.269811],[17.016032,48.269616],[17.01622,48.26931],[17.01622,48.267277],[17.020152,48.266985],[17.021176,48.267013],[17.021595,48.267361],[17.022494,48.267528],[17.023121,48.268001],[17.023636,48.268876],[17.022267,48.26908],[17.022526,48.270126],[17.020782,48.270304],[17.021041,48.270718],[17.02111,48.271051]]],[[[16.964095,48.264112],[16.965469,48.264765],[16.978852,48.265336],[16.981528,48.265475],[16.986652,48.265698],[16.988241,48.265517],[16.990583,48.265127],[16.992925,48.265419],[16.998446,48.266783],[16.998738,48.266421],[16.995999,48.26592],[16.992507,48.265015],[16.992381,48.264848],[16.990583,48.2645],[16.989182,48.264765],[16.988638,48.264974],[16.987321,48.265447],[16.984393,48.265336],[16.967037,48.264473],[16.966012,48.264069],[16.966226,48.263761],[16.964095,48.264112]]],[[[16.972348,48.275343],[16.972139,48.273367],[16.97469,48.272699],[16.975527,48.274341],[16.972348,48.275343]]],[[[16.9616,48.274425],[16.961286,48.2732],[16.964235,48.2732],[16.964548,48.273868],[16.9616,48.274425]]]]}},{"type":"Feature","properties":{"kind":"okrsok","area":"yes","src":"flourish-2023","okrsok":"8","mcnorm":"stupava","obec":"Stupava","name":"Stupava okrsok 8","volici":"1095","ucast_rel":"79.36","vitaz":"PS"},"geometry":{"type":"MultiPolygon","coordinates":[[[[17.023636,48.268876],[17.023121,48.268001],[17.022494,48.267528],[17.021595,48.267361],[17.021176,48.267013],[17.024919,48.265015],[17.024689,48.264654],[17.025338,48.263999],[17.025202,48.263846],[17.025395,48.263385],[17.022797,48.262987],[17.022525,48.262906],[17.022666,48.262513],[17.026007,48.263063],[17.026033,48.262638],[17.028281,48.262618],[17.028501,48.259771],[17.028114,48.259576],[17.02848,48.259214],[17.026984,48.258156],[17.027099,48.257655],[17.027329,48.257446],[17.028793,48.257877],[17.028825,48.257279],[17.029536,48.257299],[17.029525,48.257801],[17.030383,48.257745],[17.03055,48.258044],[17.031752,48.260683],[17.0324,48.262297],[17.031794,48.26575],[17.030707,48.265513],[17.030529,48.266063],[17.030947,48.266126],[17.030863,48.266383],[17.030403,48.266348],[17.030388,48.266776],[17.030471,48.267112],[17.02998,48.267224],[17.030147,48.267544],[17.028393,48.267925],[17.026157,48.268333],[17.024884,48.268586],[17.02497,48.268678],[17.023636,48.268876]]]]}},{"type":"Feature","properties":{"kind":"okrsok","area":"yes","src":"flourish-2023","okrsok":"1","mcnorm":"hamuliakovo","obec":"Hamuliakovo","name":"Hamuliakovo okrsok 1","volici":"1128","ucast_rel":"74.64","vitaz":"PS"},"geometry":{"type":"MultiPolygon","coordinates":[[[[17.238476,48.049811],[17.240024,48.049811],[17.242847,48.049532],[17.242031,48.048259],[17.240881,48.047784],[17.239585,48.047938],[17.238476,48.049811]]],[[[17.250432,48.040623],[17.25199,48.040357],[17.251697,48.04],[17.253872,48.037749],[17.255137,48.037365],[17.256444,48.037169],[17.25645,48.037064],[17.257056,48.037075],[17.257082,48.036795],[17.257788,48.036774],[17.257804,48.037047],[17.258096,48.037026],[17.258112,48.03668],[17.255384,48.036822],[17.255367,48.036078],[17.255597,48.035855],[17.256172,48.035876],[17.256821,48.035233],[17.256632,48.035037],[17.255765,48.03489],[17.252565,48.034974],[17.250045,48.034366],[17.249889,48.03424],[17.24947,48.034387],[17.249533,48.034484],[17.248676,48.03482],[17.246417,48.036645],[17.245748,48.037875],[17.244525,48.039553],[17.244107,48.038889],[17.242758,48.041986],[17.24017,48.046792],[17.245131,48.046061],[17.245163,48.046257],[17.245748,48.046201],[17.245288,48.046774],[17.244044,48.047683],[17.244222,48.047774],[17.246145,48.046313],[17.247379,48.044516],[17.247892,48.042203],[17.247766,48.041287],[17.250317,48.040434],[17.250432,48.040623]]],[[[17.245204,48.05029],[17.244765,48.049074],[17.254594,48.047997],[17.254688,48.048675],[17.252377,48.048941],[17.252367,48.049521],[17.245204,48.05029]]],[[[17.252304,48.042203],[17.252314,48.041881],[17.254897,48.041636],[17.254918,48.041888],[17.252304,48.042203]]]]}},{"type":"Feature","properties":{"kind":"okrsok","area":"yes","src":"flourish-2023","okrsok":"1","mcnorm":"hamuliakovo","obec":"Hamuliakovo","name":"Hamuliakovo okrsok 1","volici":"1128","ucast_rel":"74.64","vitaz":"PS"},"geometry":{"type":"MultiPolygon","coordinates":[[[[17.252367,48.049521],[17.254967,48.049238],[17.254967,48.049109],[17.254764,48.048892],[17.254688,48.048675],[17.252377,48.048941],[17.252367,48.049521]]],[[[17.247183,48.04646],[17.252469,48.045837],[17.252333,48.044649],[17.250074,48.044894],[17.250116,48.044621],[17.247648,48.044845],[17.247183,48.04646]]],[[[17.25199,48.040357],[17.252249,48.040825],[17.254897,48.041636],[17.254918,48.041888],[17.256473,48.042105],[17.256682,48.042007],[17.258083,48.04056],[17.260498,48.04128],[17.262391,48.039431],[17.262135,48.039354],[17.265005,48.036453],[17.264524,48.036467],[17.261722,48.039228],[17.259129,48.038445],[17.259056,48.037977],[17.25801,48.03769],[17.258533,48.03711],[17.258862,48.037229],[17.259124,48.036889],[17.258538,48.036662],[17.258112,48.03668],[17.258096,48.037026],[17.257804,48.037047],[17.257788,48.036774],[17.257082,48.036795],[17.257056,48.037075],[17.25645,48.037064],[17.256444,48.037169],[17.255137,48.037365],[17.253872,48.037749],[17.251697,48.04],[17.25199,48.040357]]],[[[17.259249,48.036439],[17.259866,48.035802],[17.261602,48.035739],[17.263128,48.034208],[17.264655,48.03332],[17.266411,48.032474],[17.267101,48.03174],[17.268032,48.029803],[17.268387,48.029887],[17.269469,48.02888],[17.269469,48.02888],[17.270761,48.030122],[17.26501,48.036127],[17.26455,48.03575],[17.262083,48.035834],[17.260974,48.036379],[17.259249,48.036439]]]]}},{"type":"Feature","properties":{"kind":"okrsok","area":"yes","src":"flourish-2023","okrsok":"1","mcnorm":"tomasov","obec":"Tomášov","name":"Tomášov okrsok 1","volici":"1121","ucast_rel":"69.04","vitaz":"PS"},"geometry":{"type":"MultiPolygon","coordinates":[[[[17.324249,48.139418],[17.324511,48.138825],[17.325305,48.137981],[17.326675,48.136892],[17.327062,48.136843],[17.327606,48.136864],[17.330104,48.137276],[17.332081,48.136481],[17.331924,48.136264],[17.332687,48.135929],[17.334119,48.137304],[17.334339,48.137248],[17.335123,48.13766],[17.334475,48.138323],[17.335311,48.13909],[17.33598,48.138888],[17.336169,48.139034],[17.3355,48.139491],[17.335939,48.139763],[17.335625,48.140196],[17.336022,48.140615],[17.33573,48.14074],[17.336001,48.141215],[17.33575,48.141326],[17.336211,48.141543],[17.335803,48.141773],[17.335259,48.142184],[17.335405,48.142436],[17.334862,48.142589],[17.334621,48.142254],[17.333774,48.142533],[17.334318,48.143294],[17.333868,48.143419],[17.335019,48.145115],[17.336106,48.145136],[17.337016,48.145624],[17.335949,48.146329],[17.334862,48.146426],[17.334789,48.14607],[17.332624,48.146503],[17.332321,48.145966],[17.332446,48.14547],[17.331715,48.145401],[17.332446,48.143147],[17.333335,48.14275],[17.333889,48.141857],[17.332896,48.14148],[17.332258,48.141557],[17.332656,48.142108],[17.330962,48.142631],[17.331568,48.143489],[17.329697,48.144298],[17.328149,48.141766],[17.325671,48.141515],[17.325493,48.141068],[17.325692,48.140238],[17.324897,48.140133],[17.325044,48.139533],[17.324249,48.139418]]],[[[17.370808,48.143161],[17.369752,48.142464],[17.369554,48.141605],[17.371258,48.14134],[17.371739,48.141912],[17.373265,48.141487],[17.374227,48.141305],[17.3752,48.141347],[17.375032,48.141884],[17.372209,48.142317],[17.370808,48.143161]]]]}},{"type":"Feature","properties":{"kind":"okrsok","area":"yes","src":"flourish-2023","okrsok":"1","mcnorm":"tomasov","obec":"Tomášov","name":"Tomášov okrsok 1","volici":"1121","ucast_rel":"69.04","vitaz":"PS"},"geometry":{"type":"MultiPolygon","coordinates":[[[[17.347409,48.157399],[17.348329,48.157134],[17.347022,48.155481],[17.350263,48.154762],[17.349573,48.153297],[17.345035,48.154386],[17.343833,48.153444],[17.34262,48.15389],[17.344146,48.154985],[17.344502,48.154818],[17.34583,48.155955],[17.346854,48.156722],[17.347409,48.157399]]],[[[17.340445,48.153123],[17.341051,48.153353],[17.339818,48.154281],[17.339054,48.154679],[17.338689,48.155041],[17.336624,48.155976],[17.334841,48.157277],[17.333628,48.158414],[17.331275,48.157674],[17.331955,48.156809],[17.329728,48.156231],[17.330063,48.155707],[17.329759,48.155638],[17.330115,48.154717],[17.331422,48.154933],[17.331871,48.15388],[17.334768,48.154703],[17.334768,48.154703],[17.335207,48.155261],[17.338783,48.153894],[17.339933,48.153859],[17.340445,48.153123]]],[[[17.336241,48.146136],[17.336775,48.147106],[17.337863,48.148878],[17.339619,48.151055],[17.340476,48.150706],[17.338385,48.147665],[17.338908,48.147511],[17.339138,48.147776],[17.340832,48.147755],[17.340884,48.146911],[17.341512,48.14689],[17.341459,48.144958],[17.340926,48.144965],[17.341166,48.144302],[17.341585,48.144316],[17.341637,48.144072],[17.341308,48.144065],[17.341647,48.143252],[17.342808,48.143022],[17.341883,48.142544],[17.341245,48.141909],[17.342933,48.140538],[17.342322,48.140186],[17.340905,48.141305],[17.339812,48.140723],[17.337836,48.14133],[17.336854,48.139983],[17.337418,48.139823],[17.337711,48.140151],[17.338955,48.13962],[17.338004,48.139041],[17.337439,48.138965],[17.336665,48.139104],[17.336425,48.139244],[17.336169,48.139034],[17.3355,48.139491],[17.335939,48.139763],[17.335625,48.140196],[17.336022,48.140615],[17.33573,48.14074],[17.336001,48.141215],[17.33575,48.141326],[17.336211,48.141543],[17.335259,48.142184],[17.335405,48.142436],[17.334862,48.142589],[17.334621,48.142254],[17.333774,48.142533],[17.334318,48.143294],[17.333868,48.143419],[17.335019,48.145115],[17.336106,48.145136],[17.337016,48.145624],[17.336241,48.146136]]]]}},{"type":"Feature","properties":{"kind":"okrsok","area":"yes","src":"flourish-2023","okrsok":"1","mcnorm":"bernolakovo","obec":"Bernolákovo","name":"Bernolákovo okrsok 1","volici":"1065","ucast_rel":"80","vitaz":"PS"},"geometry":{"type":"MultiPolygon","coordinates":[[[[17.31246,48.19982],[17.317047,48.200561],[17.316705,48.20122],[17.312732,48.202105],[17.308299,48.203666],[17.303134,48.205018],[17.299725,48.205645],[17.295256,48.206259],[17.296699,48.203813],[17.297953,48.201457],[17.298371,48.200454],[17.298769,48.199907],[17.299877,48.200102],[17.300097,48.199565],[17.300515,48.199628],[17.300776,48.198952],[17.302792,48.198224],[17.309329,48.199684],[17.31246,48.19982]]]]}},{"type":"Feature","properties":{"kind":"okrsok","area":"yes","src":"flourish-2023","okrsok":"2","mcnorm":"bernolakovo","obec":"Bernolákovo","name":"Bernolákovo okrsok 2","volici":"918","ucast_rel":"80.5","vitaz":"PS"},"geometry":{"type":"MultiPolygon","coordinates":[[[[17.31246,48.19982],[17.317047,48.200561],[17.317547,48.199565],[17.318687,48.199746],[17.318833,48.199461],[17.318849,48.198715],[17.318436,48.19876],[17.31784,48.198659],[17.317746,48.198889],[17.316664,48.198673],[17.31521,48.196596],[17.316726,48.196255],[17.315728,48.194505],[17.315315,48.194593],[17.315074,48.194275],[17.313715,48.194683],[17.31199,48.194955],[17.31062,48.195241],[17.309282,48.195408],[17.308414,48.195603],[17.307996,48.195805],[17.30787,48.195645],[17.30694,48.196105],[17.306156,48.196321],[17.305398,48.196366],[17.305476,48.196722],[17.305215,48.196861],[17.305351,48.197035],[17.305345,48.197356],[17.304483,48.197426],[17.304284,48.197234],[17.303035,48.197783],[17.302792,48.198224],[17.309329,48.199684],[17.31246,48.19982]]],[[[17.320109,48.198074],[17.319753,48.197495],[17.319335,48.197579],[17.317233,48.194227],[17.31944,48.193641],[17.322095,48.197781],[17.320109,48.198074]]],[[[17.296667,48.192697],[17.297185,48.192568],[17.297227,48.192641],[17.298805,48.192104],[17.29879,48.191815],[17.299422,48.191595],[17.299569,48.191773],[17.299861,48.191655],[17.299516,48.191177],[17.299109,48.191331],[17.299218,48.191463],[17.298837,48.191602],[17.298696,48.191418],[17.296719,48.192125],[17.296892,48.192348],[17.296484,48.192488],[17.296667,48.192697]]]]}},{"type":"Feature","properties":{"kind":"okrsok","area":"yes","src":"flourish-2023","okrsok":"3","mcnorm":"bernolakovo","obec":"Bernolákovo","name":"Bernolákovo okrsok 3","volici":"906","ucast_rel":"64.23","vitaz":"Smer"},"geometry":{"type":"MultiPolygon","coordinates":[[[[17.288214,48.201617],[17.289773,48.201473],[17.291923,48.201352],[17.293721,48.201215],[17.293937,48.200934],[17.293852,48.200555],[17.294273,48.200529],[17.294432,48.200995],[17.296782,48.200915],[17.296776,48.201063],[17.298072,48.201172],[17.298371,48.200454],[17.298769,48.199907],[17.299877,48.200102],[17.300097,48.199565],[17.300515,48.199628],[17.300776,48.198952],[17.302792,48.198224],[17.303035,48.197783],[17.304284,48.197234],[17.304483,48.197426],[17.305345,48.197356],[17.305351,48.197035],[17.305215,48.196861],[17.305476,48.196722],[17.30469,48.196664],[17.303922,48.196546],[17.303694,48.196967],[17.302039,48.197289],[17.296304,48.196455],[17.295121,48.197335],[17.294961,48.197889],[17.29421,48.197889],[17.294188,48.197517],[17.293892,48.196849],[17.294244,48.196789],[17.29404,48.196235],[17.292902,48.196083],[17.292435,48.196569],[17.293732,48.197267],[17.293482,48.197593],[17.292208,48.197547],[17.290364,48.197775],[17.288567,48.198154],[17.286883,48.199292],[17.286541,48.199876],[17.286962,48.200012],[17.286428,48.200858],[17.286627,48.200945],[17.287395,48.200262],[17.288089,48.199508],[17.28954,48.199034],[17.290501,48.198886],[17.290979,48.199242],[17.291457,48.199106],[17.291241,48.198628],[17.293209,48.198643],[17.293801,48.198946],[17.294472,48.200061],[17.294438,48.200338],[17.293943,48.200452],[17.293653,48.200039],[17.292873,48.200031],[17.291775,48.199834],[17.290512,48.200137],[17.290626,48.200615],[17.288749,48.200846],[17.288897,48.201134],[17.288134,48.201248],[17.288214,48.201617]]]]}},{"type":"Feature","properties":{"kind":"okrsok","area":"yes","src":"flourish-2023","okrsok":"4","mcnorm":"bernolakovo","obec":"Bernolákovo","name":"Bernolákovo okrsok 4","volici":"1036","ucast_rel":"84.07","vitaz":"PS"},"geometry":{"type":"MultiPolygon","coordinates":[[[[17.31521,48.196596],[17.316726,48.196255],[17.317775,48.197843],[17.319335,48.197579],[17.319753,48.197495],[17.320109,48.198074],[17.322095,48.197781],[17.32269,48.197699],[17.322997,48.200331],[17.318687,48.199746],[17.318833,48.199461],[17.318849,48.198715],[17.318436,48.19876],[17.31784,48.198659],[17.317746,48.198889],[17.316664,48.198673],[17.31521,48.196596]]],[[[17.324385,48.200444],[17.324089,48.197487],[17.326923,48.197054],[17.327264,48.200801],[17.324385,48.200444]]],[[[17.330404,48.201241],[17.329949,48.196956],[17.334444,48.197676],[17.333636,48.195363],[17.333078,48.195484],[17.331281,48.192731],[17.330928,48.19195],[17.330256,48.191419],[17.331406,48.190099],[17.334136,48.187838],[17.334614,48.188172],[17.335138,48.189416],[17.335411,48.190569],[17.336708,48.192465],[17.337789,48.194089],[17.335092,48.194946],[17.335331,48.197843],[17.334956,48.19782],[17.335479,48.202029],[17.330404,48.201241]]]]}},{"type":"Feature","properties":{"kind":"okrsok","area":"yes","src":"flourish-2023","okrsok":"5","mcnorm":"bernolakovo","obec":"Bernolákovo","name":"Bernolákovo okrsok 5","volici":"916","ucast_rel":"71.94","vitaz":"PS"},"geometry":{"type":"MultiPolygon","coordinates":[[[[17.295256,48.206259],[17.296699,48.203813],[17.297953,48.201457],[17.298072,48.201172],[17.296776,48.201063],[17.296782,48.200915],[17.294432,48.200995],[17.294273,48.200529],[17.293852,48.200555],[17.293937,48.200934],[17.293721,48.201215],[17.291923,48.201352],[17.289773,48.201473],[17.289001,48.201544],[17.289107,48.201923],[17.28909,48.202283],[17.288589,48.202465],[17.288373,48.202678],[17.288254,48.203],[17.289187,48.20292],[17.289289,48.20358],[17.290598,48.203497],[17.291087,48.206856],[17.295256,48.206259]]],[[[17.288749,48.200846],[17.290626,48.200615],[17.290512,48.200137],[17.291775,48.199834],[17.292873,48.200031],[17.293653,48.200039],[17.293943,48.200452],[17.294438,48.200338],[17.294472,48.200061],[17.293801,48.198946],[17.293209,48.198643],[17.291241,48.198628],[17.291457,48.199106],[17.290979,48.199242],[17.290501,48.198886],[17.28954,48.199034],[17.288089,48.199508],[17.287395,48.200262],[17.288749,48.200846]]]]}},{"type":"Feature","properties":{"kind":"okrsok","area":"yes","src":"flourish-2023","okrsok":"6","mcnorm":"bernolakovo","obec":"Bernolákovo","name":"Bernolákovo okrsok 6","volici":"1164","ucast_rel":"78.86","vitaz":"PS"},"geometry":{"type":"MultiPolygon","coordinates":[[[[17.292902,48.196083],[17.29404,48.196235],[17.294244,48.196789],[17.293892,48.196849],[17.294188,48.197517],[17.29421,48.197889],[17.294961,48.197889],[17.295121,48.197335],[17.296304,48.196455],[17.302039,48.197289],[17.303694,48.196967],[17.303922,48.196546],[17.30469,48.196664],[17.305476,48.196722],[17.305398,48.196366],[17.306156,48.196321],[17.30694,48.196105],[17.30787,48.195645],[17.303043,48.190281],[17.301814,48.190679],[17.297831,48.186181],[17.295852,48.186894],[17.299516,48.191177],[17.299861,48.191655],[17.299569,48.191773],[17.299422,48.191595],[17.29879,48.191815],[17.298805,48.192104],[17.297227,48.192641],[17.297185,48.192568],[17.296667,48.192697],[17.296484,48.192488],[17.296301,48.192574],[17.295678,48.191859],[17.295502,48.191923],[17.293374,48.190634],[17.292401,48.190964],[17.291986,48.190933],[17.291832,48.190634],[17.29161,48.190383],[17.289306,48.190615],[17.289357,48.190842],[17.288976,48.190892],[17.289175,48.191127],[17.288259,48.191263],[17.288163,48.190926],[17.286655,48.191123],[17.286786,48.191438],[17.284397,48.191752],[17.28137,48.192397],[17.279914,48.192814],[17.279527,48.192852],[17.280039,48.193861],[17.282075,48.194066],[17.287161,48.194908],[17.287321,48.194536],[17.286524,48.191601],[17.291383,48.190903],[17.291713,48.191874],[17.291132,48.191957],[17.291838,48.193891],[17.290245,48.194187],[17.290746,48.195059],[17.292202,48.19534],[17.292902,48.196083]]]]}},{"type":"Feature","properties":{"kind":"okrsok","area":"yes","src":"flourish-2023","okrsok":"7","mcnorm":"bernolakovo","obec":"Bernolákovo","name":"Bernolákovo okrsok 7","volici":"1087","ucast_rel":"85.18","vitaz":"PS"},"geometry":{"type":"MultiPolygon","coordinates":[[[[17.28354,48.191935],[17.282667,48.190865],[17.285523,48.190417],[17.283822,48.188487],[17.284607,48.187641],[17.284823,48.187277],[17.284823,48.186905],[17.285057,48.186367],[17.286416,48.184906],[17.287139,48.185054],[17.287395,48.185748],[17.287901,48.185953],[17.288436,48.186848],[17.289289,48.186742],[17.289824,48.187387],[17.292304,48.186537],[17.293385,48.187797],[17.295852,48.186894],[17.299516,48.191177],[17.299109,48.191331],[17.299218,48.191463],[17.298837,48.191602],[17.298696,48.191418],[17.296719,48.192125],[17.296892,48.192348],[17.296484,48.192488],[17.296301,48.192574],[17.295678,48.191859],[17.295502,48.191923],[17.293374,48.190634],[17.292401,48.190964],[17.291986,48.190933],[17.291832,48.190634],[17.29161,48.190383],[17.289306,48.190615],[17.289357,48.190842],[17.288976,48.190892],[17.289175,48.191127],[17.288259,48.191263],[17.288163,48.190926],[17.286655,48.191123],[17.286786,48.191438],[17.284397,48.191752],[17.28354,48.191935]]]]}},{"type":"Feature","properties":{"kind":"okrsok","area":"yes","src":"flourish-2023","okrsok":"1","mcnorm":"svatyjur","obec":"Svätý Jur","name":"Svätý Jur okrsok 1","volici":"1004","ucast_rel":"69.82","vitaz":"PS"},"geometry":{"type":"MultiPolygon","coordinates":[[[[17.210031,48.256663],[17.20996,48.256713],[17.210168,48.257024],[17.210545,48.256961],[17.210731,48.25725],[17.211306,48.257103],[17.211516,48.257447],[17.208956,48.258061],[17.208535,48.257656],[17.20808,48.257777],[17.207779,48.257447],[17.207335,48.257599],[17.207687,48.258],[17.207056,48.2585],[17.205634,48.259118],[17.205969,48.259515],[17.202988,48.260708],[17.202237,48.261307],[17.201282,48.262594],[17.200974,48.262504],[17.200679,48.262966],[17.199313,48.262761],[17.199245,48.262117],[17.198357,48.262148],[17.196878,48.262761],[17.196241,48.26289],[17.196981,48.263715],[17.194238,48.26467],[17.19351,48.263231],[17.19722,48.262155],[17.198721,48.261685],[17.20007,48.261625],[17.200457,48.261549],[17.200832,48.261401],[17.200656,48.261182],[17.201429,48.26086],[17.20094,48.26039],[17.201486,48.260235],[17.201816,48.260481],[17.202823,48.259871],[17.203125,48.259504],[17.200371,48.259856],[17.199865,48.258099],[17.196844,48.259322],[17.196287,48.258678],[17.197652,48.257784],[17.197493,48.257307],[17.196469,48.257383],[17.195376,48.257406],[17.195331,48.257042],[17.196082,48.256504],[17.197015,48.2558],[17.197857,48.256156],[17.198995,48.256959],[17.200178,48.25664],[17.201213,48.257496],[17.202454,48.257186],[17.203455,48.256822],[17.204456,48.256656],[17.204627,48.256292],[17.205093,48.256148],[17.205867,48.25633],[17.206015,48.256523],[17.207039,48.257046],[17.208495,48.25633],[17.208171,48.256027],[17.208643,48.2558],[17.208285,48.255413],[17.208547,48.255193],[17.209081,48.255428],[17.210219,48.254523],[17.211027,48.255017],[17.211073,48.254993],[17.211587,48.255406],[17.210242,48.256144],[17.209713,48.256347],[17.210031,48.256663]]],[[[17.144317,48.249022],[17.143833,48.24858],[17.144194,48.248408],[17.144703,48.248827],[17.144317,48.249022]]],[[[17.202183,48.266347],[17.202013,48.2659],[17.20315,48.265544],[17.202911,48.264764],[17.202161,48.264233],[17.202206,48.264082],[17.205005,48.264332],[17.205449,48.264976],[17.203298,48.265998],[17.205176,48.267233],[17.204539,48.267392],[17.202183,48.266347]]],[[[17.206143,48.26387],[17.205369,48.262938],[17.20587,48.262173],[17.208908,48.261567],[17.20934,48.262393],[17.206143,48.26387]]],[[[17.20587,48.261393],[17.205528,48.260567],[17.206769,48.260204],[17.206894,48.261067],[17.20587,48.261393]]],[[[17.208066,48.259666],[17.207895,48.259355],[17.210353,48.258567],[17.210558,48.258908],[17.208066,48.259666]]],[[[17.211991,48.259393],[17.211809,48.259083],[17.212344,48.258916],[17.212515,48.259226],[17.211991,48.259393]]],[[[17.21561,48.258647],[17.21495,48.25767],[17.215757,48.257564],[17.216531,48.258548],[17.21561,48.258647]]],[[[17.211934,48.2622],[17.2119,48.261957],[17.212213,48.261942],[17.212173,48.262169],[17.211934,48.2622]]],[[[17.214301,48.262101],[17.214,48.261469],[17.214284,48.261393],[17.214659,48.261957],[17.214301,48.262101]]],[[[17.215593,48.260772],[17.215445,48.260446],[17.21582,48.260317],[17.215957,48.260658],[17.215593,48.260772]]],[[[17.214842,48.253522],[17.215133,48.253711],[17.215928,48.253242],[17.216733,48.252761],[17.21621,48.252427],[17.215533,48.252753],[17.214947,48.252215],[17.214122,48.252685],[17.214557,48.253066],[17.214449,48.253132],[17.214543,48.253217],[17.214179,48.253405],[17.213689,48.252958],[17.21206,48.25373],[17.211963,48.253645],[17.211823,48.253711],[17.21194,48.253821],[17.211428,48.254126],[17.21194,48.254552],[17.211775,48.254638],[17.212361,48.255073],[17.214967,48.253865],[17.214657,48.253622],[17.214842,48.253522]]]]}},{"type":"Feature","properties":{"kind":"okrsok","area":"yes","src":"flourish-2023","okrsok":"2","mcnorm":"svatyjur","obec":"Svätý Jur","name":"Svätý Jur okrsok 2","volici":"923","ucast_rel":"78.76","vitaz":"PS"},"geometry":{"type":"MultiPolygon","coordinates":[[[[17.211192,48.250008],[17.211381,48.250063],[17.211557,48.249838],[17.211357,48.249767],[17.211593,48.249423],[17.212378,48.249037],[17.213197,48.249711],[17.21285,48.249893],[17.212236,48.251158],[17.212099,48.25112],[17.211963,48.251264],[17.211764,48.251173],[17.211661,48.251552],[17.212355,48.25181],[17.212869,48.253346],[17.21206,48.25373],[17.211963,48.253645],[17.211823,48.253711],[17.21194,48.253821],[17.211428,48.254126],[17.21194,48.254552],[17.211775,48.254638],[17.212361,48.255073],[17.214967,48.253865],[17.215416,48.254264],[17.215581,48.254196],[17.21594,48.255094],[17.216463,48.254882],[17.217214,48.254651],[17.218733,48.254344],[17.219245,48.254124],[17.220576,48.25467],[17.219381,48.256276],[17.21879,48.256511],[17.217777,48.256783],[17.218528,48.257761],[17.217959,48.25792],[17.217242,48.256897],[17.215757,48.257564],[17.21495,48.25767],[17.214432,48.257723],[17.213408,48.256177],[17.211656,48.256571],[17.211769,48.256996],[17.211306,48.257103],[17.210731,48.25725],[17.210545,48.256961],[17.210168,48.257024],[17.20996,48.256713],[17.210031,48.256663],[17.209713,48.256347],[17.210242,48.256144],[17.211587,48.255406],[17.211073,48.254993],[17.211027,48.255017],[17.210219,48.254523],[17.209081,48.255428],[17.208547,48.255193],[17.208285,48.255413],[17.208643,48.2558],[17.208171,48.256027],[17.208495,48.25633],[17.207039,48.257046],[17.206015,48.256523],[17.205867,48.25633],[17.20637,48.255829],[17.207764,48.255192],[17.207047,48.254761],[17.207798,48.253715],[17.207673,48.253677],[17.207867,48.253389],[17.209346,48.25378],[17.210159,48.251514],[17.211192,48.250008]]],[[[17.212515,48.259226],[17.212529,48.259721],[17.213303,48.260046],[17.213655,48.259789],[17.213075,48.258653],[17.212301,48.258812],[17.212344,48.258916],[17.212515,48.259226]]]]}},{"type":"Feature","properties":{"kind":"okrsok","area":"yes","src":"flourish-2023","okrsok":"3","mcnorm":"svatyjur","obec":"Svätý Jur","name":"Svätý Jur okrsok 3","volici":"859","ucast_rel":"83.35","vitaz":"PS"},"geometry":{"type":"MultiPolygon","coordinates":[[[[17.218427,48.252902],[17.218687,48.253118],[17.218863,48.253018],[17.218664,48.252805],[17.221064,48.251823],[17.22066,48.251493],[17.220945,48.25135],[17.221695,48.251884],[17.221417,48.252069],[17.222179,48.252675],[17.22235,48.252569],[17.222651,48.252816],[17.222737,48.252778],[17.222867,48.25291],[17.222446,48.253096],[17.223135,48.253607],[17.224113,48.253509],[17.224625,48.253191],[17.225103,48.253395],[17.225445,48.253531],[17.226378,48.254251],[17.224603,48.255721],[17.220576,48.25467],[17.219245,48.254124],[17.218733,48.254344],[17.217214,48.254651],[17.216951,48.25442],[17.215928,48.253242],[17.216733,48.252761],[17.21621,48.252427],[17.215533,48.252753],[17.214947,48.252215],[17.215063,48.252148],[17.214361,48.25153],[17.214472,48.251455],[17.214096,48.251135],[17.213428,48.250761],[17.21285,48.249893],[17.213197,48.249711],[17.212378,48.249037],[17.21209,48.249179],[17.211752,48.248897],[17.21165,48.248959],[17.210839,48.248065],[17.211169,48.247906],[17.209599,48.246307],[17.210168,48.24611],[17.210396,48.246322],[17.210225,48.246417],[17.210384,48.246553],[17.210504,48.246482],[17.210896,48.246826],[17.210725,48.246898],[17.212148,48.248296],[17.211842,48.248531],[17.212692,48.249158],[17.212886,48.249022],[17.213938,48.249567],[17.214614,48.25056],[17.214189,48.25073],[17.214647,48.25119],[17.215133,48.250937],[17.216755,48.252168],[17.216498,48.252293],[17.216942,48.252594],[17.217178,48.252452],[17.217491,48.252692],[17.217087,48.252971],[17.217582,48.253247],[17.218427,48.252902]]],[[[17.220058,48.251483],[17.219881,48.251345],[17.220218,48.251158],[17.220403,48.251305],[17.220058,48.251483]]]]}},{"type":"Feature","properties":{"kind":"okrsok","area":"yes","src":"flourish-2023","okrsok":"4","mcnorm":"svatyjur","obec":"Svätý Jur","name":"Svätý Jur okrsok 4","volici":"882","ucast_rel":"80.61","vitaz":"PS"},"geometry":{"type":"MultiPolygon","coordinates":[[[[17.212954,48.251949],[17.213213,48.251705],[17.213048,48.251597],[17.213855,48.251],[17.214096,48.251135],[17.214472,48.251455],[17.214361,48.25153],[17.215063,48.252148],[17.214947,48.252215],[17.214217,48.252631],[17.213441,48.251974],[17.213244,48.252152],[17.212954,48.251949]]],[[[17.217178,48.252452],[17.219252,48.251462],[17.220236,48.250814],[17.220148,48.250756],[17.220515,48.250534],[17.220279,48.250373],[17.220973,48.249941],[17.220228,48.249403],[17.219881,48.249612],[17.2193,48.249221],[17.218862,48.249464],[17.218259,48.249062],[17.218037,48.249218],[17.216086,48.247858],[17.217019,48.247138],[17.215432,48.246195],[17.21657,48.245437],[17.214931,48.244482],[17.214715,48.244649],[17.213395,48.24408],[17.212513,48.244922],[17.210351,48.24466],[17.209726,48.244857],[17.210454,48.245994],[17.210168,48.24611],[17.210396,48.246322],[17.210225,48.246417],[17.210384,48.246553],[17.210504,48.246482],[17.210896,48.246826],[17.210725,48.246898],[17.212148,48.248296],[17.211842,48.248531],[17.212692,48.249158],[17.212886,48.249022],[17.213938,48.249567],[17.214614,48.25056],[17.214189,48.25073],[17.214647,48.25119],[17.215133,48.250937],[17.216755,48.252168],[17.216498,48.252293],[17.216942,48.252594],[17.217178,48.252452]]],[[[17.205314,48.251087],[17.20528,48.250625],[17.206554,48.25061],[17.206565,48.25108],[17.205314,48.251087]]],[[[17.192422,48.253012],[17.192616,48.252504],[17.194095,48.252148],[17.194425,48.252322],[17.194163,48.253163],[17.192422,48.253012]]],[[[17.19488,48.25133],[17.194823,48.250883],[17.195449,48.250814],[17.19546,48.251261],[17.19488,48.25133]]],[[[17.207669,48.226807],[17.206497,48.225298],[17.207237,48.224995],[17.209228,48.225056],[17.210184,48.22479],[17.210593,48.225389],[17.210184,48.225564],[17.209911,48.225253],[17.207669,48.226807]]],[[[17.201627,48.235553],[17.202048,48.235258],[17.201206,48.23478],[17.200888,48.235091],[17.201627,48.235553]]],[[[17.210839,48.248065],[17.209689,48.248678],[17.208665,48.248435],[17.207641,48.247761],[17.207072,48.248155],[17.207185,48.24825],[17.206844,48.248439],[17.206395,48.247905],[17.207618,48.247185],[17.206662,48.245867],[17.208756,48.246056],[17.209599,48.246307],[17.211169,48.247906],[17.210839,48.248065]]]]}},{"type":"Feature","properties":{"kind":"okrsok","area":"yes","src":"flourish-2023","okrsok":"5","mcnorm":"svatyjur","obec":"Svätý Jur","name":"Svätý Jur okrsok 5","volici":"875","ucast_rel":"80.45","vitaz":"PS"},"geometry":{"type":"MultiPolygon","coordinates":[[[[17.209655,48.252917],[17.208912,48.252688],[17.209009,48.252536],[17.20972,48.252738],[17.209655,48.252917]]],[[[17.211192,48.250008],[17.211381,48.250063],[17.211557,48.249838],[17.211357,48.249767],[17.211593,48.249423],[17.21209,48.249179],[17.211752,48.248897],[17.21165,48.248959],[17.210839,48.248065],[17.210453,48.248271],[17.210041,48.249384],[17.209398,48.249218],[17.209319,48.249324],[17.209034,48.249237],[17.208522,48.249873],[17.20949,48.250123],[17.208955,48.251021],[17.210211,48.25144],[17.211192,48.250008]]],[[[17.211661,48.251552],[17.211764,48.251173],[17.211963,48.251264],[17.212099,48.25112],[17.212236,48.251158],[17.21285,48.249893],[17.213428,48.250761],[17.213855,48.251],[17.213048,48.251597],[17.213213,48.251705],[17.212954,48.251949],[17.213244,48.252152],[17.213441,48.251974],[17.214217,48.252631],[17.214122,48.252685],[17.214557,48.253066],[17.214449,48.253132],[17.214543,48.253217],[17.214179,48.253405],[17.213689,48.252958],[17.212869,48.253346],[17.212355,48.25181],[17.211661,48.251552]]],[[[17.214842,48.253522],[17.215133,48.253711],[17.215928,48.253242],[17.216951,48.25442],[17.217214,48.254651],[17.216463,48.254882],[17.21594,48.255094],[17.215581,48.254196],[17.215416,48.254264],[17.214967,48.253865],[17.214657,48.253622],[17.214842,48.253522]]],[[[17.218427,48.252902],[17.218687,48.253118],[17.218863,48.253018],[17.218664,48.252805],[17.221064,48.251823],[17.22066,48.251493],[17.220945,48.25135],[17.221695,48.251884],[17.221417,48.252069],[17.222179,48.252675],[17.22235,48.252569],[17.222651,48.252816],[17.222737,48.252778],[17.222867,48.25291],[17.222446,48.253096],[17.223135,48.253607],[17.224113,48.253509],[17.224625,48.253191],[17.223385,48.252326],[17.223101,48.252409],[17.220515,48.250534],[17.220148,48.250756],[17.220236,48.250814],[17.219252,48.251462],[17.217178,48.252452],[17.217491,48.252692],[17.217087,48.252971],[17.217582,48.253247],[17.218427,48.252902]],[[17.220058,48.251483],[17.219881,48.251345],[17.220218,48.251158],[17.220403,48.251305],[17.220058,48.251483]]],[[[17.218862,48.249464],[17.2193,48.249221],[17.216662,48.247413],[17.216086,48.247858],[17.218037,48.249218],[17.218259,48.249062],[17.218862,48.249464]]]]}}]}